사고번호,사고일시,요일,시군구,사고내용,사망자수,중상자수,경상자수,부상신고자수,사고유형,법규위반,노면상태,기상상태,도로형태,가해운전자 차종,가해운전자 성별,가해운전자 연령,가해운전자 상해정도,피해운전자 차종,피해운전자 성별,피해운전자 연령,피해운전자 상해정도
2017010700100568,2017년 1월 7일 23시,토요일,광주광역시 북구 양산동,경상사고,0,0,1,0,차대차 - 측면충돌,안전운전불이행,젖음/습기,비,단일로 - 기타,승용,남,53세,상해없음,승용,남,57세,경상
2017010800100034,2017년 1월 8일 00시,일요일,광주광역시 서구 유촌동,사망사고,1,0,1,0,차대사람 - 횡단중,과속,젖음/습기,비,단일로 - 기타,승용,남,59세,상해없음,보행자,남,29세,사망
2017010800100035,2017년 1월 8일 00시,일요일,광주광역시 서구 치평동,경상사고,0,0,2,1,차대차 - 측면충돌,신호위반,젖음/습기,비,교차로 - 교차로안,승용,남,61세,상해없음,승용,남,66세,경상
2017010800100036,2017년 1월 8일 00시,일요일,광주광역시 북구 임동,중상사고,0,1,0,0,차대차 - 측면충돌,안전운전불이행,젖음/습기,맑음,단일로 - 기타,승용,남,52세,기타불명,승용,남,56세,기타불명
2017010800100054,2017년 1월 8일 01시,일요일,광주광역시 서구 쌍촌동,중상사고,0,1,0,0,차대사람 - 횡단중,보행자보호의무위반,젖음/습기,비,교차로 - 교차로부근,승용,남,39세,상해없음,보행자,남,53세,중상
2017010800100055,2017년 1월 8일 01시,일요일,광주광역시 북구 운암동,경상사고,0,0,2,0,차대차 - 정면충돌,안전운전불이행,젖음/습기,비,교차로 - 교차로부근,승용,남,50세,상해없음,승용,남,32세,경상
2017010800100072,2017년 1월 8일 02시,일요일,광주광역시 광산구 신가동,중상사고,0,1,1,0,차대차 - 측면충돌,신호위반,젖음/습기,비,교차로 - 교차로안,승용,남,52세,중상,승용,남,61세,경상
2017010800100101,2017년 1월 8일 05시,일요일,광주광역시 서구 양동,중상사고,0,1,0,0,차대사람 - 길가장자리구역통행중,안전운전불이행,건조,맑음,단일로 - 기타,승용,남,70세,상해없음,보행자,여,68세,중상
2017010800100147,2017년 1월 8일 09시,일요일,광주광역시 동구 학동,중상사고,0,1,0,0,차대사람 - 횡단중,안전운전불이행,건조,맑음,단일로 - 기타,승용,남,50세,상해없음,보행자,여,66세,중상
2017010800100187,2017년 1월 8일 11시,일요일,광주광역시 광산구 쌍암동,경상사고,0,0,1,0,차대사람 - 횡단중,안전운전불이행,건조,맑음,교차로 - 교차로부근,승합,여,37세,상해없음,보행자,여,32세,경상
2017010800100203,2017년 1월 8일 12시,일요일,광주광역시 광산구 선암동,경상사고,0,0,1,0,차대차 - 추돌,안전거리미확보,건조,맑음,단일로 - 기타,승용,여,47세,상해없음,승용,여,45세,경상
2017010800100235,2017년 1월 8일 14시,일요일,광주광역시 서구 치평동,경상사고,0,0,1,0,차대차 - 기타,신호위반,건조,맑음,단일로 - 기타,승용,남,37세,기타불명,원동기,남,34세,경상
2017010800100236,2017년 1월 8일 14시,일요일,광주광역시 광산구 장덕동,경상사고,0,0,3,0,차대차 - 추돌,안전운전불이행,건조,맑음,단일로 - 기타,승용,남,38세,상해없음,승용,남,50세,경상
2017010800100300,2017년 1월 8일 17시,일요일,광주광역시 광산구 월계동,경상사고,0,0,4,0,차대차 - 측면충돌,교차로운행방법위반,건조,맑음,교차로 - 교차로안,승용,여,26세,경상,승용,남,39세,경상
2017010800100327,2017년 1월 8일 18시,일요일,광주광역시 서구 유촌동,경상사고,0,0,1,0,차대차 - 추돌,안전거리미확보,건조,맑음,단일로 - 기타,화물,남,65세,상해없음,승용,남,34세,경상
2017010800100359,2017년 1월 8일 19시,일요일,광주광역시 북구 풍향동,경상사고,0,0,1,0,차대차 - 측면충돌,신호위반,건조,맑음,교차로 - 교차로안,승용,남,26세,상해없음,승용,남,56세,경상
2017010800100382,2017년 1월 8일 20시,일요일,광주광역시 동구 대인동,경상사고,0,0,3,0,차대차 - 측면충돌,신호위반,건조,흐림,교차로 - 교차로안,이륜,남,56세,경상,승용,남,47세,경상
2017010800100383,2017년 1월 8일 20시,일요일,광주광역시 북구 두암동,경상사고,0,0,1,0,차대차 - 추돌,안전운전불이행,건조,맑음,단일로 - 기타,승용,남,45세,상해없음,승용,남,62세,경상
2017010900100033,2017년 1월 9일 02시,월요일,광주광역시 북구 운암동,경상사고,0,0,1,0,차대차 - 측면충돌,불법유턴,건조,맑음,교차로 - 교차로안,승용,남,52세,상해없음,승용,남,50세,경상
2017010900100041,2017년 1월 9일 04시,월요일,광주광역시 서구 치평동,경상사고,0,0,4,0,차대차 - 측면충돌,신호위반,건조,맑음,교차로 - 교차로안,승용,남,54세,상해없음,승용,여,53세,경상
2017010900100070,2017년 1월 9일 06시,월요일,광주광역시 광산구 소촌동,경상사고,0,0,1,0,차대차 - 측면충돌,안전거리미확보,건조,맑음,단일로 - 기타,건설기계,남,57세,상해없음,승용,남,51세,경상
2017010900100071,2017년 1월 9일 06시,월요일,광주광역시 광산구 신가동,경상사고,0,0,1,0,차대차 - 추돌,중앙선침범,건조,맑음,단일로 - 기타,승용,남,43세,상해없음,승용,남,54세,경상
2017010900100093,2017년 1월 9일 07시,월요일,광주광역시 서구 치평동,경상사고,0,0,1,0,차대차 - 측면충돌,신호위반,건조,맑음,단일로 - 기타,승용,여,42세,상해없음,승용,여,41세,경상
2017010900100094,2017년 1월 9일 07시,월요일,광주광역시 북구 연제동,경상사고,0,0,1,0,차대차 - 추돌,차로위반,건조,맑음,단일로 - 기타,승용,남,34세,상해없음,승용,여,56세,경상
2017010900100119,2017년 1월 9일 08시,월요일,광주광역시 동구 학동,경상사고,0,0,1,0,차대차 - 후진중충돌,안전운전불이행,건조,맑음,단일로 - 기타,화물,남,41세,상해없음,승용,여,33세,경상
2017010900100120,2017년 1월 9일 08시,월요일,광주광역시 북구 양산동,경상사고,0,0,1,0,차대차 - 측면충돌,안전운전불이행,건조,맑음,단일로 - 기타,승용,남,14세,상해없음,승용,여,40세,경상
2017010900100175,2017년 1월 9일 11시,월요일,광주광역시 광산구 송정동,경상사고,0,0,1,0,차대차 - 측면충돌,신호위반,건조,맑음,교차로 - 교차로안,승용,남,75세,상해없음,승합,남,70세,상해없음
2017010900100203,2017년 1월 9일 12시,월요일,광주광역시 서구 화정동,경상사고,0,0,1,0,차대사람 - 횡단중,신호위반,건조,맑음,기타 - 기타,승용,남,61세,상해없음,보행자,여,19세,경상
2017010900100230,2017년 1월 9일 13시,월요일,광주광역시 동구 계림동,경상사고,0,0,1,0,차대사람 - 횡단중,안전운전불이행,건조,맑음,단일로 - 기타,승합,남,55세,상해없음,보행자,여,9세,경상
2017010900100231,2017년 1월 9일 13시,월요일,광주광역시 서구 화정동,경상사고,0,0,2,0,차대차 - 측면충돌,신호위반,건조,맑음,교차로 - 교차로안,승합,남,57세,상해없음,승용,남,34세,경상
2017010900100232,2017년 1월 9일 13시,월요일,광주광역시 남구 주월동,경상사고,0,0,1,0,차대사람 - 횡단중,안전운전불이행,건조,맑음,단일로 - 기타,기타불명,기타불명,미분류,기타불명,보행자,여,17세,경상
2017010900100233,2017년 1월 9일 13시,월요일,광주광역시 남구 백운동,경상사고,0,0,4,0,차대차 - 측면충돌,교차로운행방법위반,건조,맑음,교차로 - 교차로안,승용,남,53세,경상,승용,남,25세,경상
2017010900100305,2017년 1월 9일 16시,월요일,광주광역시 서구 서창동,경상사고,0,0,2,0,차대차 - 측면충돌,안전운전불이행,건조,맑음,교차로 - 교차로부근,승용,여,34세,상해없음,승용,여,56세,경상
2017010900100332,2017년 1월 9일 17시,월요일,광주광역시 광산구 옥동,중상사고,0,1,0,0,차대차 - 측면충돌,교차로운행방법위반,건조,맑음,교차로 - 교차로안,화물,남,48세,상해없음,화물,남,50세,중상
2017010900100333,2017년 1월 9일 17시,월요일,광주광역시 광산구 월전동,경상사고,0,0,1,0,차대차 - 측면충돌,불법유턴,건조,맑음,교차로 - 교차로부근,승용,남,26세,상해없음,화물,남,55세,경상
2017010900100389,2017년 1월 9일 19시,월요일,광주광역시 서구 내방동,중상사고,0,1,0,0,차대사람 - 기타,안전운전불이행,건조,맑음,단일로 - 기타,승용,남,69세,상해없음,보행자,여,19세,중상
2017010900100390,2017년 1월 9일 19시,월요일,광주광역시 광산구 운남동,경상사고,0,0,1,0,차대차 - 추돌,안전거리미확보,건조,맑음,단일로 - 기타,화물,남,69세,상해없음,승용,남,24세,경상
2017010900100461,2017년 1월 9일 22시,월요일,광주광역시 서구 치평동,경상사고,0,0,1,0,차대차 - 측면충돌,안전운전불이행,건조,맑음,교차로 - 교차로안,승용,남,23세,상해없음,승용,여,45세,경상
2017011000100035,2017년 1월 10일 01시,화요일,광주광역시 남구 주월동,경상사고,0,0,1,0,차대차 - 추돌,안전운전불이행,건조,맑음,교차로 - 교차로부근,승용,여,25세,상해없음,승용,남,37세,경상
2017011000100058,2017년 1월 10일 04시,화요일,광주광역시 북구 중흥동,경상사고,0,0,2,0,차대차 - 기타,안전운전불이행,건조,맑음,교차로 - 교차로부근,승용,남,19세,상해없음,승용,남,53세,경상
2017011000100113,2017년 1월 10일 07시,화요일,광주광역시 북구 본촌동,중상사고,0,1,1,0,차대차 - 측면충돌,안전운전불이행,건조,맑음,단일로 - 기타,화물,남,45세,경상,승용,여,49세,중상
2017011000100114,2017년 1월 10일 07시,화요일,광주광역시 북구 문흥동,중상사고,0,1,0,0,차대차 - 기타,안전거리미확보,건조,맑음,단일로 - 기타,승용,남,60세,기타불명,승합,남,55세,상해없음
2017011000100140,2017년 1월 10일 08시,화요일,광주광역시 북구 중흥동,중상사고,0,1,0,0,차대사람 - 횡단중,안전운전불이행,건조,맑음,교차로 - 교차로부근,승용,여,30세,상해없음,보행자,여,72세,중상
2017011000100195,2017년 1월 10일 10시,화요일,광주광역시 서구 치평동,경상사고,0,0,2,0,차대차 - 측면충돌,직진우회전진행방해,건조,맑음,교차로 - 교차로안,승용,여,35세,상해없음,승용,남,66세,경상
2017011000100231,2017년 1월 10일 12시,화요일,광주광역시 서구 농성동,사망사고,1,3,5,0,차대사람 - 기타,과속,건조,맑음,단일로 - 기타,승용,남,31세,중상,보행자,여,71세,사망
2017011000100232,2017년 1월 10일 12시,화요일,광주광역시 광산구 월곡동,경상사고,0,0,1,0,차대차 - 측면충돌,직진우회전진행방해,건조,맑음,교차로 - 교차로안,승용,남,64세,상해없음,이륜,남,55세,경상
2017011000100233,2017년 1월 10일 12시,화요일,광주광역시 광산구 월계동,경상사고,0,0,3,0,차대차 - 후진중충돌,신호위반,건조,맑음,교차로 - 교차로안,화물,남,26세,상해없음,승용,남,37세,경상
2017011000100252,2017년 1월 10일 13시,화요일,광주광역시 광산구 비아동,경상사고,0,0,1,0,차대차 - 측면충돌,신호위반,건조,맑음,교차로 - 교차로안,화물,남,70세,상해없음,승용,여,49세,경상
2017011000100311,2017년 1월 10일 15시,화요일,광주광역시 서구 금호동,경상사고,0,0,2,0,차대차 - 정면충돌,안전운전불이행,건조,맑음,단일로 - 기타,승용,남,20세,상해없음,승용,남,55세,경상
2017011000100344,2017년 1월 10일 16시,화요일,광주광역시 서구 치평동,경상사고,0,0,2,0,차대차 - 측면충돌,안전운전불이행,건조,맑음,교차로 - 교차로부근,승용,여,56세,상해없음,승용,여,42세,경상
2017011000100371,2017년 1월 10일 17시,화요일,광주광역시 동구 동명동,중상사고,0,1,1,0,차대차 - 추돌,안전운전불이행,건조,맑음,단일로 - 기타,화물,남,68세,중상,화물,남,67세,경상
2017011000100452,2017년 1월 10일 19시,화요일,광주광역시 광산구 산정동,중상사고,0,1,0,0,차대차 - 정면충돌,안전운전불이행,건조,맑음,교차로 - 교차로안,승합,남,64세,상해없음,이륜,남,21세,중상
2017011000100453,2017년 1월 10일 19시,화요일,광주광역시 광산구 소촌동,중상사고,0,1,0,0,차대사람 - 기타,보행자보호의무위반,건조,맑음,교차로 - 교차로안,승용,남,24세,상해없음,보행자,남,44세,중상
2017011000100512,2017년 1월 10일 21시,화요일,광주광역시 북구 신안동,경상사고,0,0,1,0,차대차 - 기타,안전운전불이행,건조,맑음,단일로 - 기타,승용,여,22세,상해없음,승용,남,32세,경상
2017011000100555,2017년 1월 10일 23시,화요일,광주광역시 광산구 수완동,경상사고,0,0,2,0,차량단독 - 공작물충돌,안전운전불이행,건조,맑음,단일로 - 기타,승용,남,58세,상해없음,,,,
2017011100100026,2017년 1월 11일 00시,수요일,광주광역시 남구 월산동,경상사고,0,0,1,0,차대차 - 측면충돌,신호위반,건조,맑음,교차로 - 교차로횡단보도내,승용,남,30세,상해없음,자전거,남,39세,경상
2017011100100068,2017년 1월 11일 04시,수요일,광주광역시 서구 치평동,경상사고,0,0,1,0,차대사람 - 보도통행중,보행자보호의무위반,건조,맑음,교차로 - 교차로횡단보도내,승용,남,61세,상해없음,보행자,남,23세,경상
2017011100100092,2017년 1월 11일 06시,수요일,광주광역시 북구 용두동,경상사고,0,0,1,0,차대차 - 측면충돌,차로위반,건조,맑음,단일로 - 지하차도(도로)내,화물,남,75세,경상,승용,남,43세,상해없음
2017011100100115,2017년 1월 11일 07시,수요일,광주광역시 서구 치평동,경상사고,0,0,1,0,차대차 - 측면충돌,신호위반,건조,맑음,교차로 - 교차로안,승용,남,60세,상해없음,승용,남,21세,상해없음
2017011100100145,2017년 1월 11일 08시,수요일,광주광역시 서구 양동,경상사고,0,0,1,0,차대차 - 측면충돌,안전운전불이행,건조,맑음,교차로 - 교차로안,승용,남,56세,상해없음,자전거,남,68세,경상
2017011100100146,2017년 1월 11일 08시,수요일,광주광역시 광산구 운남동,경상사고,0,0,3,0,차대차 - 추돌,안전운전불이행,건조,맑음,단일로 - 교량,승용,남,58세,상해없음,승용,남,63세,경상
2017011100100214,2017년 1월 11일 11시,수요일,광주광역시 서구 치평동,경상사고,0,0,1,0,차대차 - 측면충돌,안전운전불이행,건조,맑음,단일로 - 기타,승용,여,56세,상해없음,승용,남,46세,경상
2017011100100215,2017년 1월 11일 11시,수요일,광주광역시 서구 화정동,경상사고,0,0,2,0,차대차 - 기타,안전거리미확보,건조,맑음,단일로 - 기타,승용,남,72세,상해없음,승용,남,35세,경상
2017011100100216,2017년 1월 11일 11시,수요일,광주광역시 서구 마륵동,경상사고,0,0,1,0,차대차 - 추돌,안전운전불이행,건조,맑음,단일로 - 기타,승용,남,69세,상해없음,승용,남,35세,경상
2017011100100246,2017년 1월 11일 12시,수요일,광주광역시 서구 쌍촌동,경상사고,0,0,3,0,차대차 - 기타,안전운전불이행,건조,맑음,교차로 - 교차로안,승용,여,65세,경상,승용,남,56세,경상
2017011100100247,2017년 1월 11일 12시,수요일,광주광역시 광산구 도산동,경상사고,0,0,1,0,차대차 - 기타,안전운전불이행,건조,맑음,교차로 - 교차로안,이륜,남,57세,경상,승용,남,57세,상해없음
2017011100100283,2017년 1월 11일 13시,수요일,광주광역시 남구 봉선동,경상사고,0,0,2,0,차대차 - 기타,안전운전불이행,건조,맑음,기타 - 기타,승용,여,45세,상해없음,승용,남,44세,경상
2017011100100284,2017년 1월 11일 13시,수요일,광주광역시 북구 임동,경상사고,0,0,3,0,차대차 - 측면충돌,신호위반,건조,맑음,교차로 - 교차로안,승용,여,47세,경상,승용,남,60세,경상
2017011100100366,2017년 1월 11일 16시,수요일,광주광역시 남구 방림동,부상신고사고,0,0,0,1,차대차 - 측면충돌,안전운전불이행,건조,맑음,교차로 - 교차로안,이륜,남,18세,부상신고,승용,남,31세,상해없음
2017011100100389,2017년 1월 11일 17시,수요일,광주광역시 서구 쌍촌동,중상사고,0,1,0,0,차대사람 - 횡단중,신호위반,건조,맑음,단일로 - 기타,화물,남,67세,상해없음,보행자,남,74세,중상
2017011100100468,2017년 1월 11일 19시,수요일,광주광역시 북구 중흥동,중상사고,0,1,0,0,차대사람 - 횡단중,안전운전불이행,건조,맑음,교차로 - 교차로안,화물,남,57세,기타불명,보행자,여,33세,중상
2017011100100469,2017년 1월 11일 19시,수요일,광주광역시 북구 용두동,경상사고,0,0,1,0,차대사람 - 기타,안전운전불이행,건조,맑음,단일로 - 기타,기타불명,기타불명,미분류,기타불명,보행자,남,15세,경상
2017011100100505,2017년 1월 11일 20시,수요일,광주광역시 남구 주월동,경상사고,0,0,4,0,차대차 - 정면충돌,신호위반,건조,흐림,교차로 - 교차로안,승용,여,50세,경상,승용,여,47세,경상
2017011100100506,2017년 1월 11일 20시,수요일,광주광역시 광산구 월계동,경상사고,0,0,1,0,차대사람 - 횡단중,신호위반,건조,맑음,단일로 - 기타,원동기,남,22세,상해없음,보행자,남,14세,경상
2017011200100025,2017년 1월 12일 00시,목요일,광주광역시 동구 학동,경상사고,0,0,1,0,차대차 - 기타,안전운전불이행,건조,맑음,교차로 - 교차로안,승용,남,67세,상해없음,이륜,여,49세,경상
2017011200100026,2017년 1월 12일 00시,목요일,광주광역시 서구 치평동,경상사고,0,0,3,0,차대차 - 측면충돌,안전운전불이행,건조,맑음,교차로 - 교차로안,승용,남,28세,상해없음,승용,남,32세,경상
2017011200100037,2017년 1월 12일 01시,목요일,광주광역시 북구 두암동,경상사고,0,0,3,0,차대차 - 정면충돌,신호위반,건조,맑음,교차로 - 교차로안,승용,남,59세,경상,승용,남,21세,경상
2017011200100048,2017년 1월 12일 02시,목요일,광주광역시 북구 우산동,경상사고,0,0,2,0,차대차 - 추돌,안전운전불이행,건조,맑음,교차로 - 교차로부근,원동기,남,26세,경상,승용,남,48세,경상
2017011200100085,2017년 1월 12일 06시,목요일,광주광역시 서구 쌍촌동,경상사고,0,0,1,0,차대차 - 측면충돌,안전거리미확보,건조,맑음,단일로 - 기타,승용,남,34세,상해없음,승합,남,51세,상해없음
2017011200100110,2017년 1월 12일 07시,목요일,광주광역시 북구 풍향동,중상사고,0,1,0,0,차대사람 - 횡단중,안전운전불이행,건조,맑음,단일로 - 기타,승합,여,60세,상해없음,보행자,남,77세,중상
2017011200100187,2017년 1월 12일 10시,목요일,광주광역시 광산구 월곡동,경상사고,0,0,2,0,차대차 - 측면충돌,안전거리미확보,건조,맑음,교차로 - 교차로부근,화물,남,30세,상해없음,건설기계,남,45세,상해없음
2017011200100204,2017년 1월 12일 11시,목요일,광주광역시 광산구 월곡동,경상사고,0,0,1,0,차대차 - 정면충돌,신호위반,건조,맑음,교차로 - 교차로안,승용,여,49세,상해없음,승용,여,26세,경상
2017011200100205,2017년 1월 12일 11시,목요일,광주광역시 광산구 우산동,경상사고,0,0,2,0,차대차 - 측면충돌,안전운전불이행,건조,맑음,교차로 - 교차로안,승용,남,18세,상해없음,승용,남,25세,경상
2017011200100231,2017년 1월 12일 12시,목요일,광주광역시 북구 문흥동,경상사고,0,0,2,0,차대차 - 측면충돌,중앙선침범,건조,맑음,단일로 - 기타,승용,여,29세,경상,승용,남,43세,경상
2017011200100256,2017년 1월 12일 13시,목요일,광주광역시 광산구 신가동,중상사고,0,1,0,0,차대차 - 측면충돌,안전거리미확보,젖음/습기,흐림,교차로 - 교차로부근,화물,남,76세,상해없음,이륜,남,36세,중상
2017011200100285,2017년 1월 12일 14시,목요일,광주광역시 광산구 옥동,경상사고,0,0,1,0,차대차 - 추돌,안전운전불이행,건조,맑음,교차로 - 교차로안,승용,남,63세,상해없음,승용,남,39세,경상
2017011200100345,2017년 1월 12일 16시,목요일,광주광역시 광산구 우산동,경상사고,0,0,1,0,차대사람 - 길가장자리구역통행중,안전운전불이행,건조,맑음,단일로 - 기타,승용,여,37세,상해없음,보행자,남,50세,경상
2017011200100380,2017년 1월 12일 17시,목요일,광주광역시 광산구 도천동,경상사고,0,0,1,0,차대차 - 측면충돌,안전운전불이행,건조,맑음,교차로 - 교차로안,화물,남,52세,상해없음,승용,여,50세,경상
2017011200100446,2017년 1월 12일 19시,목요일,광주광역시 서구 광천동,중상사고,0,1,2,0,차대차 - 측면충돌,신호위반,건조,맑음,교차로 - 교차로안,이륜,남,27세,중상,승용,남,40세,경상
2017011200100447,2017년 1월 12일 19시,목요일,광주광역시 서구 치평동,경상사고,0,0,1,0,차대사람 - 기타,기타,건조,맑음,단일로 - 기타,승합,남,50세,상해없음,보행자,남,42세,경상
2017011200100448,2017년 1월 12일 19시,목요일,광주광역시 서구 내방동,중상사고,0,1,0,0,차대차 - 측면충돌,중앙선침범,건조,맑음,단일로 - 기타,승용,남,61세,기타불명,이륜,남,23세,중상
2017011200100449,2017년 1월 12일 19시,목요일,광주광역시 북구 용봉동,경상사고,0,0,1,0,차대사람 - 횡단중,안전운전불이행,건조,맑음,교차로 - 교차로부근,기타불명,기타불명,미분류,기타불명,보행자,남,13세,경상
2017011200100450,2017년 1월 12일 19시,목요일,광주광역시 북구 우산동,경상사고,0,0,1,0,차대차 - 측면충돌,안전운전불이행,건조,맑음,교차로 - 교차로부근,승용,남,57세,상해없음,승용,남,25세,경상
2017011200100451,2017년 1월 12일 19시,목요일,광주광역시 광산구 도산동,중상사고,0,1,0,0,차대차 - 측면충돌,교차로운행방법위반,건조,맑음,교차로 - 교차로안,승용,남,33세,상해없음,원동기,남,18세,중상
2017011200100452,2017년 1월 12일 19시,목요일,광주광역시 광산구 수완동,경상사고,0,0,1,0,차대차 - 추돌,안전운전불이행,건조,맑음,단일로 - 기타,승용,여,47세,상해없음,승용,여,56세,경상
2017011200100504,2017년 1월 12일 21시,목요일,광주광역시 서구 금호동,경상사고,0,0,1,0,차대차 - 측면충돌,교차로운행방법위반,건조,맑음,교차로 - 교차로안,화물,남,37세,상해없음,승용,남,29세,경상
2017011200100505,2017년 1월 12일 21시,목요일,광주광역시 광산구 수완동,경상사고,0,0,1,0,차대차 - 정면충돌,안전운전불이행,건조,맑음,기타 - 기타,승용,남,40세,상해없음,승용,여,41세,경상
2017011200100506,2017년 1월 12일 21시,목요일,광주광역시 광산구 고룡동,경상사고,0,0,1,0,차량단독 - 도로외이탈 - 기타,안전운전불이행,건조,맑음,단일로 - 기타,승용,남,45세,경상,,,,
2017011300100042,2017년 1월 13일 01시,금요일,광주광역시 광산구 신가동,경상사고,0,0,2,0,차대차 - 기타,중앙선침범,건조,맑음,단일로 - 기타,승용,남,49세,상해없음,승용,남,34세,경상
2017011300100115,2017년 1월 13일 07시,금요일,광주광역시 서구 쌍촌동,중상사고,0,1,0,0,차대차 - 측면충돌,안전운전불이행,건조,맑음,단일로 - 기타,승용,남,58세,상해없음,자전거,남,56세,중상
2017011300100116,2017년 1월 13일 07시,금요일,광주광역시 서구 쌍촌동,경상사고,0,0,2,0,차대차 - 정면충돌,중앙선침범,건조,맑음,교차로 - 교차로부근,승용,남,37세,상해없음,승용,남,47세,경상
2017011300100117,2017년 1월 13일 07시,금요일,광주광역시 남구 봉선동,경상사고,0,0,1,0,차대차 - 측면충돌,안전운전불이행,건조,맑음,단일로 - 기타,승용,남,50세,상해없음,승용,여,46세,경상
2017011300100146,2017년 1월 13일 08시,금요일,광주광역시 남구 주월동,경상사고,0,0,1,1,차대차 - 측면충돌,신호위반,건조,맑음,교차로 - 교차로안,원동기,남,59세,부상신고,승용,남,67세,경상
2017011300100203,2017년 1월 13일 10시,금요일,광주광역시 동구 산수동,경상사고,0,0,1,0,차대차 - 기타,중앙선침범,건조,맑음,교차로 - 교차로부근,승용,여,23세,상해없음,이륜,남,75세,경상
2017011300100236,2017년 1월 13일 11시,금요일,광주광역시 서구 금호동,경상사고,0,0,1,0,차대사람 - 횡단중,신호위반,건조,맑음,교차로 - 교차로횡단보도내,승용,남,55세,상해없음,보행자,여,7세,경상
2017011300100258,2017년 1월 13일 12시,금요일,광주광역시 서구 치평동,경상사고,0,0,2,0,차대차 - 추돌,안전거리미확보,건조,맑음,교차로 - 교차로부근,승용,여,48세,상해없음,승용,여,34세,경상
2017011300100283,2017년 1월 13일 13시,금요일,광주광역시 북구 용봉동,중상사고,0,1,0,0,차대차 - 기타,교차로운행방법위반,건조,맑음,교차로 - 교차로안,승용,여,40세,상해없음,이륜,남,46세,중상
2017011300100348,2017년 1월 13일 15시,금요일,광주광역시 북구 삼각동,경상사고,0,0,4,0,차대차 - 추돌,안전운전불이행,건조,맑음,단일로 - 기타,승용,남,34세,경상,승용,여,30세,경상
2017011300100406,2017년 1월 13일 17시,금요일,광주광역시 서구 동천동,경상사고,0,0,5,0,차대차 - 추돌,안전운전불이행,젖음/습기,흐림,단일로 - 기타,승용,남,47세,상해없음,승용,남,25세,경상
2017011300100407,2017년 1월 13일 17시,금요일,광주광역시 남구 월산동,중상사고,0,1,0,0,차대사람 - 횡단중,보행자보호의무위반,건조,맑음,단일로 - 기타,화물,남,36세,상해없음,보행자,여,54세,중상
2017011300100466,2017년 1월 13일 18시,금요일,광주광역시 서구 화정동,경상사고,0,0,6,0,차대차 - 기타,안전운전불이행,건조,맑음,단일로 - 기타,승용,남,72세,상해없음,승용,여,40세,경상
2017011300100467,2017년 1월 13일 18시,금요일,광주광역시 광산구 송정동,경상사고,0,0,1,0,차대사람 - 횡단중,보행자보호의무위반,젖음/습기,눈,교차로 - 교차로부근,원동기,남,16세,상해없음,보행자,여,20세,경상
2017011300100511,2017년 1월 13일 19시,금요일,광주광역시 서구 풍암동,경상사고,0,0,1,0,차대차 - 측면충돌,직진우회전진행방해,건조,맑음,교차로 - 교차로안,승용,여,33세,상해없음,이륜,남,36세,경상
2017011300100512,2017년 1월 13일 19시,금요일,광주광역시 남구 주월동,부상신고사고,0,0,0,1,차대차 - 측면충돌,교차로운행방법위반,젖음/습기,눈,교차로 - 교차로안,승용,여,45세,상해없음,원동기,남,67세,부상신고
2017011300100513,2017년 1월 13일 19시,금요일,광주광역시 북구 연제동,경상사고,0,0,1,0,차대차 - 측면충돌,안전운전불이행,건조,맑음,단일로 - 기타,승용,남,30세,상해없음,원동기,남,16세,경상
2017011300100514,2017년 1월 13일 19시,금요일,광주광역시 북구 신용동,경상사고,0,0,2,0,차대차 - 측면충돌,보행자보호의무위반,건조,맑음,교차로 - 교차로부근,승용,남,32세,상해없음,자전거,남,71세,경상
2017011300100572,2017년 1월 13일 21시,금요일,광주광역시 광산구 송촌동,경상사고,0,0,1,0,차대차 - 측면충돌,신호위반,젖음/습기,흐림,교차로 - 교차로안,화물,남,61세,상해없음,자전거,남,34세,경상
2017011300100601,2017년 1월 13일 22시,금요일,광주광역시 서구 치평동,경상사고,0,0,1,0,차대사람 - 횡단중,안전운전불이행,건조,흐림,단일로 - 기타,승용,남,55세,상해없음,보행자,남,34세,경상
2017011300100602,2017년 1월 13일 22시,금요일,광주광역시 서구 금호동,경상사고,0,0,1,0,차대사람 - 기타,안전운전불이행,건조,맑음,교차로 - 교차로안,승용,남,42세,상해없음,보행자,남,48세,경상
2017011300100603,2017년 1월 13일 22시,금요일,광주광역시 광산구 송정동,경상사고,0,0,2,0,차대차 - 추돌,안전운전불이행,건조,맑음,단일로 - 기타,승용,남,34세,상해없음,화물,남,18세,경상
2017011400100029,2017년 1월 14일 00시,토요일,광주광역시 서구 치평동,경상사고,0,0,2,0,차대차 - 기타,안전운전불이행,건조,맑음,단일로 - 기타,승용,남,28세,상해없음,승용,남,48세,경상
2017011400100053,2017년 1월 14일 01시,토요일,광주광역시 서구 치평동,경상사고,0,0,2,1,차대차 - 측면충돌,직진우회전진행방해,적설,눈,교차로 - 교차로안,승용,남,23세,부상신고,승용,남,24세,경상
2017011400100054,2017년 1월 14일 01시,토요일,광주광역시 광산구 서봉동,중상사고,0,1,5,0,차대차 - 측면충돌,안전운전불이행,서리/결빙,눈,단일로 - 교량,승용,남,45세,중상,승용,남,21세,경상