사고번호,사고일시,요일,시군구,사고내용,사망자수,중상자수,경상자수,부상신고자수,사고유형,법규위반,노면상태,기상상태,도로형태,가해운전자 차종,가해운전자 성별,가해운전자 연령,가해운전자 상해정도,피해운전자 차종,피해운전자 성별,피해운전자 연령,피해운전자 상해정도
2017011400100065,2017년 1월 14일 02시,토요일,광주광역시 서구 광천동,경상사고,0,0,1,0,차대차 - 추돌,안전운전불이행,적설,눈,단일로 - 교량,승용,남,59세,상해없음,화물,남,23세,상해없음
2017011400100066,2017년 1월 14일 02시,토요일,광주광역시 북구 동림동,중상사고,0,1,0,0,차량단독 - 공작물충돌,과속,적설,눈,단일로 - 기타,승용,남,42세,상해없음,,,,
2017011400100067,2017년 1월 14일 02시,토요일,광주광역시 광산구 신가동,경상사고,0,0,1,0,차대차 - 추돌,안전운전불이행,서리/결빙,눈,단일로 - 교량,승용,남,51세,상해없음,승용,남,47세,경상
2017011400100068,2017년 1월 14일 02시,토요일,광주광역시 광산구 수완동,경상사고,0,0,2,0,차대차 - 측면충돌,안전운전불이행,적설,눈,교차로 - 교차로부근,승용,여,42세,상해없음,승용,남,53세,경상
2017011400100069,2017년 1월 14일 02시,토요일,광주광역시 광산구 우산동,중상사고,0,1,0,0,차대사람 - 횡단중,안전운전불이행,건조,맑음,교차로 - 교차로안,승용,남,23세,상해없음,보행자,남,35세,중상
2017011400100070,2017년 1월 14일 02시,토요일,광주광역시 광산구 산정동,경상사고,0,0,1,0,차량단독 - 공작물충돌,안전운전불이행,서리/결빙,눈,단일로 - 교량,승용,남,47세,상해없음,,,,
2017011400100117,2017년 1월 14일 06시,토요일,광주광역시 광산구 선동,경상사고,0,0,1,0,차대차 - 측면충돌,안전운전불이행,서리/결빙,맑음,단일로 - 기타,승용,남,37세,기타불명,화물,남,36세,경상
2017011400100150,2017년 1월 14일 08시,토요일,광주광역시 서구 양동,중상사고,0,1,0,0,차대사람 - 기타,안전운전불이행,젖음/습기,흐림,단일로 - 기타,승용,여,24세,상해없음,보행자,여,89세,중상
2017011400100164,2017년 1월 14일 09시,토요일,광주광역시 광산구 월곡동,경상사고,0,0,1,0,차대차 - 측면충돌,교차로운행방법위반,건조,맑음,교차로 - 교차로안,승용,남,55세,상해없음,승용,남,48세,경상
2017011400100197,2017년 1월 14일 10시,토요일,광주광역시 남구 방림동,중상사고,0,1,2,0,차대차 - 추돌,안전거리미확보,건조,맑음,단일로 - 기타,승용,남,68세,상해없음,승용,여,43세,경상
2017011400100198,2017년 1월 14일 10시,토요일,광주광역시 북구 동림동,경상사고,0,0,1,0,차대차 - 추돌,안전운전불이행,건조,맑음,단일로 - 기타,승용,남,37세,상해없음,승용,여,36세,경상
2017011400100234,2017년 1월 14일 11시,토요일,광주광역시 동구 대인동,중상사고,0,1,0,0,차대사람 - 기타,안전운전불이행,건조,맑음,단일로 - 기타,승용,남,78세,상해없음,보행자,여,60세,중상
2017011400100346,2017년 1월 14일 15시,토요일,광주광역시 동구 서석동,경상사고,0,0,1,0,차대차 - 정면충돌,신호위반,건조,맑음,단일로 - 기타,승용,남,31세,상해없음,승용,여,34세,경상
2017011400100347,2017년 1월 14일 15시,토요일,광주광역시 서구 금호동,중상사고,0,1,0,0,차대사람 - 기타,안전운전불이행,건조,맑음,단일로 - 기타,승용,남,57세,상해없음,보행자,여,56세,중상
2017011400100348,2017년 1월 14일 15시,토요일,광주광역시 북구 두암동,경상사고,0,0,1,0,차대차 - 후진중충돌,안전운전불이행,건조,맑음,교차로 - 교차로안,승용,남,84세,상해없음,승용,여,46세,경상
2017011400100349,2017년 1월 14일 15시,토요일,광주광역시 광산구 용동,경상사고,0,0,3,0,차대차 - 정면충돌,중앙선침범,건조,맑음,교차로 - 교차로안,승용,남,35세,경상,화물,남,57세,경상
2017011400100378,2017년 1월 14일 16시,토요일,광주광역시 동구 금남로5가,중상사고,0,1,0,0,차대사람 - 횡단중,안전운전불이행,건조,맑음,단일로 - 기타,승용,남,53세,상해없음,보행자,여,70세,중상
2017011400100446,2017년 1월 14일 18시,토요일,광주광역시 서구 화정동,경상사고,0,0,1,0,차대차 - 기타,안전운전불이행,건조,맑음,단일로 - 기타,승용,남,53세,상해없음,이륜,남,28세,경상
2017011400100480,2017년 1월 14일 19시,토요일,광주광역시 남구 봉선동,경상사고,0,0,1,0,차대차 - 추돌,안전운전불이행,건조,맑음,단일로 - 기타,승용,남,47세,상해없음,승용,남,39세,경상
2017011400100481,2017년 1월 14일 19시,토요일,광주광역시 남구 주월동,중상사고,0,1,0,0,차량단독 - 기타,안전운전불이행,건조,맑음,단일로 - 기타,원동기,남,19세,중상,,,,
2017011400100512,2017년 1월 14일 20시,토요일,광주광역시 광산구 운수동,경상사고,0,0,1,0,차대차 - 추돌,안전운전불이행,서리/결빙,흐림,교차로 - 교차로부근,원동기,남,23세,경상,승용,여,29세,상해없음
2017011400100513,2017년 1월 14일 20시,토요일,광주광역시 광산구 장덕동,경상사고,0,0,4,0,차대차 - 추돌,안전거리미확보,건조,흐림,교차로 - 교차로안,승용,남,33세,상해없음,승용,여,33세,경상
2017011400100539,2017년 1월 14일 21시,토요일,광주광역시 광산구 신창동,경상사고,0,0,1,0,차대차 - 측면충돌,교차로운행방법위반,건조,맑음,교차로 - 교차로안,승용,남,59세,상해없음,승용,남,56세,상해없음
2017011400100560,2017년 1월 14일 22시,토요일,광주광역시 서구 화정동,경상사고,0,0,1,0,차대차 - 기타,안전운전불이행,건조,맑음,단일로 - 기타,기타불명,기타불명,미분류,기타불명,승용,남,57세,상해없음
2017011400100561,2017년 1월 14일 22시,토요일,광주광역시 북구 매곡동,경상사고,0,0,2,0,차대차 - 측면충돌,교차로운행방법위반,건조,맑음,교차로 - 교차로안,승용,여,42세,상해없음,이륜,남,16세,경상
2017011400100589,2017년 1월 14일 23시,토요일,광주광역시 북구 연제동,사망사고,1,2,0,0,차대사람 - 횡단중,과속,건조,맑음,단일로 - 기타,승용,남,21세,중상,보행자,남,27세,사망
2017011500100023,2017년 1월 15일 00시,일요일,광주광역시 서구 쌍촌동,부상신고사고,0,0,0,1,차대차 - 측면충돌,신호위반,건조,맑음,교차로 - 교차로안,원동기,남,49세,부상신고,승용,남,60세,상해없음
2017011500100048,2017년 1월 15일 02시,일요일,광주광역시 북구 양산동,경상사고,0,0,4,0,차대차 - 추돌,안전운전불이행,서리/결빙,흐림,단일로 - 기타,승용,남,21세,상해없음,승용,남,30세,경상
2017011500100066,2017년 1월 15일 04시,일요일,광주광역시 서구 치평동,경상사고,0,0,2,0,차대차 - 측면충돌,신호위반,건조,맑음,교차로 - 교차로안,승용,남,54세,상해없음,승용,여,51세,경상
2017011500100098,2017년 1월 15일 07시,일요일,광주광역시 동구 월남동,경상사고,0,0,2,0,차대차 - 추돌,안전거리미확보,건조,맑음,교차로 - 교차로부근,승용,여,56세,상해없음,화물,남,56세,경상
2017011500100099,2017년 1월 15일 07시,일요일,광주광역시 서구 치평동,경상사고,0,0,3,0,차대차 - 추돌,안전운전불이행,건조,맑음,단일로 - 기타,승용,남,23세,상해없음,승용,남,26세,경상
2017011500100125,2017년 1월 15일 09시,일요일,광주광역시 북구 신안동,중상사고,0,1,3,0,차대차 - 기타,안전운전불이행,건조,맑음,교차로 - 교차로안,승용,남,31세,경상,승용,남,63세,경상
2017011500100189,2017년 1월 15일 12시,일요일,광주광역시 서구 쌍촌동,중상사고,0,1,0,0,차대사람 - 횡단중,안전운전불이행,건조,맑음,단일로 - 기타,승용,남,25세,상해없음,보행자,남,58세,중상
2017011500100219,2017년 1월 15일 13시,일요일,광주광역시 북구 일곡동,경상사고,0,0,2,0,차대차 - 기타,안전운전불이행,건조,맑음,단일로 - 기타,승용,여,33세,상해없음,승용,기타불명,미분류,기타불명
2017011500100237,2017년 1월 15일 14시,일요일,광주광역시 서구 쌍촌동,중상사고,0,1,0,0,차대차 - 추돌,안전거리미확보,건조,맑음,단일로 - 기타,승용,남,50세,기타불명,원동기,남,29세,중상
2017011500100238,2017년 1월 15일 14시,일요일,광주광역시 서구 광천동,경상사고,0,0,3,0,차대차 - 측면충돌,안전운전불이행,건조,맑음,교차로 - 교차로안,승용,남,34세,경상,승용,남,59세,경상
2017011500100239,2017년 1월 15일 14시,일요일,광주광역시 광산구 하남동,경상사고,0,0,1,0,차대차 - 측면충돌,교차로운행방법위반,건조,맑음,교차로 - 교차로안,승용,여,52세,상해없음,승용,남,32세,경상
2017011500100266,2017년 1월 15일 15시,일요일,광주광역시 서구 유촌동,경상사고,0,0,4,0,차대차 - 측면충돌,신호위반,건조,맑음,교차로 - 교차로안,승용,남,28세,경상,승용,남,24세,경상
2017011500100267,2017년 1월 15일 15시,일요일,광주광역시 북구 우산동,경상사고,0,0,2,0,차대차 - 측면충돌,안전운전불이행,건조,맑음,교차로 - 교차로부근,승용,남,59세,상해없음,승용,남,29세,경상
2017011500100268,2017년 1월 15일 15시,일요일,광주광역시 광산구 송정동,경상사고,0,0,1,0,차대사람 - 길가장자리구역통행중,안전운전불이행,건조,맑음,기타 - 기타,화물,남,60세,상해없음,보행자,남,43세,경상
2017011500100291,2017년 1월 15일 16시,일요일,광주광역시 서구 쌍촌동,경상사고,0,0,1,0,차대차 - 측면충돌,안전거리미확보,건조,맑음,단일로 - 기타,승용,남,76세,상해없음,승용,남,26세,경상
2017011500100292,2017년 1월 15일 16시,일요일,광주광역시 북구 신안동,경상사고,0,0,1,0,차대차 - 측면충돌,직진우회전진행방해,건조,맑음,교차로 - 교차로안,승용,남,68세,경상,승용,여,53세,상해없음
2017011500100311,2017년 1월 15일 17시,일요일,광주광역시 남구 봉선동,경상사고,0,0,1,0,차대차 - 측면충돌,교차로운행방법위반,건조,맑음,교차로 - 교차로안,승용,남,45세,상해없음,이륜,남,16세,경상
2017011500100312,2017년 1월 15일 17시,일요일,광주광역시 북구 양산동,중상사고,0,3,0,0,차대차 - 기타,안전운전불이행,젖음/습기,맑음,단일로 - 기타,승용,남,26세,중상,승용,남,56세,중상
2017011500100387,2017년 1월 15일 19시,일요일,광주광역시 북구 임동,경상사고,0,0,3,0,차대차 - 추돌,안전거리미확보,건조,맑음,단일로 - 기타,승용,남,69세,상해없음,승용,남,54세,경상
2017011500100388,2017년 1월 15일 19시,일요일,광주광역시 광산구 우산동,경상사고,0,0,1,0,차대차 - 측면충돌,안전운전불이행,건조,맑음,단일로 - 기타,기타불명,기타불명,미분류,기타불명,승용,남,61세,경상
2017011500100421,2017년 1월 15일 20시,일요일,광주광역시 광산구 월계동,경상사고,0,0,3,0,차대차 - 정면충돌,신호위반,건조,맑음,교차로 - 교차로안,기타불명,기타불명,미분류,기타불명,승용,남,51세,경상
2017011500100443,2017년 1월 15일 21시,일요일,광주광역시 서구 치평동,중상사고,0,1,0,0,차대차 - 기타,안전거리미확보,건조,맑음,단일로 - 기타,승용,여,43세,상해없음,원동기,남,35세,중상
2017011500100444,2017년 1월 15일 21시,일요일,광주광역시 북구 문흥동,경상사고,0,0,1,0,차대차 - 측면충돌,안전거리미확보,건조,맑음,단일로 - 기타,승용,남,42세,상해없음,원동기,남,26세,경상
2017011500100445,2017년 1월 15일 21시,일요일,광주광역시 북구 우산동,경상사고,0,0,1,0,차대차 - 추돌,안전운전불이행,건조,맑음,교차로 - 교차로부근,승용,여,32세,상해없음,승용,남,36세,경상
2017011500100462,2017년 1월 15일 22시,일요일,광주광역시 남구 백운동,경상사고,0,0,2,0,차대차 - 측면충돌,교차로운행방법위반,건조,맑음,교차로 - 교차로안,승용,남,50세,상해없음,승용,남,65세,경상
2017011600100031,2017년 1월 16일 00시,월요일,광주광역시 서구 덕흥동,중상사고,0,2,1,0,차대차 - 추돌,안전운전불이행,건조,맑음,단일로 - 기타,승용,남,25세,중상,승용,여,20세,경상
2017011600100042,2017년 1월 16일 01시,월요일,광주광역시 광산구 운남동,경상사고,0,0,1,0,차량단독 - 전도전복 - 전도,안전운전불이행,건조,맑음,교차로 - 교차로안,승용,남,27세,경상,,,,
2017011600100046,2017년 1월 16일 02시,월요일,광주광역시 동구 계림동,경상사고,0,0,2,0,차대차 - 기타,안전운전불이행,건조,맑음,단일로 - 기타,이륜,여,50세,상해없음,승용,남,73세,경상
2017011600100050,2017년 1월 16일 03시,월요일,광주광역시 서구 치평동,경상사고,0,0,2,0,차대차 - 측면충돌,안전거리미확보,건조,맑음,교차로 - 교차로부근,승용,여,26세,경상,승용,남,26세,상해없음
2017011600100051,2017년 1월 16일 03시,월요일,광주광역시 북구 연제동,경상사고,0,0,2,0,차량단독 - 전도전복 - 전복,안전운전불이행,건조,맑음,단일로 - 지하차도(도로)내,승용,남,20세,상해없음,,,,
2017011600100066,2017년 1월 16일 05시,월요일,광주광역시 서구 화정동,중상사고,0,1,0,0,차대사람 - 횡단중,보행자보호의무위반,건조,맑음,교차로 - 교차로횡단보도내,승용,여,54세,상해없음,보행자,여,50세,중상
2017011600100164,2017년 1월 16일 08시,월요일,광주광역시 서구 화정동,경상사고,0,0,2,0,차대차 - 추돌,안전운전불이행,건조,맑음,단일로 - 기타,승합,남,44세,상해없음,화물,남,39세,경상
2017011600100165,2017년 1월 16일 08시,월요일,광주광역시 광산구 신창동,경상사고,0,0,1,0,차대사람 - 횡단중,안전운전불이행,건조,맑음,교차로 - 교차로횡단보도내,승용,남,49세,상해없음,보행자,여,70세,경상
2017011600100203,2017년 1월 16일 09시,월요일,광주광역시 서구 광천동,경상사고,0,0,2,0,차대차 - 측면충돌,안전거리미확보,건조,맑음,교차로 - 교차로부근,승용,남,55세,상해없음,승용,남,23세,경상
2017011600100204,2017년 1월 16일 09시,월요일,광주광역시 북구 운암동,경상사고,0,0,2,0,차대차 - 기타,안전거리미확보,건조,맑음,단일로 - 기타,승용,남,33세,상해없음,승합,남,52세,상해없음
2017011600100242,2017년 1월 16일 10시,월요일,광주광역시 서구 광천동,경상사고,0,0,1,0,차대차 - 기타,차로위반,건조,기타,교차로 - 교차로부근,승용,남,50세,상해없음,승용,여,48세,경상
2017011600100267,2017년 1월 16일 11시,월요일,광주광역시 광산구 비아동,경상사고,0,0,1,0,차대차 - 추돌,안전운전불이행,건조,맑음,교차로 - 교차로안,승용,남,59세,상해없음,승용,여,39세,경상
2017011600100366,2017년 1월 16일 14시,월요일,광주광역시 서구 금호동,중상사고,0,1,0,0,차대사람 - 횡단중,보행자보호의무위반,건조,맑음,단일로 - 기타,승용,여,54세,상해없음,보행자,여,8세,중상
2017011600100367,2017년 1월 16일 14시,월요일,광주광역시 남구 주월동,경상사고,0,0,2,0,차대차 - 측면충돌,안전거리미확보,건조,맑음,단일로 - 기타,승용,여,31세,상해없음,승용,여,25세,경상
2017011600100368,2017년 1월 16일 14시,월요일,광주광역시 북구 운암동,경상사고,0,0,1,1,차대차 - 측면충돌,안전운전불이행,건조,맑음,단일로 - 기타,승용,여,43세,상해없음,승용,남,39세,경상
2017011600100409,2017년 1월 16일 15시,월요일,광주광역시 광산구 송정동,사망사고,1,0,0,0,차대사람 - 횡단중,중앙선침범,건조,맑음,교차로 - 교차로부근,승용,여,48세,상해없음,보행자,여,75세,사망
2017011600100440,2017년 1월 16일 16시,월요일,광주광역시 남구 백운동,경상사고,0,0,1,0,차대사람 - 횡단중,신호위반,건조,맑음,단일로 - 기타,화물,남,66세,상해없음,보행자,여,32세,경상
2017011600100441,2017년 1월 16일 16시,월요일,광주광역시 광산구 흑석동,경상사고,0,0,1,0,차대차 - 추돌,안전거리미확보,건조,맑음,교차로 - 교차로안,승용,남,64세,상해없음,승용,남,27세,경상
2017011600100532,2017년 1월 16일 18시,월요일,광주광역시 북구 운암동,경상사고,0,0,1,0,차대차 - 추돌,안전운전불이행,건조,맑음,단일로 - 기타,화물,남,56세,상해없음,승용,여,41세,경상
2017011600100533,2017년 1월 16일 18시,월요일,광주광역시 북구 신안동,경상사고,0,0,1,0,차대차 - 추돌,안전운전불이행,건조,맑음,단일로 - 기타,기타불명,기타불명,미분류,기타불명,승용,여,52세,경상
2017011600100534,2017년 1월 16일 18시,월요일,광주광역시 북구 운암동,경상사고,0,0,1,0,차대차 - 기타,안전운전불이행,건조,맑음,단일로 - 고가도로위,승용,남,51세,상해없음,승용,여,26세,경상
2017011600100571,2017년 1월 16일 19시,월요일,광주광역시 남구 주월동,경상사고,0,0,3,0,차대차 - 측면충돌,안전운전불이행,건조,맑음,교차로 - 교차로안,승용,남,61세,경상,승용,여,60세,경상
2017011600100572,2017년 1월 16일 19시,월요일,광주광역시 광산구 수완동,중상사고,0,1,0,0,차대차 - 정면충돌,신호위반,건조,맑음,교차로 - 교차로안,승용,여,57세,상해없음,이륜,남,17세,중상
2017011600100573,2017년 1월 16일 19시,월요일,광주광역시 광산구 운남동,경상사고,0,0,1,0,차대차 - 추돌,안전운전불이행,건조,맑음,단일로 - 기타,승용,남,27세,상해없음,승용,남,35세,경상
2017011600100574,2017년 1월 16일 19시,월요일,광주광역시 광산구 용동,경상사고,0,0,1,0,차대차 - 측면충돌,교차로운행방법위반,건조,맑음,교차로 - 교차로안,승용,남,21세,상해없음,승용,남,68세,상해없음
2017011600100610,2017년 1월 16일 20시,월요일,광주광역시 서구 쌍촌동,경상사고,0,0,2,0,차대차 - 측면충돌,직진우회전진행방해,건조,맑음,교차로 - 교차로안,승용,남,33세,상해없음,승용,여,55세,경상
2017011600100611,2017년 1월 16일 20시,월요일,광주광역시 광산구 월계동,경상사고,0,0,1,0,차대사람 - 횡단중,안전운전불이행,건조,맑음,교차로 - 교차로부근,승용,남,40세,상해없음,보행자,남,58세,경상
2017011600100668,2017년 1월 16일 22시,월요일,광주광역시 서구 금호동,경상사고,0,0,1,0,차대차 - 추돌,안전운전불이행,건조,맑음,교차로 - 교차로부근,승용,남,34세,기타불명,승용,여,54세,경상
2017011600100669,2017년 1월 16일 22시,월요일,광주광역시 서구 풍암동,경상사고,0,0,2,0,차대차 - 추돌,안전운전불이행,건조,맑음,교차로 - 교차로부근,승용,남,49세,상해없음,승용,남,43세,경상
2017011600100670,2017년 1월 16일 22시,월요일,광주광역시 광산구 도천동,경상사고,0,0,1,0,차량단독 - 공작물충돌,안전운전불이행,건조,맑음,단일로 - 기타,승용,남,43세,상해없음,,,,
2017011700100034,2017년 1월 17일 02시,화요일,광주광역시 북구 연제동,경상사고,0,0,2,0,차대차 - 측면충돌,기타,건조,맑음,교차로 - 교차로부근,승용,남,46세,상해없음,승용,남,37세,경상
2017011700100040,2017년 1월 17일 04시,화요일,광주광역시 서구 치평동,중상사고,0,1,0,0,차대사람 - 횡단중,신호위반,건조,맑음,교차로 - 교차로횡단보도내,승용,남,29세,상해없음,보행자,여,64세,중상
2017011700100139,2017년 1월 17일 08시,화요일,광주광역시 서구 쌍촌동,중상사고,0,1,1,0,차대차 - 측면충돌,직진우회전진행방해,건조,맑음,교차로 - 교차로안,승용,여,39세,중상,승용,남,64세,경상
2017011700100158,2017년 1월 17일 09시,화요일,광주광역시 남구 행암동,경상사고,0,0,4,0,차대차 - 측면충돌,안전운전불이행,건조,맑음,교차로 - 교차로부근,승합,남,38세,경상,승용,남,37세,경상
2017011700100205,2017년 1월 17일 11시,화요일,광주광역시 서구 금호동,부상신고사고,0,0,0,1,차대사람 - 횡단중,안전운전불이행,건조,맑음,단일로 - 기타,기타불명,기타불명,미분류,기타불명,보행자,여,11세,부상신고
2017011700100232,2017년 1월 17일 12시,화요일,광주광역시 서구 화정동,경상사고,0,0,2,0,차대차 - 기타,안전운전불이행,건조,맑음,교차로 - 교차로안,승용,여,50세,상해없음,승용,남,32세,경상
2017011700100263,2017년 1월 17일 13시,화요일,광주광역시 서구 화정동,경상사고,0,0,1,0,차량단독 - 전도전복,안전운전불이행,건조,맑음,단일로 - 기타,승용,여,35세,경상,미분류,미분류,미분류,미분류
2017011700100264,2017년 1월 17일 13시,화요일,광주광역시 북구 오치동,경상사고,0,0,1,0,차대차 - 측면충돌,교차로운행방법위반,건조,맑음,교차로 - 교차로안,화물,남,67세,상해없음,승용,여,27세,경상
2017011700100322,2017년 1월 17일 15시,화요일,광주광역시 동구 내남동,경상사고,0,0,1,0,차대차 - 기타,차로위반,건조,맑음,단일로 - 기타,승용,여,50세,상해없음,승용,남,43세,경상
2017011700100323,2017년 1월 17일 15시,화요일,광주광역시 서구 쌍촌동,경상사고,0,0,1,0,차대사람 - 기타,안전운전불이행,건조,맑음,단일로 - 기타,승합,남,50세,상해없음,보행자,여,23세,경상
2017011700100385,2017년 1월 17일 17시,화요일,광주광역시 서구 쌍촌동,경상사고,0,0,1,0,차대차 - 측면충돌,안전거리미확보,건조,맑음,교차로 - 교차로부근,승용,여,41세,상해없음,승용,여,57세,경상
2017011700100386,2017년 1월 17일 17시,화요일,광주광역시 서구 광천동,경상사고,0,0,1,0,차대차 - 기타,안전운전불이행,건조,맑음,단일로 - 기타,승합,남,56세,상해없음,승합,남,54세,상해없음
2017011700100387,2017년 1월 17일 17시,화요일,광주광역시 북구 일곡동,경상사고,0,0,1,0,차대차 - 기타,신호위반,건조,맑음,교차로 - 교차로안,승용,여,58세,상해없음,자전거,남,19세,경상
2017011700100425,2017년 1월 17일 18시,화요일,광주광역시 남구 백운동,경상사고,0,0,4,0,차대차 - 측면충돌,교차로운행방법위반,건조,맑음,교차로 - 교차로안,승용,여,28세,경상,승용,여,51세,경상
2017011700100426,2017년 1월 17일 18시,화요일,광주광역시 북구 중흥동,경상사고,0,0,1,0,차대차 - 측면충돌,안전거리미확보,건조,맑음,단일로 - 기타,승용,남,63세,상해없음,승용,남,43세,상해없음
2017011700100427,2017년 1월 17일 18시,화요일,광주광역시 북구 신용동,경상사고,0,0,1,0,차대차 - 추돌,안전운전불이행,건조,맑음,단일로 - 기타,승용,남,29세,상해없음,승용,여,32세,경상
2017011700100428,2017년 1월 17일 18시,화요일,광주광역시 광산구 소촌동,중상사고,0,1,0,0,차대차 - 측면충돌,중앙선침범,건조,맑음,단일로 - 기타,자전거,여,76세,중상,승용,여,44세,상해없음
2017011700100479,2017년 1월 17일 19시,화요일,광주광역시 서구 금호동,경상사고,0,0,1,0,차대차 - 기타,교차로운행방법위반,건조,맑음,교차로 - 교차로안,승용,남,57세,상해없음,승합,남,39세,상해없음
2017011700100480,2017년 1월 17일 19시,화요일,광주광역시 북구 오치동,경상사고,0,0,1,0,차대차 - 기타,안전거리미확보,건조,맑음,단일로 - 기타,승용,여,44세,상해없음,이륜,남,52세,경상
2017011700100481,2017년 1월 17일 19시,화요일,광주광역시 광산구 흑석동,중상사고,0,1,0,0,차대사람 - 횡단중,기타,건조,맑음,단일로 - 기타,원동기,남,18세,상해없음,보행자,남,51세,중상
2017011700100510,2017년 1월 17일 20시,화요일,광주광역시 서구 쌍촌동,경상사고,0,0,1,0,차대차 - 측면충돌,안전거리미확보,건조,맑음,교차로 - 교차로안,승용,남,55세,상해없음,승용,남,59세,경상
2017011700100511,2017년 1월 17일 20시,화요일,광주광역시 북구 양산동,경상사고,0,0,1,0,차대사람 - 횡단중,안전운전불이행,건조,맑음,단일로 - 기타,승용,남,34세,상해없음,보행자,여,32세,경상
2017011700100560,2017년 1월 17일 22시,화요일,광주광역시 동구 서석동,경상사고,0,0,1,1,차대차 - 측면충돌,신호위반,건조,맑음,교차로 - 교차로안,승용,여,24세,상해없음,승용,남,29세,경상
2017011700100561,2017년 1월 17일 22시,화요일,광주광역시 동구 장동,경상사고,0,0,1,0,차량단독 - 기타,안전운전불이행,건조,맑음,교차로 - 교차로안,승용,남,52세,상해없음,,,,
2017011800100088,2017년 1월 18일 06시,수요일,광주광역시 남구 양림동,경상사고,0,0,5,0,차대차 - 측면충돌,안전운전불이행,건조,맑음,단일로 - 기타,승용,남,20세,상해없음,승합,남,60세,경상
2017011800100101,2017년 1월 18일 07시,수요일,광주광역시 광산구 수완동,경상사고,0,0,1,0,차대차 - 추돌,안전거리미확보,건조,맑음,단일로 - 기타,승용,남,24세,상해없음,승용,남,49세,경상
2017011800100105,2017년 1월 18일 07시,수요일,광주광역시 광산구 도천동,경상사고,0,0,1,0,차대차 - 정면충돌,안전거리미확보,건조,맑음,단일로 - 기타,승용,남,61세,상해없음,승용,여,50세,경상
2017011800100197,2017년 1월 18일 10시,수요일,광주광역시 광산구 소촌동,경상사고,0,0,1,0,차대차 - 추돌,안전거리미확보,건조,맑음,단일로 - 기타,화물,여,47세,상해없음,승용,남,28세,경상
2017011800100223,2017년 1월 18일 11시,수요일,광주광역시 서구 쌍촌동,경상사고,0,0,1,0,차대사람 - 횡단중,안전운전불이행,건조,맑음,교차로 - 교차로부근,승용,남,61세,상해없음,보행자,남,52세,경상
2017011800100309,2017년 1월 18일 14시,수요일,광주광역시 북구 연제동,경상사고,0,0,3,0,차대차 - 측면충돌,안전운전불이행,건조,맑음,단일로 - 기타,승용,여,48세,경상,화물,남,48세,경상
2017011800100330,2017년 1월 18일 15시,수요일,광주광역시 서구 양동,경상사고,0,0,3,0,차대차 - 측면충돌,중앙선침범,건조,맑음,단일로 - 교량,기타불명,기타불명,미분류,기타불명,승용,남,50세,경상
2017011800100361,2017년 1월 18일 16시,수요일,광주광역시 광산구 삼거동,사망사고,2,0,0,0,차대차 - 추돌,안전운전불이행,건조,맑음,단일로 - 기타,화물,남,78세,사망,건설기계,남,46세,상해없음
2017011800100390,2017년 1월 18일 17시,수요일,광주광역시 동구 금남로5가,경상사고,0,0,1,0,차대사람 - 횡단중,안전운전불이행,건조,맑음,단일로 - 기타,승용,남,46세,상해없음,보행자,남,64세,경상
2017011800100436,2017년 1월 18일 18시,수요일,광주광역시 북구 장등동,중상사고,0,1,2,0,차대차 - 추돌,안전거리미확보,건조,맑음,단일로 - 기타,승용,남,83세,상해없음,승합,남,41세,경상
2017011800100448,2017년 1월 18일 18시,수요일,광주광역시 광산구 신창동,중상사고,0,1,1,0,차대차 - 측면충돌,안전거리미확보,건조,맑음,교차로 - 교차로부근,건설기계,남,45세,상해없음,승용,남,44세,중상
2017011800100489,2017년 1월 18일 19시,수요일,광주광역시 북구 각화동,경상사고,0,0,2,0,차대차 - 추돌,안전운전불이행,건조,맑음,단일로 - 기타,승용,남,21세,상해없음,승용,남,57세,경상
2017011800100555,2017년 1월 18일 21시,수요일,광주광역시 서구 양동,중상사고,0,1,0,0,차대차 - 기타,중앙선침범,건조,맑음,교차로 - 교차로횡단보도내,승용,남,55세,상해없음,이륜,남,73세,중상
2017011800100556,2017년 1월 18일 21시,수요일,광주광역시 서구 양동,부상신고사고,0,0,0,1,차대차 - 기타,안전운전불이행,건조,맑음,교차로 - 교차로안,자전거,남,33세,부상신고,승용,남,56세,상해없음
2017011800100592,2017년 1월 18일 22시,수요일,광주광역시 서구 치평동,경상사고,0,0,1,0,차대차 - 측면충돌,신호위반,건조,흐림,교차로 - 교차로안,승용,남,27세,상해없음,승용,남,53세,경상
2017011800100593,2017년 1월 18일 22시,수요일,광주광역시 광산구 소촌동,경상사고,0,0,1,0,차대차 - 추돌,안전운전불이행,건조,맑음,단일로 - 기타,승용,남,22세,상해없음,화물,남,46세,상해없음
2017011800100617,2017년 1월 18일 23시,수요일,광주광역시 북구 운암동,경상사고,0,0,3,0,차대차 - 정면충돌,안전운전불이행,건조,맑음,교차로 - 교차로부근,승용,남,30세,상해없음,승용,여,40세,경상
2017011900100027,2017년 1월 19일 00시,목요일,광주광역시 광산구 산정동,중상사고,0,1,0,0,차량단독 - 공작물충돌,안전운전불이행,건조,맑음,단일로 - 기타,승용,남,39세,중상,,,,