사고번호,사고일시,요일,시군구,사고내용,사망자수,중상자수,경상자수,부상신고자수,사고유형,법규위반,노면상태,기상상태,도로형태,가해운전자 차종,가해운전자 성별,가해운전자 연령,가해운전자 상해정도,피해운전자 차종,피해운전자 성별,피해운전자 연령,피해운전자 상해정도
2017011900100041,2017년 1월 19일 01시,목요일,광주광역시 서구 치평동,경상사고,0,0,3,0,차대차 - 기타,신호위반,건조,맑음,교차로 - 교차로안,승용,남,61세,상해없음,승용,남,20세,경상
2017011900100090,2017년 1월 19일 06시,목요일,광주광역시 서구 쌍촌동,경상사고,0,0,1,0,차대차 - 측면충돌,안전거리미확보,건조,맑음,단일로 - 기타,기타불명,기타불명,미분류,기타불명,승용,남,39세,상해없음
2017011900100117,2017년 1월 19일 07시,목요일,광주광역시 광산구 우산동,경상사고,0,0,1,0,차대차 - 추돌,안전운전불이행,건조,맑음,단일로 - 기타,승용,남,27세,상해없음,승용,남,24세,경상
2017011900100148,2017년 1월 19일 08시,목요일,광주광역시 서구 쌍촌동,경상사고,0,0,1,0,차대차 - 측면충돌,안전운전불이행,건조,맑음,교차로 - 교차로안,승용,기타불명,미분류,기타불명,승용,여,47세,경상
2017011900100149,2017년 1월 19일 08시,목요일,광주광역시 북구 용봉동,경상사고,0,0,1,0,차대사람 - 횡단중,안전운전불이행,건조,흐림,단일로 - 기타,승용,남,23세,상해없음,보행자,남,48세,경상
2017011900100194,2017년 1월 19일 10시,목요일,광주광역시 북구 우산동,경상사고,0,0,1,0,차대사람 - 횡단중,안전운전불이행,건조,맑음,단일로 - 기타,승용,남,56세,상해없음,보행자,여,62세,경상
2017011900100218,2017년 1월 19일 11시,목요일,광주광역시 서구 광천동,경상사고,0,0,1,0,차대사람 - 횡단중,보행자보호의무위반,건조,맑음,단일로 - 기타,승용,남,73세,상해없음,보행자,남,76세,경상
2017011900100240,2017년 1월 19일 12시,목요일,광주광역시 서구 화정동,경상사고,0,0,2,0,차대차 - 측면충돌,신호위반,건조,맑음,교차로 - 교차로안,승용,남,67세,상해없음,승용,남,47세,경상
2017011900100295,2017년 1월 19일 14시,목요일,광주광역시 서구 내방동,경상사고,0,0,1,0,차대차 - 추돌,안전운전불이행,건조,맑음,단일로 - 기타,승용,남,35세,상해없음,승용,여,30세,경상
2017011900100334,2017년 1월 19일 15시,목요일,광주광역시 북구 운암동,중상사고,0,1,0,0,차대차 - 기타,안전운전불이행,건조,맑음,단일로 - 기타,자전거,남,78세,중상,화물,남,24세,상해없음
2017011900100335,2017년 1월 19일 15시,목요일,광주광역시 광산구 흑석동,경상사고,0,0,2,0,차대차 - 측면충돌,안전운전불이행,건조,맑음,교차로 - 교차로안,승용,여,40세,상해없음,화물,남,41세,경상
2017011900100367,2017년 1월 19일 16시,목요일,광주광역시 서구 매월동,경상사고,0,0,4,0,차대차 - 측면충돌,안전운전불이행,건조,맑음,단일로 - 기타,승용,남,67세,경상,승용,여,33세,경상
2017011900100368,2017년 1월 19일 16시,목요일,광주광역시 북구 연제동,경상사고,0,0,1,0,차대차 - 기타,차로위반,건조,맑음,단일로 - 기타,승용,남,61세,상해없음,승용,여,34세,경상
2017011900100387,2017년 1월 19일 17시,목요일,광주광역시 북구 신안동,중상사고,0,1,0,0,차대사람 - 기타,안전운전불이행,건조,맑음,미분류 - 미분류,승합,남,51세,상해없음,보행자,남,71세,중상
2017011900100440,2017년 1월 19일 18시,목요일,광주광역시 서구 벽진동,경상사고,0,0,2,0,차대차 - 추돌,안전거리미확보,건조,맑음,단일로 - 기타,승용,여,29세,경상,승용,남,53세,경상
2017011900100441,2017년 1월 19일 18시,목요일,광주광역시 북구 중흥동,경상사고,0,0,1,0,차량단독 - 기타,안전운전불이행,건조,맑음,교차로 - 교차로부근,승용,남,40세,상해없음,,,,
2017011900100474,2017년 1월 19일 19시,목요일,광주광역시 북구 신안동,경상사고,0,0,1,0,차대차 - 추돌,안전운전불이행,젖음/습기,흐림,단일로 - 기타,승합,남,59세,상해없음,승용,남,29세,경상
2017011900100523,2017년 1월 19일 21시,목요일,광주광역시 서구 광천동,경상사고,0,0,1,0,차대사람 - 횡단중,안전운전불이행,건조,맑음,단일로 - 기타,승용,남,61세,상해없음,보행자,여,28세,경상
2017011900100524,2017년 1월 19일 21시,목요일,광주광역시 광산구 월계동,경상사고,0,0,1,0,차대사람 - 횡단중,중앙선침범,건조,맑음,교차로 - 교차로부근,승용,남,38세,상해없음,보행자,남,56세,경상
2017012000100028,2017년 1월 20일 00시,금요일,광주광역시 남구 방림동,경상사고,0,0,2,0,차대차 - 측면충돌,신호위반,건조,맑음,교차로 - 교차로안,승용,남,25세,상해없음,승용,남,32세,경상
2017012000100029,2017년 1월 20일 00시,금요일,광주광역시 광산구 신창동,경상사고,0,0,1,0,차대사람 - 횡단중,안전운전불이행,건조,맑음,교차로 - 교차로안,승용,남,57세,상해없음,보행자,남,47세,경상
2017012000100038,2017년 1월 20일 01시,금요일,광주광역시 북구 용봉동,부상신고사고,0,0,0,1,차대사람 - 횡단중,안전운전불이행,젖음/습기,눈,교차로 - 교차로안,승용,남,28세,상해없음,보행자,남,18세,부상신고
2017012000100039,2017년 1월 20일 01시,금요일,광주광역시 광산구 도산동,경상사고,0,0,2,0,차대차 - 측면충돌,안전운전불이행,건조,맑음,교차로 - 교차로안,승용,남,26세,경상,승용,여,28세,경상
2017012000100079,2017년 1월 20일 04시,금요일,광주광역시 남구 주월동,경상사고,0,0,2,0,차대차 - 측면충돌,신호위반,젖음/습기,눈,교차로 - 교차로안,승용,남,60세,상해없음,승용,남,72세,경상
2017012000100138,2017년 1월 20일 07시,금요일,광주광역시 동구 동명동,경상사고,0,0,1,0,차대차 - 기타,안전거리미확보,건조,맑음,단일로 - 기타,승용,여,51세,상해없음,승용,여,44세,경상
2017012000100139,2017년 1월 20일 07시,금요일,광주광역시 남구 진월동,경상사고,0,0,1,0,차대사람 - 횡단중,신호위반,젖음/습기,눈,교차로 - 교차로부근,승용,여,57세,상해없음,보행자,여,25세,경상
2017012000100140,2017년 1월 20일 07시,금요일,광주광역시 북구 각화동,중상사고,0,1,0,0,차대사람 - 횡단중,보행자보호의무위반,젖음/습기,비,교차로 - 교차로안,승용,남,58세,상해없음,보행자,여,55세,중상
2017012000100141,2017년 1월 20일 07시,금요일,광주광역시 북구 두암동,경상사고,0,0,1,0,차대차 - 추돌,안전거리미확보,건조,맑음,교차로 - 교차로부근,승용,남,41세,상해없음,승용,남,34세,경상
2017012000100142,2017년 1월 20일 07시,금요일,광주광역시 광산구 신촌동,경상사고,0,0,1,0,차대차 - 추돌,안전운전불이행,건조,맑음,교차로 - 교차로부근,승용,남,34세,상해없음,승용,남,24세,경상
2017012000100181,2017년 1월 20일 08시,금요일,광주광역시 서구 치평동,경상사고,0,0,1,0,차대차 - 측면충돌,교차로운행방법위반,젖음/습기,눈,교차로 - 교차로부근,화물,남,58세,상해없음,승용,여,51세,경상
2017012000100182,2017년 1월 20일 08시,금요일,광주광역시 광산구 하남동,경상사고,0,0,2,0,차대차 - 측면충돌,안전거리미확보,건조,맑음,단일로 - 기타,화물,남,29세,상해없음,승용,남,55세,경상
2017012000100250,2017년 1월 20일 10시,금요일,광주광역시 북구 신안동,중상사고,0,1,0,0,차대차 - 측면충돌,안전운전불이행,서리/결빙,눈,교차로 - 교차로안,승용,남,26세,상해없음,승합,남,61세,상해없음
2017012000100288,2017년 1월 20일 12시,금요일,광주광역시 북구 문흥동,중상사고,0,1,1,0,차대차 - 측면충돌,중앙선침범,젖음/습기,눈,단일로 - 기타,승용,남,57세,중상,화물,남,36세,경상
2017012000100289,2017년 1월 20일 12시,금요일,광주광역시 광산구 신창동,경상사고,0,0,1,0,차대차 - 추돌,안전거리미확보,건조,맑음,교차로 - 교차로부근,승용,남,43세,상해없음,승용,여,33세,경상
2017012000100311,2017년 1월 20일 13시,금요일,광주광역시 서구 화정동,경상사고,0,0,1,0,차대차 - 측면충돌,안전운전불이행,젖음/습기,눈,단일로 - 기타,승용,남,32세,상해없음,승용,여,57세,경상
2017012000100312,2017년 1월 20일 13시,금요일,광주광역시 북구 두암동,경상사고,0,0,1,0,차대사람 - 횡단중,안전운전불이행,적설,눈,단일로 - 기타,승용,남,60세,상해없음,보행자,남,72세,경상
2017012000100339,2017년 1월 20일 14시,금요일,광주광역시 광산구 운남동,경상사고,0,0,1,0,차대사람 - 횡단중,안전운전불이행,건조,맑음,단일로 - 기타,승용,남,56세,상해없음,보행자,남,46세,경상
2017012000100392,2017년 1월 20일 16시,금요일,광주광역시 동구 동명동,경상사고,0,0,1,0,차대차 - 측면충돌,신호위반,젖음/습기,눈,교차로 - 교차로안,승용,남,71세,상해없음,이륜,남,41세,경상
2017012000100393,2017년 1월 20일 16시,금요일,광주광역시 서구 금호동,경상사고,0,0,4,0,차대차 - 측면충돌,안전거리미확보,건조,맑음,교차로 - 교차로부근,승용,남,78세,경상,승용,남,38세,경상
2017012000100416,2017년 1월 20일 17시,금요일,광주광역시 동구 대인동,경상사고,0,0,1,0,차대사람 - 길가장자리구역통행중,안전운전불이행,건조,흐림,단일로 - 기타,승용,남,67세,상해없음,보행자,남,54세,경상
2017012000100453,2017년 1월 20일 18시,금요일,광주광역시 광산구 소촌동,경상사고,0,0,3,0,차대차 - 추돌,안전운전불이행,건조,흐림,교차로 - 교차로부근,승용,남,35세,상해없음,승용,남,35세,경상
2017012000100484,2017년 1월 20일 19시,금요일,광주광역시 서구 치평동,경상사고,0,0,2,1,차대차 - 측면충돌,중앙선침범,건조,맑음,교차로 - 교차로부근,승용,남,23세,경상,승용,남,57세,상해없음
2017012000100506,2017년 1월 20일 20시,금요일,광주광역시 서구 쌍촌동,경상사고,0,0,1,0,차대차 - 측면충돌,안전운전불이행,서리/결빙,눈,단일로 - 기타,승용,남,30세,상해없음,이륜,남,18세,경상
2017012000100507,2017년 1월 20일 20시,금요일,광주광역시 북구 용봉동,경상사고,0,0,1,0,차대사람 - 횡단중,안전운전불이행,적설,눈,주차장 - 주차장,승용,남,48세,상해없음,보행자,여,51세,경상
2017012000100525,2017년 1월 20일 21시,금요일,광주광역시 서구 화정동,경상사고,0,0,1,0,차대차 - 측면충돌,교차로운행방법위반,건조,맑음,교차로 - 교차로안,승용,여,58세,상해없음,승용,남,24세,경상
2017012000100526,2017년 1월 20일 21시,금요일,광주광역시 남구 서동,중상사고,0,2,0,0,차대사람 - 횡단중,안전운전불이행,건조,맑음,교차로 - 교차로횡단보도내,승용,남,41세,상해없음,보행자,남,65세,중상
2017012000100549,2017년 1월 20일 22시,금요일,광주광역시 북구 용봉동,경상사고,0,0,1,1,차대차 - 측면충돌,안전운전불이행,건조,맑음,단일로 - 기타,승용,남,59세,상해없음,승합,남,41세,부상신고
2017012000100571,2017년 1월 20일 23시,금요일,광주광역시 서구 치평동,경상사고,0,0,2,0,차대차 - 측면충돌,안전운전불이행,건조,맑음,교차로 - 교차로안,승용,남,28세,상해없음,승용,남,64세,경상
2017012100100100,2017년 1월 21일 04시,토요일,광주광역시 동구 장동,중상사고,0,1,0,0,차대사람 - 횡단중,보행자보호의무위반,건조,흐림,교차로 - 교차로횡단보도내,승용,여,53세,상해없음,보행자,여,24세,중상
2017012100100112,2017년 1월 21일 05시,토요일,광주광역시 남구 월산동,경상사고,0,0,2,0,차대차 - 측면충돌,교차로운행방법위반,건조,맑음,교차로 - 교차로안,승용,남,59세,경상,승용,남,31세,경상
2017012100100221,2017년 1월 21일 11시,토요일,광주광역시 북구 연제동,중상사고,0,1,1,0,차대차 - 측면충돌,교차로운행방법위반,건조,맑음,교차로 - 교차로안,승용,남,58세,경상,승용,남,32세,중상
2017012100100245,2017년 1월 21일 12시,토요일,광주광역시 북구 용봉동,경상사고,0,0,1,0,차대차 - 측면충돌,안전운전불이행,건조,맑음,교차로 - 교차로부근,승용,남,29세,상해없음,이륜,남,18세,경상
2017012100100288,2017년 1월 21일 14시,토요일,광주광역시 북구 유동,중상사고,0,1,3,0,차대차 - 측면충돌,교차로운행방법위반,건조,흐림,교차로 - 교차로안,승용,남,75세,경상,화물,남,55세,경상
2017012100100336,2017년 1월 21일 16시,토요일,광주광역시 광산구 월계동,경상사고,0,0,8,0,차대차 - 측면충돌,안전거리미확보,건조,맑음,단일로 - 기타,승용,남,60세,경상,승용,여,25세,경상
2017012100100363,2017년 1월 21일 17시,토요일,광주광역시 광산구 운남동,경상사고,0,0,2,0,차대차 - 측면충돌,신호위반,건조,맑음,교차로 - 교차로안,승용,여,55세,경상,이륜,남,66세,경상
2017012100100408,2017년 1월 21일 18시,토요일,광주광역시 남구 봉선동,경상사고,0,0,1,0,차대차 - 추돌,안전운전불이행,젖음/습기,흐림,단일로 - 기타,승용,남,66세,상해없음,화물,남,37세,경상
2017012100100409,2017년 1월 21일 18시,토요일,광주광역시 남구 백운동,경상사고,0,0,1,0,차대차 - 추돌,안전거리미확보,건조,맑음,단일로 - 기타,승용,남,49세,상해없음,승용,남,48세,경상
2017012100100410,2017년 1월 21일 18시,토요일,광주광역시 광산구 산월동,경상사고,0,0,1,0,차대사람 - 기타,안전운전불이행,서리/결빙,눈,교차로 - 교차로안,이륜,남,19세,상해없음,보행자,여,46세,경상
2017012100100495,2017년 1월 21일 22시,토요일,광주광역시 서구 치평동,중상사고,0,1,0,0,차대사람 - 차도통행중,안전운전불이행,서리/결빙,눈,단일로 - 기타,승용,남,28세,상해없음,보행자,여,52세,중상
2017012100100496,2017년 1월 21일 22시,토요일,광주광역시 남구 진월동,경상사고,0,0,1,0,차대사람 - 횡단중,신호위반,젖음/습기,눈,교차로 - 교차로횡단보도내,화물,남,54세,상해없음,보행자,여,17세,경상
2017012200100021,2017년 1월 22일 00시,일요일,광주광역시 광산구 월곡동,경상사고,0,0,3,0,차대차 - 후진중충돌,안전운전불이행,젖음/습기,눈,교차로 - 교차로부근,승합,남,33세,상해없음,승용,남,58세,경상
2017012200100034,2017년 1월 22일 01시,일요일,광주광역시 북구 양산동,사망사고,1,0,0,0,차량단독 - 공작물충돌,안전운전불이행,서리/결빙,눈,단일로 - 기타,승용,남,70세,사망,,,,
2017012200100060,2017년 1월 22일 03시,일요일,광주광역시 동구 계림동,경상사고,0,0,2,0,차대차 - 측면충돌,안전운전불이행,건조,맑음,기타 - 기타,승용,남,67세,상해없음,승용,남,63세,경상
2017012200100072,2017년 1월 22일 04시,일요일,광주광역시 서구 쌍촌동,경상사고,0,0,1,0,차대사람 - 횡단중,안전운전불이행,서리/결빙,눈,교차로 - 교차로안,승용,남,49세,상해없음,보행자,남,31세,경상
2017012200100083,2017년 1월 22일 05시,일요일,광주광역시 서구 쌍촌동,경상사고,0,0,3,0,차대차 - 기타,교차로운행방법위반,서리/결빙,눈,교차로 - 교차로안,승용,남,33세,상해없음,승용,여,54세,경상
2017012200100119,2017년 1월 22일 08시,일요일,광주광역시 서구 유촌동,경상사고,0,0,1,0,차량단독 - 공작물충돌,안전운전불이행,적설,기타,단일로 - 기타,승용,남,55세,상해없음,,,,
2017012200100120,2017년 1월 22일 08시,일요일,광주광역시 북구 월출동,경상사고,0,0,1,0,차대차 - 기타,신호위반,서리/결빙,눈,교차로 - 교차로안,승용,남,46세,상해없음,승용,남,31세,경상
2017012200100164,2017년 1월 22일 11시,일요일,광주광역시 서구 화정동,경상사고,0,0,1,0,차대차 - 기타,안전거리미확보,건조,맑음,단일로 - 기타,이륜,남,24세,상해없음,승용,남,33세,경상
2017012200100305,2017년 1월 22일 17시,일요일,광주광역시 서구 광천동,경상사고,0,0,1,0,차대차 - 기타,안전거리미확보,건조,맑음,교차로 - 교차로부근,승용,여,27세,상해없음,승합,남,42세,상해없음
2017012200100306,2017년 1월 22일 17시,일요일,광주광역시 서구 내방동,경상사고,0,0,3,0,차대차 - 측면충돌,안전거리미확보,건조,맑음,단일로 - 기타,승용,남,54세,경상,승용,남,28세,경상
2017012200100338,2017년 1월 22일 18시,일요일,광주광역시 광산구 신가동,경상사고,0,0,2,0,차대차 - 추돌,안전운전불이행,서리/결빙,눈,교차로 - 교차로부근,승용,남,47세,상해없음,승용,여,45세,경상
2017012200100439,2017년 1월 22일 22시,일요일,광주광역시 서구 금호동,경상사고,0,0,1,0,차대차 - 추돌,안전거리미확보,건조,맑음,교차로 - 교차로부근,승용,남,60세,상해없음,승용,남,30세,경상
2017012200100451,2017년 1월 22일 23시,일요일,광주광역시 광산구 도천동,경상사고,0,0,1,0,차대차 - 측면충돌,안전운전불이행,서리/결빙,눈,교차로 - 교차로부근,화물,남,43세,상해없음,승용,남,23세,경상
2017012300100022,2017년 1월 23일 00시,월요일,광주광역시 북구 양산동,경상사고,0,0,3,0,차량단독 - 공작물충돌,안전운전불이행,적설,눈,단일로 - 기타,승용,남,49세,상해없음,,,,
2017012300100023,2017년 1월 23일 00시,월요일,광주광역시 광산구 월계동,경상사고,0,0,2,0,차대차 - 기타,안전운전불이행,서리/결빙,눈,교차로 - 교차로부근,승용,남,52세,경상,승용,남,41세,상해없음
2017012300100035,2017년 1월 23일 01시,월요일,광주광역시 동구 계림동,경상사고,0,0,2,0,차대차 - 기타,안전운전불이행,서리/결빙,눈,단일로 - 기타,승용,남,61세,상해없음,승용,남,34세,상해없음
2017012300100040,2017년 1월 23일 02시,월요일,광주광역시 북구 운암동,경상사고,0,0,1,0,차대차 - 측면충돌,안전운전불이행,서리/결빙,흐림,교차로 - 교차로안,승용,여,57세,상해없음,승용,남,28세,경상
2017012300100056,2017년 1월 23일 05시,월요일,광주광역시 광산구 선암동,경상사고,0,0,1,0,차량단독 - 주/정차차량 충돌,안전운전불이행,서리/결빙,눈,단일로 - 기타,승용,남,20세,경상,,,,
2017012300100072,2017년 1월 23일 06시,월요일,광주광역시 서구 풍암동,경상사고,0,0,1,0,차량단독 - 기타,안전운전불이행,서리/결빙,흐림,단일로 - 기타,승용,남,66세,상해없음,,,,
2017012300100098,2017년 1월 23일 07시,월요일,광주광역시 광산구 우산동,중상사고,0,1,0,0,차량단독 - 공작물충돌,안전운전불이행,서리/결빙,눈,단일로 - 지하차도(도로)내,승용,남,67세,중상,,,,
2017012300100099,2017년 1월 23일 07시,월요일,광주광역시 광산구 우산동,경상사고,0,0,1,0,차대차 - 추돌,안전운전불이행,서리/결빙,눈,교차로 - 교차로부근,승용,남,31세,상해없음,승용,남,39세,경상
2017012300100131,2017년 1월 23일 08시,월요일,광주광역시 서구 금호동,경상사고,0,0,2,0,차대차 - 추돌,안전운전불이행,서리/결빙,눈,단일로 - 기타,승용,여,27세,경상,승용,여,39세,경상
2017012300100132,2017년 1월 23일 08시,월요일,광주광역시 북구 동림동,경상사고,0,0,1,0,차대차 - 기타,안전운전불이행,서리/결빙,눈,단일로 - 기타,승용,남,38세,상해없음,화물,남,46세,경상
2017012300100169,2017년 1월 23일 09시,월요일,광주광역시 서구 치평동,중상사고,0,1,5,0,차대차 - 정면충돌,안전운전불이행,서리/결빙,눈,단일로 - 기타,승용,여,52세,상해없음,승용,남,48세,경상
2017012300100170,2017년 1월 23일 09시,월요일,광주광역시 서구 농성동,경상사고,0,0,1,0,차대차 - 측면충돌,직진우회전진행방해,젖음/습기,흐림,교차로 - 교차로안,승용,남,60세,상해없음,승용,여,40세,경상
2017012300100203,2017년 1월 23일 10시,월요일,광주광역시 동구 광산동,경상사고,0,0,1,0,차대사람 - 횡단중,안전운전불이행,서리/결빙,눈,단일로 - 기타,화물,남,34세,상해없음,보행자,남,18세,경상
2017012300100204,2017년 1월 23일 10시,월요일,광주광역시 동구 용산동,경상사고,0,0,3,0,차대차 - 측면충돌,직진우회전진행방해,적설,맑음,교차로 - 교차로안,승용,남,48세,경상,승용,여,35세,경상
2017012300100271,2017년 1월 23일 12시,월요일,광주광역시 남구 노대동,경상사고,0,0,1,0,차대차 - 측면충돌,신호위반,건조,맑음,교차로 - 교차로안,승합,남,61세,상해없음,승용,남,37세,경상
2017012300100308,2017년 1월 23일 13시,월요일,광주광역시 동구 장동,경상사고,0,0,2,0,차대차 - 추돌,안전운전불이행,건조,맑음,단일로 - 기타,승용,남,68세,상해없음,화물,남,66세,경상
2017012300100357,2017년 1월 23일 14시,월요일,광주광역시 남구 행암동,경상사고,0,0,1,0,차대사람 - 기타,안전운전불이행,건조,맑음,교차로 - 교차로부근,승용,남,33세,상해없음,보행자,남,46세,경상
2017012300100405,2017년 1월 23일 15시,월요일,광주광역시 남구 주월동,경상사고,0,0,1,0,차대사람 - 기타,안전운전불이행,건조,맑음,단일로 - 기타,승용,여,47세,상해없음,보행자,남,9세,경상
2017012300100406,2017년 1월 23일 15시,월요일,광주광역시 광산구 신가동,경상사고,0,0,1,0,차대차 - 측면충돌,교차로운행방법위반,건조,맑음,교차로 - 교차로안,화물,남,28세,상해없음,승용,여,29세,경상
2017012300100453,2017년 1월 23일 16시,월요일,광주광역시 남구 주월동,중상사고,0,1,0,0,차대사람 - 횡단중,안전운전불이행,건조,맑음,기타 - 기타,승용,남,55세,상해없음,보행자,여,64세,중상
2017012300100537,2017년 1월 23일 18시,월요일,광주광역시 서구 내방동,경상사고,0,0,1,0,차대차 - 추돌,안전운전불이행,건조,맑음,교차로 - 교차로부근,승용,남,48세,상해없음,승용,여,35세,경상
2017012300100630,2017년 1월 23일 21시,월요일,광주광역시 광산구 신창동,경상사고,0,0,1,0,차대차 - 정면충돌,안전거리미확보,건조,맑음,단일로 - 기타,승용,남,50세,상해없음,원동기,남,25세,경상
2017012400100040,2017년 1월 24일 00시,화요일,광주광역시 광산구 수완동,경상사고,0,0,2,0,차대차 - 추돌,안전운전불이행,건조,맑음,교차로 - 교차로횡단보도내,승용,남,45세,상해없음,승용,여,30세,경상
2017012400100041,2017년 1월 24일 00시,화요일,광주광역시 광산구 선암동,중상사고,0,1,0,0,차대차 - 측면충돌,신호위반,건조,맑음,교차로 - 교차로안,승용,남,57세,상해없음,이륜,남,16세,중상
2017012400100058,2017년 1월 24일 02시,화요일,광주광역시 남구 주월동,경상사고,0,0,1,0,차대차 - 정면충돌,신호위반,건조,맑음,교차로 - 교차로안,승용,남,30세,상해없음,승용,남,51세,경상
2017012400100064,2017년 1월 24일 03시,화요일,광주광역시 서구 매월동,중상사고,0,1,1,0,차대차 - 측면충돌,신호위반,건조,맑음,교차로 - 교차로안,화물,남,36세,중상,화물,남,46세,경상
2017012400100122,2017년 1월 24일 07시,화요일,광주광역시 서구 치평동,경상사고,0,0,2,0,차대차 - 측면충돌,안전운전불이행,건조,맑음,단일로 - 기타,승용,남,45세,경상,승용,남,63세,경상
2017012400100150,2017년 1월 24일 08시,화요일,광주광역시 북구 양산동,경상사고,0,0,1,0,차대차 - 측면충돌,안전운전불이행,건조,맑음,단일로 - 기타,승용,남,63세,상해없음,승용,여,46세,경상
2017012400100221,2017년 1월 24일 10시,화요일,광주광역시 서구 쌍촌동,중상사고,0,1,0,0,차대차 - 측면충돌,안전운전불이행,서리/결빙,맑음,교차로 - 교차로안,화물,남,40세,상해없음,승용,남,37세,중상
2017012400100222,2017년 1월 24일 10시,화요일,광주광역시 북구 중흥동,중상사고,0,1,0,0,차대사람 - 횡단중,안전운전불이행,건조,맑음,단일로 - 기타,승용,남,44세,상해없음,보행자,남,47세,중상
2017012400100467,2017년 1월 24일 16시,화요일,광주광역시 광산구 송학동,경상사고,0,0,1,0,차대사람 - 기타,안전운전불이행,건조,맑음,교차로 - 교차로부근,건설기계,남,51세,상해없음,보행자,여,75세,경상
2017012400100506,2017년 1월 24일 17시,화요일,광주광역시 동구 산수동,경상사고,0,0,5,0,차대차 - 측면충돌,안전운전불이행,건조,맑음,교차로 - 교차로부근,승용,남,20세,상해없음,승용,여,26세,경상
2017012400100507,2017년 1월 24일 17시,화요일,광주광역시 광산구 도천동,경상사고,0,0,1,0,차대차 - 추돌,안전거리미확보,건조,맑음,단일로 - 기타,승용,남,64세,상해없음,화물,여,37세,경상
2017012400100558,2017년 1월 24일 18시,화요일,광주광역시 서구 유촌동,경상사고,0,0,1,0,차대차 - 측면충돌,안전운전불이행,건조,맑음,교차로 - 교차로안,승용,여,45세,상해없음,승합,남,39세,경상
2017012400100608,2017년 1월 24일 19시,화요일,광주광역시 북구 운암동,경상사고,0,0,1,0,차대차 - 기타,안전운전불이행,젖음/습기,흐림,교차로 - 교차로부근,승용,남,24세,상해없음,승용,남,23세,경상
2017012400100654,2017년 1월 24일 20시,화요일,광주광역시 광산구 우산동,경상사고,0,0,1,0,차대차 - 측면충돌,안전운전불이행,젖음/습기,맑음,단일로 - 기타,승용,남,67세,상해없음,승용,여,32세,경상
2017012400100681,2017년 1월 24일 21시,화요일,광주광역시 북구 신용동,경상사고,0,0,1,0,차대사람 - 횡단중,안전운전불이행,건조,맑음,단일로 - 지하차도(도로)내,승용,여,37세,상해없음,보행자,남,51세,경상
2017012500100065,2017년 1월 25일 02시,수요일,광주광역시 북구 운암동,경상사고,0,0,1,0,차대사람 - 횡단중,보행자보호의무위반,건조,맑음,교차로 - 교차로횡단보도내,승용,남,37세,상해없음,보행자,남,39세,경상
2017012500100172,2017년 1월 25일 08시,수요일,광주광역시 동구 계림동,경상사고,0,0,3,0,차대차 - 측면충돌,안전운전불이행,건조,맑음,단일로 - 기타,승용,남,69세,경상,승용,여,27세,경상
2017012500100173,2017년 1월 25일 08시,수요일,광주광역시 동구 대인동,경상사고,0,0,1,0,차대사람 - 횡단중,신호위반,건조,맑음,교차로 - 교차로횡단보도내,승용,남,37세,상해없음,보행자,여,62세,경상
2017012500100246,2017년 1월 25일 10시,수요일,광주광역시 동구 계림동,경상사고,0,0,1,0,차대사람 - 횡단중,안전운전불이행,건조,맑음,교차로 - 교차로안,화물,남,37세,상해없음,보행자,여,74세,경상
2017012500100247,2017년 1월 25일 10시,수요일,광주광역시 동구 대인동,중상사고,0,1,0,0,차대차 - 측면충돌,안전운전불이행,건조,맑음,단일로 - 기타,승용,남,60세,상해없음,이륜,남,36세,중상
2017012500100276,2017년 1월 25일 11시,수요일,광주광역시 북구 삼각동,경상사고,0,0,2,0,차대차 - 측면충돌,안전운전불이행,건조,맑음,단일로 - 기타,승용,남,64세,상해없음,승용,여,48세,경상
2017012500100312,2017년 1월 25일 12시,수요일,광주광역시 북구 용봉동,경상사고,0,0,1,0,차대차 - 측면충돌,안전거리미확보,건조,맑음,단일로 - 기타,승용,남,57세,상해없음,화물,여,47세,경상
2017012500100313,2017년 1월 25일 12시,수요일,광주광역시 광산구 쌍암동,경상사고,0,0,1,0,차대차 - 측면충돌,안전운전불이행,건조,맑음,단일로 - 기타,원동기,남,61세,상해없음,승용,여,27세,경상
2017012500100392,2017년 1월 25일 14시,수요일,광주광역시 광산구 송정동,경상사고,0,0,2,0,차대차 - 측면충돌,안전운전불이행,건조,맑음,교차로 - 교차로안,승용,여,65세,경상,승합,남,65세,경상
2017012500100586,2017년 1월 25일 18시,수요일,광주광역시 북구 동림동,경상사고,0,0,2,0,차대차 - 추돌,안전운전불이행,건조,맑음,단일로 - 기타,승용,남,26세,기타불명,승용,여,42세,경상
2017012500100649,2017년 1월 25일 19시,수요일,광주광역시 광산구 월계동,경상사고,0,0,1,0,차대차 - 측면충돌,안전거리미확보,건조,맑음,단일로 - 기타,승용,남,56세,상해없음,승용,여,58세,경상
2017012500100693,2017년 1월 25일 20시,수요일,광주광역시 서구 양동,경상사고,0,0,1,0,차대사람 - 횡단중,안전운전불이행,건조,맑음,단일로 - 기타,승합,남,48세,상해없음,보행자,남,47세,경상
2017012500100760,2017년 1월 25일 22시,수요일,광주광역시 서구 화정동,경상사고,0,0,1,0,차대사람 - 횡단중,안전운전불이행,건조,맑음,단일로 - 기타,승용,남,32세,상해없음,보행자,남,35세,경상