사고번호,사고일시,요일,시군구,사고내용,사망자수,중상자수,경상자수,부상신고자수,사고유형,법규위반,노면상태,기상상태,도로형태,가해운전자 차종,가해운전자 성별,가해운전자 연령,가해운전자 상해정도,피해운전자 차종,피해운전자 성별,피해운전자 연령,피해운전자 상해정도
2017020200100250,2017년 2월 2일 14시,목요일,광주광역시 북구 용봉동,경상사고,0,0,1,0,차대사람 - 기타,신호위반,건조,맑음,단일로 - 기타,화물,남,73세,상해없음,보행자,남,57세,경상
2017020200100332,2017년 2월 2일 17시,목요일,광주광역시 북구 용봉동,경상사고,0,0,1,0,차대사람 - 횡단중,안전운전불이행,건조,맑음,단일로 - 기타,승용,남,76세,상해없음,보행자,여,69세,경상
2017020200100333,2017년 2월 2일 17시,목요일,광주광역시 광산구 수완동,중상사고,0,1,0,0,차대차 - 기타,안전운전불이행,건조,맑음,교차로 - 교차로안,승용,남,26세,상해없음,승합,남,46세,상해없음
2017020200100379,2017년 2월 2일 18시,목요일,광주광역시 북구 삼각동,경상사고,0,0,2,0,차대사람 - 횡단중,보행자보호의무위반,건조,맑음,교차로 - 교차로안,승합,남,51세,상해없음,보행자,여,30세,경상
2017020200100380,2017년 2월 2일 18시,목요일,광주광역시 북구 동림동,경상사고,0,0,1,0,차대사람 - 기타,안전운전불이행,건조,맑음,기타 - 기타,승합,남,55세,상해없음,보행자,여,64세,경상
2017020200100409,2017년 2월 2일 19시,목요일,광주광역시 서구 풍암동,경상사고,0,0,1,0,차대차 - 추돌,안전거리미확보,건조,흐림,단일로 - 기타,화물,남,51세,상해없음,승용,여,26세,경상
2017020200100465,2017년 2월 2일 21시,목요일,광주광역시 서구 쌍촌동,중상사고,0,1,0,0,차대사람 - 기타,불법유턴,건조,맑음,교차로 - 교차로부근,승용,남,23세,상해없음,보행자,여,62세,중상
2017020200100488,2017년 2월 2일 22시,목요일,광주광역시 서구 화정동,경상사고,0,0,3,0,차대차 - 측면충돌,중앙선침범,건조,맑음,교차로 - 교차로부근,화물,남,45세,상해없음,승용,남,30세,경상
2017020200100489,2017년 2월 2일 22시,목요일,광주광역시 광산구 비아동,경상사고,0,0,1,0,차대차 - 추돌,안전운전불이행,건조,맑음,교차로 - 교차로부근,기타불명,기타불명,미분류,기타불명,승용,여,33세,경상
2017020300100035,2017년 2월 3일 00시,금요일,광주광역시 동구 학동,중상사고,0,1,0,0,차량단독 - 전도전복 - 전도,안전운전불이행,건조,맑음,교차로 - 교차로안,승용,남,48세,상해없음,,,,
2017020300100036,2017년 2월 3일 00시,금요일,광주광역시 광산구 신촌동,경상사고,0,0,4,0,차대차 - 추돌,안전운전불이행,건조,맑음,단일로 - 기타,승용,남,33세,상해없음,승용,남,26세,경상
2017020300100068,2017년 2월 3일 03시,금요일,광주광역시 광산구 비아동,경상사고,0,0,2,0,차대차 - 추돌,안전운전불이행,건조,맑음,단일로 - 기타,승용,남,33세,상해없음,승용,남,51세,경상
2017020300100075,2017년 2월 3일 04시,금요일,광주광역시 북구 임동,경상사고,0,0,1,0,차대차 - 기타,안전거리미확보,건조,맑음,교차로 - 교차로부근,승합,남,41세,상해없음,승용,남,28세,경상
2017020300100084,2017년 2월 3일 05시,금요일,광주광역시 북구 동림동,중상사고,0,1,0,0,차대사람 - 횡단중,보행자보호의무위반,건조,맑음,단일로 - 기타,승용,남,43세,상해없음,보행자,여,67세,중상
2017020300100218,2017년 2월 3일 11시,금요일,광주광역시 북구 용봉동,사망사고,1,0,0,0,차대차 - 측면충돌,기타,건조,맑음,교차로 - 교차로부근,화물,남,56세,상해없음,원동기,남,75세,사망
2017020300100238,2017년 2월 3일 12시,금요일,광주광역시 북구 두암동,경상사고,0,0,1,0,차대차 - 후진중충돌,안전운전불이행,건조,맑음,단일로 - 기타,승용,여,54세,기타불명,승용,남,51세,경상
2017020300100261,2017년 2월 3일 13시,금요일,광주광역시 동구 지산동,경상사고,0,0,1,0,차대차 - 기타,안전운전불이행,건조,맑음,단일로 - 기타,승용,여,56세,상해없음,승용,남,24세,경상
2017020300100286,2017년 2월 3일 14시,금요일,광주광역시 남구 백운동,경상사고,0,0,1,0,차대사람 - 횡단중,보행자보호의무위반,건조,맑음,교차로 - 교차로안,화물,남,25세,상해없음,보행자,남,75세,경상
2017020300100341,2017년 2월 3일 16시,금요일,광주광역시 광산구 우산동,경상사고,0,0,1,0,차대차 - 추돌,안전운전불이행,건조,맑음,단일로 - 기타,승용,남,19세,상해없음,승용,여,56세,경상
2017020300100452,2017년 2월 3일 19시,금요일,광주광역시 서구 쌍촌동,경상사고,0,0,1,0,차대사람 - 횡단중,신호위반,건조,맑음,교차로 - 교차로횡단보도내,승용,남,18세,상해없음,보행자,여,44세,경상
2017020300100453,2017년 2월 3일 19시,금요일,광주광역시 광산구 선암동,경상사고,0,0,1,0,차대차 - 측면충돌,차로위반,건조,맑음,교차로 - 교차로부근,승용,남,34세,상해없음,이륜,남,16세,경상
2017020300100454,2017년 2월 3일 19시,금요일,광주광역시 광산구 신창동,경상사고,0,0,2,0,차대차 - 측면충돌,안전운전불이행,건조,맑음,교차로 - 교차로부근,승용,남,68세,기타불명,승용,남,22세,경상
2017020300100483,2017년 2월 3일 20시,금요일,광주광역시 북구 오치동,경상사고,0,0,2,0,차대차 - 기타,신호위반,건조,맑음,교차로 - 교차로안,승용,남,54세,상해없음,승용,남,37세,경상
2017020300100484,2017년 2월 3일 20시,금요일,광주광역시 북구 오치동,경상사고,0,0,2,0,차대차 - 정면충돌,안전운전불이행,건조,맑음,교차로 - 교차로부근,승용,남,57세,상해없음,승용,남,27세,경상
2017020300100509,2017년 2월 3일 21시,금요일,광주광역시 남구 진월동,중상사고,0,1,0,0,차대차 - 기타,신호위반,건조,맑음,교차로 - 교차로안,원동기,남,16세,중상,승용,남,62세,상해없음
2017020300100538,2017년 2월 3일 22시,금요일,광주광역시 북구 신안동,경상사고,0,0,1,0,차대차 - 기타,신호위반,건조,맑음,교차로 - 교차로부근,이륜,남,22세,경상,승용,남,36세,상해없음
2017020300100568,2017년 2월 3일 23시,금요일,광주광역시 남구 방림동,경상사고,0,0,2,0,차대차 - 정면충돌,신호위반,건조,맑음,교차로 - 교차로안,승용,남,48세,기타불명,승용,남,38세,경상
2017020400100059,2017년 2월 4일 02시,토요일,광주광역시 서구 광천동,중상사고,0,1,4,0,차대차 - 기타,안전거리미확보,건조,맑음,단일로 - 기타,승용,남,64세,상해없음,승용,남,24세,경상
2017020400100073,2017년 2월 4일 03시,토요일,광주광역시 북구 용봉동,경상사고,0,0,1,0,차대사람 - 횡단중,안전운전불이행,건조,맑음,교차로 - 교차로안,승용,남,25세,상해없음,보행자,남,19세,경상
2017020400100086,2017년 2월 4일 04시,토요일,광주광역시 서구 치평동,경상사고,0,0,1,0,차대차 - 측면충돌,안전운전불이행,건조,맑음,교차로 - 교차로안,승용,남,24세,상해없음,승용,여,34세,경상
2017020400100113,2017년 2월 4일 06시,토요일,광주광역시 동구 대인동,경상사고,0,0,3,0,차대차 - 측면충돌,안전거리미확보,건조,맑음,교차로 - 교차로안,승용,남,29세,경상,승용,남,64세,경상
2017020400100114,2017년 2월 4일 06시,토요일,광주광역시 서구 금호동,경상사고,0,0,1,0,차대차 - 측면충돌,안전운전불이행,건조,맑음,교차로 - 교차로부근,승용,남,33세,상해없음,승용,남,29세,상해없음
2017020400100147,2017년 2월 4일 08시,토요일,광주광역시 북구 오치동,경상사고,0,0,2,0,차대차 - 기타,안전운전불이행,건조,맑음,단일로 - 기타,승용,여,54세,상해없음,승용,남,67세,경상
2017020400100168,2017년 2월 4일 09시,토요일,광주광역시 서구 농성동,경상사고,0,0,1,0,차대차 - 측면충돌,안전운전불이행,건조,맑음,단일로 - 기타,승용,남,24세,상해없음,승용,여,33세,경상
2017020400100169,2017년 2월 4일 09시,토요일,광주광역시 북구 임동,경상사고,0,0,1,0,차대차 - 측면충돌,안전운전불이행,건조,흐림,단일로 - 기타,자전거,남,40세,경상,승용,남,57세,상해없음
2017020400100282,2017년 2월 4일 14시,토요일,광주광역시 동구 불로동,경상사고,0,0,1,0,차대차 - 기타,안전거리미확보,건조,맑음,단일로 - 기타,승용,남,21세,상해없음,승용,남,30세,경상
2017020400100283,2017년 2월 4일 14시,토요일,광주광역시 서구 유촌동,경상사고,0,0,4,0,차대차 - 측면충돌,신호위반,건조,맑음,교차로 - 교차로안,승용,남,32세,상해없음,승용,여,35세,경상
2017020400100302,2017년 2월 4일 15시,토요일,광주광역시 서구 치평동,경상사고,0,0,2,0,차대차 - 측면충돌,과속,건조,맑음,교차로 - 교차로안,승용,남,29세,상해없음,승용,남,70세,경상
2017020400100314,2017년 2월 4일 16시,토요일,광주광역시 광산구 신가동,중상사고,0,1,0,0,차대차 - 측면충돌,안전운전불이행,건조,맑음,교차로 - 교차로부근,기타불명,기타불명,미분류,기타불명,이륜,남,44세,중상
2017020400100367,2017년 2월 4일 18시,토요일,광주광역시 북구 유동,경상사고,0,0,2,0,차대차 - 측면충돌,안전운전불이행,건조,맑음,단일로 - 기타,승용,남,45세,경상,승용,남,53세,경상
2017020400100423,2017년 2월 4일 20시,토요일,광주광역시 북구 양산동,경상사고,0,0,5,0,차대차 - 측면충돌,중앙선침범,젖음/습기,비,단일로 - 기타,승용,남,32세,상해없음,승용,남,69세,경상
2017020400100450,2017년 2월 4일 21시,토요일,광주광역시 동구 궁동,경상사고,0,0,3,0,차대차 - 기타,신호위반,건조,맑음,교차로 - 교차로안,승용,남,22세,상해없음,승용,남,41세,경상
2017020400100451,2017년 2월 4일 21시,토요일,광주광역시 서구 쌍촌동,경상사고,0,0,2,0,차대차 - 추돌,안전운전불이행,젖음/습기,비,교차로 - 교차로부근,승용,남,51세,상해없음,승용,남,48세,경상
2017020400100452,2017년 2월 4일 21시,토요일,광주광역시 북구 용봉동,경상사고,0,0,1,0,차대차 - 측면충돌,안전운전불이행,건조,맑음,단일로 - 기타,승용,남,62세,상해없음,승용,남,57세,경상
2017020400100479,2017년 2월 4일 22시,토요일,광주광역시 광산구 우산동,경상사고,0,0,3,0,차대차 - 측면충돌,신호위반,젖음/습기,흐림,교차로 - 교차로안,승용,남,56세,경상,승용,남,37세,경상
2017020400100480,2017년 2월 4일 22시,토요일,광주광역시 광산구 하남동,경상사고,0,0,1,0,차대차 - 추돌,안전운전불이행,젖음/습기,흐림,교차로 - 교차로부근,승합,남,46세,기타불명,승용,남,53세,경상
2017020400100506,2017년 2월 4일 23시,토요일,광주광역시 서구 농성동,경상사고,0,0,5,0,차대차 - 추돌,안전운전불이행,젖음/습기,비,교차로 - 교차로부근,승용,여,57세,상해없음,승용,남,36세,경상
2017020400100507,2017년 2월 4일 23시,토요일,광주광역시 광산구 신가동,경상사고,0,0,1,0,차대사람 - 횡단중,안전운전불이행,젖음/습기,비,교차로 - 교차로횡단보도내,승용,남,48세,상해없음,보행자,남,54세,경상
2017020500100018,2017년 2월 5일 00시,일요일,광주광역시 서구 치평동,중상사고,0,1,1,0,차대사람 - 횡단중,보행자보호의무위반,젖음/습기,비,교차로 - 교차로횡단보도내,승용,남,45세,상해없음,보행자,남,36세,경상
2017020500100019,2017년 2월 5일 00시,일요일,광주광역시 서구 화정동,부상신고사고,0,0,0,1,차대사람 - 횡단중,보행자보호의무위반,젖음/습기,비,단일로 - 기타,승용,남,62세,상해없음,보행자,남,32세,부상신고
2017020500100046,2017년 2월 5일 01시,일요일,광주광역시 서구 치평동,경상사고,0,0,1,0,차대차 - 기타,교차로운행방법위반,건조,맑음,교차로 - 교차로안,승용,남,30세,상해없음,원동기,남,23세,경상
2017020500100070,2017년 2월 5일 03시,일요일,광주광역시 동구 소태동,중상사고,0,1,3,0,차대차 - 추돌,안전운전불이행,젖음/습기,흐림,교차로 - 교차로안,승용,남,50세,중상,승용,남,32세,상해없음
2017020500100106,2017년 2월 5일 07시,일요일,광주광역시 북구 임동,경상사고,0,0,1,0,차대차 - 추돌,안전거리미확보,젖음/습기,비,단일로 - 기타,승용,남,39세,상해없음,승용,남,37세,경상
2017020500100123,2017년 2월 5일 09시,일요일,광주광역시 남구 송하동,경상사고,0,0,1,0,차대사람 - 횡단중,안전운전불이행,젖음/습기,비,단일로 - 기타,승용,여,47세,상해없음,보행자,남,51세,경상
2017020500100136,2017년 2월 5일 10시,일요일,광주광역시 동구 내남동,경상사고,0,0,1,0,차량단독 - 공작물충돌,안전운전불이행,젖음/습기,비,단일로 - 기타,승용,여,75세,경상,,,,
2017020500100173,2017년 2월 5일 12시,일요일,광주광역시 광산구 소촌동,경상사고,0,0,1,0,차대차 - 측면충돌,안전운전불이행,젖음/습기,비,단일로 - 기타,승용,여,60세,상해없음,승용,남,68세,경상
2017020500100185,2017년 2월 5일 13시,일요일,광주광역시 북구 신안동,경상사고,0,0,4,0,차대차 - 추돌,안전거리미확보,건조,맑음,단일로 - 기타,승용,남,31세,경상,승합,남,57세,경상
2017020500100248,2017년 2월 5일 16시,일요일,광주광역시 서구 벽진동,경상사고,0,0,2,0,차대차 - 기타,안전거리미확보,건조,맑음,교차로 - 교차로안,승용,남,27세,상해없음,승용,여,51세,경상
2017020500100249,2017년 2월 5일 16시,일요일,광주광역시 북구 삼각동,경상사고,0,0,1,0,차대차 - 측면충돌,안전거리미확보,건조,맑음,단일로 - 기타,승용,남,63세,상해없음,이륜,남,33세,경상
2017020500100267,2017년 2월 5일 17시,일요일,광주광역시 서구 금호동,경상사고,0,0,1,0,차대차 - 측면충돌,안전운전불이행,건조,맑음,교차로 - 교차로부근,승용,남,59세,상해없음,이륜,남,25세,경상
2017020500100268,2017년 2월 5일 17시,일요일,광주광역시 남구 노대동,경상사고,0,0,1,0,차대차 - 정면충돌,직진우회전진행방해,건조,맑음,교차로 - 교차로안,승용,여,29세,상해없음,승용,남,28세,상해없음
2017020500100269,2017년 2월 5일 17시,일요일,광주광역시 북구 우산동,경상사고,0,0,2,0,차대차 - 측면충돌,신호위반,건조,맑음,교차로 - 교차로안,승용,남,56세,경상,화물,남,59세,경상
2017020500100301,2017년 2월 5일 18시,일요일,광주광역시 광산구 소촌동,경상사고,0,0,4,0,차대차 - 추돌,안전운전불이행,건조,맑음,교차로 - 교차로안,승용,남,24세,상해없음,승합,남,40세,경상
2017020500100350,2017년 2월 5일 20시,일요일,광주광역시 북구 운암동,경상사고,0,0,1,0,차대차 - 측면충돌,신호위반,젖음/습기,흐림,교차로 - 교차로안,승용,남,52세,상해없음,원동기,남,17세,경상
2017020500100368,2017년 2월 5일 21시,일요일,광주광역시 북구 양산동,경상사고,0,0,1,0,차대차 - 측면충돌,교차로운행방법위반,건조,맑음,교차로 - 교차로안,승용,남,50세,상해없음,승용,여,54세,경상
2017020500100369,2017년 2월 5일 21시,일요일,광주광역시 광산구 월곡동,경상사고,0,0,1,0,차대사람 - 횡단중,안전운전불이행,건조,맑음,교차로 - 교차로안,기타불명,기타불명,미분류,기타불명,보행자,남,31세,경상
2017020500100386,2017년 2월 5일 22시,일요일,광주광역시 서구 쌍촌동,경상사고,0,0,2,0,차대차 - 측면충돌,안전운전불이행,건조,맑음,교차로 - 교차로부근,승용,남,39세,상해없음,이륜,남,26세,경상
2017020500100387,2017년 2월 5일 22시,일요일,광주광역시 광산구 소촌동,사망사고,1,0,0,0,차대사람 - 횡단중,안전운전불이행,건조,맑음,단일로 - 기타,승용,여,37세,상해없음,보행자,남,78세,사망
2017020500100398,2017년 2월 5일 23시,일요일,광주광역시 북구 양산동,경상사고,0,0,3,0,차대차 - 정면충돌,신호위반,건조,맑음,교차로 - 교차로안,승용,여,25세,경상,승용,남,44세,경상
2017020500100399,2017년 2월 5일 23시,일요일,광주광역시 북구 용봉동,경상사고,0,0,1,0,차량단독 - 기타,안전운전불이행,건조,맑음,단일로 - 기타,승용,남,51세,상해없음,,,,
2017020600100037,2017년 2월 6일 03시,월요일,광주광역시 북구 운암동,경상사고,0,0,1,0,차대사람 - 횡단중,안전운전불이행,건조,흐림,단일로 - 기타,기타불명,기타불명,미분류,기타불명,보행자,남,47세,경상
2017020600100050,2017년 2월 6일 05시,월요일,광주광역시 북구 운암동,경상사고,0,0,1,0,차대차 - 정면충돌,신호위반,건조,맑음,교차로 - 교차로안,승용,여,55세,상해없음,승용,남,68세,경상
2017020600100162,2017년 2월 6일 10시,월요일,광주광역시 북구 운암동,경상사고,0,0,3,0,차대차 - 측면충돌,교차로운행방법위반,건조,맑음,교차로 - 교차로안,승용,남,49세,상해없음,승용,남,69세,상해없음
2017020600100188,2017년 2월 6일 11시,월요일,광주광역시 남구 서동,경상사고,0,0,3,1,차대차 - 측면충돌,교차로운행방법위반,건조,맑음,교차로 - 교차로안,승용,여,63세,부상신고,화물,남,45세,경상
2017020600100272,2017년 2월 6일 14시,월요일,광주광역시 북구 동림동,경상사고,0,0,1,0,차대차 - 측면충돌,기타,건조,맑음,단일로 - 기타,화물,남,52세,상해없음,승용,남,60세,경상
2017020600100273,2017년 2월 6일 14시,월요일,광주광역시 광산구 장덕동,경상사고,0,0,2,0,차대차 - 추돌,안전운전불이행,건조,맑음,교차로 - 교차로안,화물,남,50세,상해없음,화물,여,18세,경상
2017020600100301,2017년 2월 6일 15시,월요일,광주광역시 동구 계림동,경상사고,0,0,2,0,차대차 - 기타,직진우회전진행방해,건조,맑음,교차로 - 교차로안,승용,남,61세,상해없음,승용,여,29세,경상
2017020600100302,2017년 2월 6일 15시,월요일,광주광역시 서구 화정동,경상사고,0,0,2,0,차량단독 - 기타,안전거리미확보,건조,맑음,교차로 - 교차로부근,승용,남,57세,상해없음,,,,
2017020600100329,2017년 2월 6일 16시,월요일,광주광역시 북구 매곡동,경상사고,0,0,1,1,차대사람 - 횡단중,안전운전불이행,건조,맑음,단일로 - 기타,승용,여,54세,상해없음,보행자,여,31세,경상
2017020600100330,2017년 2월 6일 16시,월요일,광주광역시 북구 풍향동,경상사고,0,0,1,1,차대차 - 추돌,안전거리미확보,건조,맑음,단일로 - 기타,승용,남,39세,상해없음,승용,여,39세,부상신고
2017020600100331,2017년 2월 6일 16시,월요일,광주광역시 광산구 월전동,경상사고,0,0,5,0,차대차 - 측면충돌,교차로운행방법위반,건조,맑음,교차로 - 교차로안,화물,남,28세,경상,승용,남,24세,경상
2017020600100394,2017년 2월 6일 18시,월요일,광주광역시 북구 양산동,중상사고,0,1,0,0,차대사람 - 횡단중,안전운전불이행,건조,맑음,교차로 - 교차로안,화물,남,37세,상해없음,보행자,여,15세,중상
2017020600100430,2017년 2월 6일 19시,월요일,광주광역시 북구 동림동,경상사고,0,0,1,0,차대차 - 기타,안전운전불이행,건조,맑음,단일로 - 기타,이륜,남,34세,상해없음,승용,남,21세,경상
2017020600100431,2017년 2월 6일 19시,월요일,광주광역시 광산구 하남동,경상사고,0,0,1,0,차대차 - 추돌,안전운전불이행,건조,맑음,교차로 - 교차로안,화물,남,46세,상해없음,화물,남,73세,경상
2017020600100449,2017년 2월 6일 20시,월요일,광주광역시 광산구 선암동,경상사고,0,0,1,0,차대차 - 기타,안전운전불이행,건조,맑음,교차로 - 교차로안,승용,여,34세,상해없음,승용,남,52세,경상
2017020600100470,2017년 2월 6일 21시,월요일,광주광역시 광산구 신창동,경상사고,0,0,1,0,차대사람 - 횡단중,보행자보호의무위반,건조,맑음,교차로 - 교차로횡단보도내,승용,남,24세,상해없음,보행자,남,41세,경상
2017020600100494,2017년 2월 6일 22시,월요일,광주광역시 남구 백운동,경상사고,0,0,3,0,차대차 - 측면충돌,교차로운행방법위반,건조,맑음,교차로 - 교차로부근,승용,남,55세,상해없음,승용,남,26세,상해없음
2017020600100495,2017년 2월 6일 22시,월요일,광주광역시 북구 연제동,경상사고,0,0,1,0,차대차 - 추돌,안전운전불이행,건조,맑음,단일로 - 기타,승용,남,51세,기타불명,승용,여,39세,경상
2017020700100079,2017년 2월 7일 06시,화요일,광주광역시 남구 주월동,중상사고,0,1,2,0,차대차 - 측면충돌,안전운전불이행,건조,맑음,단일로 - 기타,승용,남,65세,상해없음,승용,남,59세,경상
2017020700100080,2017년 2월 7일 06시,화요일,광주광역시 북구 월출동,경상사고,0,0,1,0,차대차 - 측면충돌,안전운전불이행,건조,맑음,교차로 - 교차로안,승용,남,50세,상해없음,승용,남,56세,경상
2017020700100081,2017년 2월 7일 06시,화요일,광주광역시 광산구 신가동,사망사고,1,0,0,0,차대차 - 측면충돌,신호위반,건조,맑음,교차로 - 교차로안,건설기계,남,53세,상해없음,자전거,남,63세,사망
2017020700100102,2017년 2월 7일 07시,화요일,광주광역시 북구 누문동,경상사고,0,0,1,0,차대사람 - 횡단중,안전운전불이행,건조,맑음,단일로 - 기타,승용,남,26세,상해없음,보행자,여,21세,경상
2017020700100103,2017년 2월 7일 07시,화요일,광주광역시 광산구 도천동,경상사고,0,0,1,0,차대차 - 추돌,안전운전불이행,건조,맑음,단일로 - 기타,화물,남,25세,상해없음,화물,남,66세,경상
2017020700100156,2017년 2월 7일 09시,화요일,광주광역시 광산구 우산동,경상사고,0,0,1,0,차대차 - 추돌,안전운전불이행,건조,맑음,단일로 - 기타,승용,여,33세,상해없음,승용,남,42세,경상
2017020700100299,2017년 2월 7일 15시,화요일,광주광역시 광산구 소촌동,경상사고,0,0,1,0,차대차 - 측면충돌,차로위반,건조,맑음,교차로 - 교차로부근,승용,남,36세,상해없음,이륜,남,21세,경상
2017020700100323,2017년 2월 7일 16시,화요일,광주광역시 광산구 우산동,경상사고,0,0,2,0,차대사람 - 횡단중,보행자보호의무위반,건조,맑음,교차로 - 교차로횡단보도내,화물,남,58세,상해없음,보행자,남,16세,경상
2017020700100441,2017년 2월 7일 20시,화요일,광주광역시 동구 학동,경상사고,0,0,2,0,차대차 - 기타,교차로운행방법위반,건조,맑음,교차로 - 교차로안,승용,남,63세,상해없음,승용,남,29세,경상
2017020700100468,2017년 2월 7일 21시,화요일,광주광역시 북구 삼각동,경상사고,0,0,2,0,차대차 - 추돌,안전운전불이행,건조,맑음,교차로 - 교차로부근,화물,남,59세,상해없음,승용,여,48세,경상
2017020700100469,2017년 2월 7일 21시,화요일,광주광역시 광산구 월계동,경상사고,0,0,2,0,차대차 - 추돌,안전운전불이행,건조,맑음,단일로 - 기타,승용,남,27세,상해없음,승용,여,26세,경상
2017020700100484,2017년 2월 7일 22시,화요일,광주광역시 서구 화정동,부상신고사고,0,0,0,1,차량단독 - 전도전복,안전운전불이행,건조,맑음,단일로 - 기타,원동기,남,16세,부상신고,미분류,미분류,미분류,미분류
2017020700100485,2017년 2월 7일 22시,화요일,광주광역시 서구 금호동,경상사고,0,0,3,0,차대차 - 측면충돌,안전운전불이행,건조,흐림,단일로 - 기타,승용,남,58세,상해없음,승용,남,21세,경상
2017020700100486,2017년 2월 7일 22시,화요일,광주광역시 남구 주월동,경상사고,0,0,2,0,차대차 - 기타,안전거리미확보,건조,맑음,단일로 - 기타,승용,남,45세,상해없음,승용,남,19세,경상
2017020700100505,2017년 2월 7일 23시,화요일,광주광역시 북구 신용동,경상사고,0,0,2,0,차대차 - 측면충돌,안전운전불이행,건조,흐림,교차로 - 교차로부근,승용,남,23세,상해없음,승용,남,35세,경상
2017020800100022,2017년 2월 8일 00시,수요일,광주광역시 북구 용봉동,경상사고,0,0,3,0,차대차 - 측면충돌,교차로운행방법위반,건조,맑음,교차로 - 교차로부근,승용,남,58세,상해없음,승용,여,51세,경상
2017020800100039,2017년 2월 8일 02시,수요일,광주광역시 북구 용봉동,경상사고,0,0,1,0,차대차 - 측면충돌,안전운전불이행,건조,맑음,단일로 - 기타,승용,남,27세,상해없음,승용,남,29세,경상
2017020800100120,2017년 2월 8일 08시,수요일,광주광역시 동구 계림동,경상사고,0,0,1,0,차대차 - 측면충돌,안전운전불이행,건조,맑음,기타 - 기타,승용,남,48세,상해없음,자전거,여,47세,경상
2017020800100121,2017년 2월 8일 08시,수요일,광주광역시 북구 두암동,경상사고,0,0,1,0,차대사람 - 횡단중,안전운전불이행,건조,맑음,단일로 - 기타,승합,남,65세,상해없음,보행자,남,79세,경상
2017020800100143,2017년 2월 8일 09시,수요일,광주광역시 서구 화정동,중상사고,0,1,0,0,차대사람 - 횡단중,안전운전불이행,건조,맑음,교차로 - 교차로안,승용,여,52세,상해없음,보행자,여,83세,중상
2017020800100144,2017년 2월 8일 09시,수요일,광주광역시 광산구 신가동,경상사고,0,0,2,0,차대차 - 측면충돌,안전거리미확보,건조,맑음,교차로 - 교차로부근,승용,여,49세,경상,승용,남,30세,경상
2017020800100190,2017년 2월 8일 11시,수요일,광주광역시 북구 각화동,경상사고,0,0,1,1,차대차 - 측면충돌,안전운전불이행,건조,맑음,단일로 - 기타,승용,남,59세,상해없음,승용,남,64세,부상신고
2017020800100302,2017년 2월 8일 15시,수요일,광주광역시 남구 진월동,경상사고,0,0,1,0,차대차 - 기타,차로위반,건조,맑음,미분류 - 미분류,승용,여,32세,기타불명,승용,남,51세,경상
2017020800100401,2017년 2월 8일 18시,수요일,광주광역시 남구 월산동,경상사고,0,0,1,0,차대차 - 측면충돌,안전거리미확보,건조,맑음,단일로 - 기타,승용,남,62세,상해없음,승용,남,64세,경상
2017020800100402,2017년 2월 8일 18시,수요일,광주광역시 광산구 신가동,중상사고,0,1,0,0,차대차 - 측면충돌,안전운전불이행,건조,맑음,교차로 - 교차로부근,승용,남,57세,상해없음,승용,여,59세,중상
2017020800100438,2017년 2월 8일 19시,수요일,광주광역시 북구 중흥동,경상사고,0,0,1,0,차대사람 - 횡단중,신호위반,건조,맑음,교차로 - 교차로횡단보도내,승용,여,39세,상해없음,보행자,여,58세,경상
2017020800100439,2017년 2월 8일 19시,수요일,광주광역시 광산구 수완동,중상사고,0,1,0,0,차대사람 - 횡단중,신호위반,적설,눈,단일로 - 기타,승용,남,34세,상해없음,보행자,여,28세,중상
2017020800100462,2017년 2월 8일 20시,수요일,광주광역시 서구 화정동,경상사고,0,0,1,0,차대차 - 기타,안전운전불이행,건조,맑음,단일로 - 기타,기타불명,기타불명,미분류,기타불명,원동기,남,57세,경상
2017020800100463,2017년 2월 8일 20시,수요일,광주광역시 북구 매곡동,경상사고,0,0,1,0,차량단독 - 기타,안전운전불이행,건조,맑음,단일로 - 기타,승합,남,44세,상해없음,,,,
2017020800100508,2017년 2월 8일 22시,수요일,광주광역시 광산구 운수동,중상사고,0,1,0,0,차대차 - 측면충돌,교차로운행방법위반,건조,맑음,교차로 - 교차로안,승용,남,53세,상해없음,원동기,남,16세,중상
2017020800100509,2017년 2월 8일 22시,수요일,광주광역시 광산구 하남동,중상사고,0,1,0,0,차대차 - 기타,교차로운행방법위반,건조,맑음,교차로 - 교차로부근,승용,남,36세,상해없음,승용,남,34세,중상
2017020900100024,2017년 2월 9일 01시,목요일,광주광역시 서구 치평동,경상사고,0,0,1,0,차대차 - 측면충돌,신호위반,건조,맑음,교차로 - 교차로안,승용,남,33세,상해없음,승용,여,52세,경상
2017020900100034,2017년 2월 9일 03시,목요일,광주광역시 북구 운암동,경상사고,0,0,2,0,차대차 - 추돌,안전거리미확보,건조,맑음,단일로 - 기타,승용,남,28세,상해없음,승용,여,24세,경상
2017020900100114,2017년 2월 9일 08시,목요일,광주광역시 동구 계림동,경상사고,0,0,3,0,차대차 - 측면충돌,직진우회전진행방해,젖음/습기,눈,교차로 - 교차로안,승용,여,44세,경상,승용,남,50세,경상
2017020900100115,2017년 2월 9일 08시,목요일,광주광역시 서구 쌍촌동,경상사고,0,0,1,0,차대차 - 기타,교차로운행방법위반,건조,맑음,교차로 - 교차로안,승합,여,35세,상해없음,자전거,남,75세,경상