사고번호,사고일시,요일,시군구,사고내용,사망자수,중상자수,경상자수,부상신고자수,사고유형,법규위반,노면상태,기상상태,도로형태,가해운전자 차종,가해운전자 성별,가해운전자 연령,가해운전자 상해정도,피해운전자 차종,피해운전자 성별,피해운전자 연령,피해운전자 상해정도
2017020900100116,2017년 2월 9일 08시,목요일,광주광역시 남구 노대동,경상사고,0,0,1,0,차대사람 - 횡단중,보행자보호의무위반,건조,맑음,교차로 - 교차로횡단보도내,승용,여,56세,상해없음,보행자,남,8세,경상
2017020900100137,2017년 2월 9일 09시,목요일,광주광역시 북구 매곡동,경상사고,0,0,3,0,차대차 - 기타,안전운전불이행,건조,맑음,단일로 - 기타,승용,남,39세,상해없음,화물,남,42세,경상
2017020900100142,2017년 2월 9일 09시,목요일,광주광역시 서구 금호동,경상사고,0,0,1,0,차대사람 - 기타,보행자보호의무위반,건조,맑음,교차로 - 교차로횡단보도내,화물,남,53세,상해없음,보행자,여,62세,경상
2017020900100143,2017년 2월 9일 09시,목요일,광주광역시 북구 연제동,경상사고,0,0,3,0,차대차 - 측면충돌,교차로운행방법위반,건조,맑음,교차로 - 교차로안,승용,남,29세,경상,승용,여,34세,경상
2017020900100165,2017년 2월 9일 10시,목요일,광주광역시 광산구 소촌동,경상사고,0,0,3,0,차대차 - 정면충돌,안전거리미확보,건조,맑음,단일로 - 기타,승합,남,63세,경상,승용,남,32세,경상
2017020900100270,2017년 2월 9일 14시,목요일,광주광역시 동구 학동,중상사고,0,1,0,0,차대차 - 측면충돌,신호위반,건조,흐림,교차로 - 교차로안,이륜,남,73세,중상,승용,남,66세,상해없음
2017020900100271,2017년 2월 9일 14시,목요일,광주광역시 남구 양림동,경상사고,0,0,1,0,차대차 - 기타,차로위반,건조,맑음,단일로 - 기타,승용,남,26세,상해없음,승용,남,22세,경상
2017020900100298,2017년 2월 9일 15시,목요일,광주광역시 동구 계림동,경상사고,0,0,1,0,차대차 - 측면충돌,신호위반,젖음/습기,눈,교차로 - 교차로안,이륜,남,56세,경상,승용,남,34세,상해없음
2017020900100299,2017년 2월 9일 15시,목요일,광주광역시 광산구 신창동,중상사고,0,1,0,0,차대사람 - 횡단중,안전운전불이행,건조,맑음,단일로 - 기타,화물,남,55세,상해없음,보행자,여,38세,중상
2017020900100327,2017년 2월 9일 16시,목요일,광주광역시 북구 오치동,경상사고,0,0,2,0,차대차 - 정면충돌,안전운전불이행,건조,맑음,단일로 - 기타,승용,남,32세,상해없음,승용,남,46세,경상
2017020900100347,2017년 2월 9일 17시,목요일,광주광역시 북구 본촌동,경상사고,0,0,1,0,차대사람 - 차도통행중,안전운전불이행,젖음/습기,눈,단일로 - 기타,기타불명,기타불명,미분류,기타불명,보행자,남,19세,경상
2017020900100388,2017년 2월 9일 18시,목요일,광주광역시 북구 풍향동,경상사고,0,0,1,0,차대차 - 추돌,안전운전불이행,건조,맑음,단일로 - 기타,승용,남,23세,상해없음,승용,남,31세,경상
2017020900100435,2017년 2월 9일 19시,목요일,광주광역시 서구 쌍촌동,중상사고,0,1,0,0,차대차 - 기타,안전운전불이행,서리/결빙,눈,교차로 - 교차로부근,기타불명,기타불명,미분류,기타불명,자전거,남,64세,중상
2017020900100436,2017년 2월 9일 19시,목요일,광주광역시 북구 신용동,경상사고,0,0,2,0,차대차 - 추돌,안전운전불이행,서리/결빙,흐림,교차로 - 교차로안,승용,남,41세,상해없음,승용,여,46세,경상
2017020900100463,2017년 2월 9일 20시,목요일,광주광역시 서구 쌍촌동,경상사고,0,0,2,0,차대차 - 추돌,안전운전불이행,적설,눈,교차로 - 교차로부근,승용,남,33세,상해없음,승용,여,57세,경상
2017020900100464,2017년 2월 9일 20시,목요일,광주광역시 서구 농성동,경상사고,0,0,1,0,차대차 - 기타,안전운전불이행,서리/결빙,비,단일로 - 지하차도(도로)내,승용,남,21세,상해없음,원동기,남,21세,경상
2017020900100513,2017년 2월 9일 22시,목요일,광주광역시 서구 화정동,경상사고,0,0,1,0,차량단독 - 공작물충돌,안전운전불이행,서리/결빙,눈,단일로 - 터널,화물,남,41세,상해없음,,,,
2017020900100514,2017년 2월 9일 22시,목요일,광주광역시 북구 일곡동,경상사고,0,0,4,0,차량단독 - 전도전복 - 전도,안전운전불이행,서리/결빙,눈,교차로 - 교차로부근,승합,남,54세,상해없음,,,,
2017020900100515,2017년 2월 9일 22시,목요일,광주광역시 광산구 도천동,경상사고,0,0,1,0,차대차 - 측면충돌,안전운전불이행,서리/결빙,눈,단일로 - 기타,승용,남,59세,상해없음,승용,남,23세,상해없음
2017020900100516,2017년 2월 9일 22시,목요일,광주광역시 광산구 도천동,경상사고,0,0,1,0,차대차 - 기타,신호위반,서리/결빙,눈,교차로 - 교차로안,기타불명,기타불명,미분류,기타불명,승용,남,26세,경상
2017020900100517,2017년 2월 9일 22시,목요일,광주광역시 광산구 선동,경상사고,0,0,1,0,차대차 - 추돌,안전거리미확보,건조,맑음,단일로 - 기타,승용,남,29세,상해없음,승용,여,37세,경상
2017020900100542,2017년 2월 9일 23시,목요일,광주광역시 북구 동림동,경상사고,0,0,3,0,차대차 - 측면충돌,안전운전불이행,서리/결빙,맑음,단일로 - 기타,승용,남,70세,상해없음,승용,여,45세,경상
2017020900100543,2017년 2월 9일 23시,목요일,광주광역시 북구 운암동,경상사고,0,0,2,0,차대차 - 추돌,안전운전불이행,젖음/습기,눈,단일로 - 기타,승용,남,42세,상해없음,승용,남,60세,경상
2017021000100025,2017년 2월 10일 00시,금요일,광주광역시 광산구 하남동,경상사고,0,0,1,0,차대차 - 측면충돌,안전운전불이행,서리/결빙,눈,교차로 - 교차로안,화물,남,59세,상해없음,화물,남,28세,경상
2017021000100031,2017년 2월 10일 01시,금요일,광주광역시 서구 치평동,경상사고,0,0,1,0,차대차 - 측면충돌,교차로운행방법위반,적설,눈,교차로 - 교차로안,승용,남,26세,상해없음,승용,남,36세,상해없음
2017021000100032,2017년 2월 10일 01시,금요일,광주광역시 광산구 수완동,중상사고,0,1,1,0,차대차 - 측면충돌,안전운전불이행,적설,눈,단일로 - 기타,승용,남,52세,상해없음,승용,남,31세,경상
2017021000100043,2017년 2월 10일 02시,금요일,광주광역시 서구 동천동,경상사고,0,0,1,0,차대차 - 측면충돌,안전운전불이행,적설,눈,단일로 - 기타,승용,남,61세,상해없음,승용,남,60세,상해없음
2017021000100051,2017년 2월 10일 03시,금요일,광주광역시 서구 치평동,경상사고,0,0,2,0,차대차 - 추돌,안전운전불이행,서리/결빙,눈,교차로 - 교차로부근,승용,남,40세,상해없음,승용,남,25세,경상
2017021000100052,2017년 2월 10일 03시,금요일,광주광역시 북구 풍향동,경상사고,0,0,2,0,차대차 - 측면충돌,신호위반,서리/결빙,눈,교차로 - 교차로안,승용,남,21세,상해없음,승용,남,29세,상해없음
2017021000100102,2017년 2월 10일 07시,금요일,광주광역시 서구 치평동,경상사고,0,0,2,0,차대차 - 추돌,안전운전불이행,건조,맑음,교차로 - 교차로부근,승용,남,24세,상해없음,승용,남,33세,경상
2017021000100103,2017년 2월 10일 07시,금요일,광주광역시 광산구 우산동,부상신고사고,0,0,0,1,차대차 - 추돌,안전거리미확보,서리/결빙,눈,단일로 - 기타,승용,남,53세,상해없음,화물,남,59세,부상신고
2017021000100196,2017년 2월 10일 10시,금요일,광주광역시 서구 내방동,경상사고,0,0,1,0,차대차 - 추돌,안전운전불이행,서리/결빙,눈,교차로 - 교차로부근,승용,남,42세,상해없음,승용,남,44세,경상
2017021000100197,2017년 2월 10일 10시,금요일,광주광역시 북구 운암동,중상사고,0,2,2,0,차대차 - 측면충돌,직진우회전진행방해,젖음/습기,눈,교차로 - 교차로안,승용,남,46세,상해없음,승용,남,35세,경상
2017021000100198,2017년 2월 10일 10시,금요일,광주광역시 북구 연제동,경상사고,0,0,1,0,차대차 - 측면충돌,교차로운행방법위반,서리/결빙,눈,교차로 - 교차로안,승용,여,27세,상해없음,승용,여,37세,경상
2017021000100199,2017년 2월 10일 10시,금요일,광주광역시 광산구 지평동,중상사고,0,1,0,0,차대차 - 추돌,안전운전불이행,젖음/습기,맑음,단일로 - 기타,승용,남,75세,중상,승용,남,52세,상해없음
2017021000100218,2017년 2월 10일 11시,금요일,광주광역시 광산구 수완동,경상사고,0,0,3,0,차대차 - 추돌,안전운전불이행,적설,눈,단일로 - 기타,승용,남,34세,상해없음,승용,남,35세,경상
2017021000100232,2017년 2월 10일 12시,금요일,광주광역시 광산구 지죽동,경상사고,0,0,1,0,차대차 - 측면충돌,안전운전불이행,서리/결빙,눈,단일로 - 터널,승용,남,44세,상해없음,화물,남,48세,경상
2017021000100235,2017년 2월 10일 12시,금요일,광주광역시 서구 금호동,경상사고,0,0,1,0,차대차 - 기타,신호위반,젖음/습기,눈,교차로 - 교차로안,승용,여,45세,상해없음,승합,남,65세,상해없음
2017021000100256,2017년 2월 10일 13시,금요일,광주광역시 서구 화정동,중상사고,0,1,0,0,차대사람 - 횡단중,안전운전불이행,건조,맑음,단일로 - 기타,승용,남,57세,상해없음,보행자,남,50세,중상
2017021000100257,2017년 2월 10일 13시,금요일,광주광역시 서구 풍암동,중상사고,0,1,0,0,차대차 - 측면충돌,안전운전불이행,건조,맑음,교차로 - 교차로안,승용,여,49세,상해없음,승용,남,47세,중상
2017021000100258,2017년 2월 10일 13시,금요일,광주광역시 북구 두암동,경상사고,0,0,2,0,차대차 - 기타,안전운전불이행,건조,맑음,단일로 - 기타,승용,여,55세,경상,이륜,남,28세,경상
2017021000100287,2017년 2월 10일 14시,금요일,광주광역시 북구 문흥동,중상사고,0,1,1,0,차대차 - 측면충돌,중앙선침범,건조,맑음,단일로 - 기타,승용,남,68세,상해없음,승용,여,48세,경상
2017021000100313,2017년 2월 10일 15시,금요일,광주광역시 광산구 우산동,경상사고,0,0,1,0,차대차 - 추돌,안전운전불이행,건조,맑음,교차로 - 교차로안,화물,남,56세,상해없음,화물,남,31세,상해없음
2017021000100341,2017년 2월 10일 16시,금요일,광주광역시 동구 금남로1가,경상사고,0,0,1,0,차대사람 - 횡단중,안전운전불이행,건조,맑음,단일로 - 기타,승용,남,44세,상해없음,보행자,남,19세,경상
2017021000100342,2017년 2월 10일 16시,금요일,광주광역시 서구 화정동,경상사고,0,0,2,0,차대차 - 기타,직진우회전진행방해,건조,맑음,교차로 - 교차로안,승용,남,35세,상해없음,승용,남,18세,경상
2017021000100454,2017년 2월 10일 19시,금요일,광주광역시 광산구 쌍암동,경상사고,0,0,1,0,차대사람 - 횡단중,신호위반,젖음/습기,눈,단일로 - 기타,승용,여,60세,기타불명,보행자,남,11세,경상
2017021000100508,2017년 2월 10일 20시,금요일,광주광역시 북구 용봉동,경상사고,0,0,1,0,차대사람 - 횡단중,안전운전불이행,적설,눈,단일로 - 기타,승용,여,50세,상해없음,보행자,남,21세,경상
2017021000100533,2017년 2월 10일 21시,금요일,광주광역시 광산구 도산동,경상사고,0,0,2,0,차대차 - 정면충돌,안전운전불이행,서리/결빙,눈,단일로 - 기타,승용,남,59세,상해없음,승용,남,35세,경상
2017021000100565,2017년 2월 10일 22시,금요일,광주광역시 서구 쌍촌동,중상사고,0,1,0,0,차대사람 - 길가장자리구역통행중,안전운전불이행,서리/결빙,눈,단일로 - 기타,승용,남,34세,상해없음,보행자,남,34세,중상
2017021000100566,2017년 2월 10일 22시,금요일,광주광역시 광산구 월곡동,부상신고사고,0,0,0,1,차대사람 - 횡단중,보행자보호의무위반,적설,눈,교차로 - 교차로횡단보도내,기타불명,기타불명,미분류,기타불명,보행자,여,14세,부상신고
2017021000100595,2017년 2월 10일 23시,금요일,광주광역시 서구 유촌동,경상사고,0,0,2,0,차대차 - 측면충돌,안전운전불이행,적설,눈,교차로 - 교차로부근,승용,남,53세,상해없음,승용,남,27세,경상
2017021100100033,2017년 2월 11일 00시,토요일,광주광역시 광산구 쌍암동,중상사고,0,1,0,0,차대차 - 측면충돌,안전운전불이행,서리/결빙,흐림,단일로 - 기타,승용,남,38세,상해없음,승용,여,54세,중상
2017021100100054,2017년 2월 11일 01시,토요일,광주광역시 북구 용봉동,경상사고,0,0,2,0,차대차 - 정면충돌,안전거리미확보,서리/결빙,눈,단일로 - 기타,승용,남,50세,상해없음,승용,여,26세,경상
2017021100100065,2017년 2월 11일 02시,토요일,광주광역시 서구 치평동,경상사고,0,0,2,0,차대차 - 측면충돌,신호위반,서리/결빙,눈,교차로 - 교차로안,승용,남,32세,상해없음,승용,남,59세,경상
2017021100100103,2017년 2월 11일 05시,토요일,광주광역시 북구 임동,경상사고,0,0,1,0,차대차 - 기타,안전운전불이행,서리/결빙,눈,교차로 - 교차로안,승용,남,45세,경상,승용,남,24세,상해없음
2017021100100142,2017년 2월 11일 08시,토요일,광주광역시 서구 치평동,경상사고,0,0,2,0,차대차 - 측면충돌,안전운전불이행,서리/결빙,눈,단일로 - 기타,승용,여,47세,상해없음,승용,남,62세,경상
2017021100100169,2017년 2월 11일 09시,토요일,광주광역시 서구 매월동,경상사고,0,0,1,0,차대차 - 측면충돌,안전운전불이행,적설,흐림,단일로 - 기타,화물,남,45세,경상,승용,남,25세,상해없음
2017021100100170,2017년 2월 11일 09시,토요일,광주광역시 북구 일곡동,중상사고,0,1,3,0,차대차 - 정면충돌,안전운전불이행,젖음/습기,눈,교차로 - 교차로안,승용,남,54세,경상,승용,남,70세,경상
2017021100100249,2017년 2월 11일 12시,토요일,광주광역시 서구 농성동,경상사고,0,0,2,0,차대차 - 추돌,안전운전불이행,건조,맑음,단일로 - 기타,승용,남,74세,상해없음,승용,여,55세,경상
2017021100100250,2017년 2월 11일 12시,토요일,광주광역시 북구 문흥동,경상사고,0,0,5,0,차대차 - 추돌,안전운전불이행,젖음/습기,맑음,교차로 - 교차로부근,승합,남,53세,상해없음,승용,남,52세,경상
2017021100100284,2017년 2월 11일 13시,토요일,광주광역시 서구 농성동,경상사고,0,0,1,0,차대차 - 측면충돌,신호위반,건조,맑음,교차로 - 교차로안,승용,남,73세,상해없음,화물,남,44세,경상
2017021100100315,2017년 2월 11일 14시,토요일,광주광역시 서구 화정동,경상사고,0,0,1,0,차대사람 - 횡단중,안전운전불이행,건조,맑음,단일로 - 기타,승용,남,44세,상해없음,보행자,남,17세,경상
2017021100100316,2017년 2월 11일 14시,토요일,광주광역시 남구 송하동,중상사고,0,1,7,1,차대차 - 추돌,안전거리미확보,건조,맑음,단일로 - 기타,승용,남,68세,상해없음,승용,남,28세,중상
2017021100100395,2017년 2월 11일 17시,토요일,광주광역시 북구 장등동,중상사고,0,1,0,0,차대차 - 추돌,안전거리미확보,건조,맑음,단일로 - 기타,화물,남,39세,상해없음,승용,여,49세,중상
2017021100100504,2017년 2월 11일 20시,토요일,광주광역시 북구 누문동,경상사고,0,0,1,0,차대차 - 추돌,안전거리미확보,건조,맑음,단일로 - 기타,승용,남,55세,상해없음,승용,남,65세,경상
2017021100100575,2017년 2월 11일 23시,토요일,광주광역시 동구 금남로5가,경상사고,0,0,3,0,차대차 - 추돌,안전운전불이행,젖음/습기,맑음,단일로 - 기타,승용,남,52세,상해없음,승용,남,61세,경상
2017021200100051,2017년 2월 12일 02시,일요일,광주광역시 서구 동천동,경상사고,0,0,2,0,차대차 - 측면충돌,신호위반,젖음/습기,흐림,교차로 - 교차로안,승용,남,26세,경상,승용,남,27세,경상
2017021200100084,2017년 2월 12일 05시,일요일,광주광역시 북구 신안동,중상사고,0,1,0,0,차대사람 - 횡단중,안전운전불이행,젖음/습기,흐림,단일로 - 기타,화물,남,22세,상해없음,보행자,여,79세,중상
2017021200100197,2017년 2월 12일 12시,일요일,광주광역시 북구 두암동,부상신고사고,0,0,0,1,차대차 - 추돌,안전운전불이행,건조,맑음,단일로 - 기타,승용,남,72세,상해없음,승용,남,39세,부상신고
2017021200100198,2017년 2월 12일 12시,일요일,광주광역시 광산구 신창동,중상사고,0,1,0,0,차대사람 - 횡단중,안전운전불이행,건조,흐림,교차로 - 교차로부근,승용,여,45세,상해없음,보행자,여,65세,중상
2017021200100214,2017년 2월 12일 13시,일요일,광주광역시 동구 금남로2가,경상사고,0,0,2,0,차대사람 - 횡단중,중앙선침범,건조,맑음,기타 - 기타,승용,남,27세,상해없음,보행자,여,13세,경상
2017021200100215,2017년 2월 12일 13시,일요일,광주광역시 북구 두암동,중상사고,0,1,0,0,차대사람 - 기타,안전운전불이행,건조,맑음,단일로 - 기타,승합,남,62세,상해없음,보행자,여,22세,중상
2017021200100253,2017년 2월 12일 15시,일요일,광주광역시 광산구 장덕동,중상사고,0,1,0,0,차대차 - 기타,안전운전불이행,건조,맑음,교차로 - 교차로횡단보도내,승용,남,33세,상해없음,자전거,남,48세,중상
2017021200100272,2017년 2월 12일 16시,일요일,광주광역시 동구 학동,경상사고,0,0,1,0,차대차 - 기타,안전운전불이행,건조,맑음,단일로 - 기타,승용,남,67세,상해없음,승용,남,63세,경상
2017021200100352,2017년 2월 12일 19시,일요일,광주광역시 남구 주월동,경상사고,0,0,1,0,차대사람 - 차도통행중,안전운전불이행,건조,맑음,단일로 - 기타,승용,여,28세,상해없음,보행자,남,54세,경상
2017021200100378,2017년 2월 12일 20시,일요일,광주광역시 북구 문흥동,경상사고,0,0,1,0,차대사람 - 횡단중,안전운전불이행,건조,맑음,단일로 - 기타,화물,남,50세,상해없음,보행자,남,34세,경상
2017021200100438,2017년 2월 12일 23시,일요일,광주광역시 서구 양동,중상사고,0,1,0,0,차대사람 - 횡단중,안전운전불이행,건조,흐림,단일로 - 기타,승용,남,27세,상해없음,보행자,남,58세,중상
2017021200100439,2017년 2월 12일 23시,일요일,광주광역시 광산구 소촌동,경상사고,0,0,1,0,차량단독 - 전도전복,안전운전불이행,건조,맑음,단일로 - 기타,승용,남,23세,경상,미분류,미분류,미분류,미분류
2017021300100043,2017년 2월 13일 03시,월요일,광주광역시 서구 화정동,경상사고,0,0,2,0,차대차 - 측면충돌,안전운전불이행,건조,맑음,단일로 - 기타,승용,남,28세,상해없음,승용,남,46세,경상
2017021300100073,2017년 2월 13일 06시,월요일,광주광역시 서구 쌍촌동,중상사고,0,1,0,0,차대사람 - 횡단중,안전운전불이행,건조,맑음,교차로 - 교차로안,승용,남,55세,상해없음,보행자,남,85세,중상
2017021300100091,2017년 2월 13일 07시,월요일,광주광역시 서구 양동,중상사고,0,1,0,0,차대차 - 측면충돌,신호위반,건조,맑음,교차로 - 교차로안,승용,남,62세,상해없음,승용,남,37세,중상
2017021300100092,2017년 2월 13일 07시,월요일,광주광역시 북구 각화동,경상사고,0,0,2,0,차대차 - 측면충돌,신호위반,건조,맑음,교차로 - 교차로안,승용,남,61세,상해없음,화물,남,58세,경상
2017021300100128,2017년 2월 13일 08시,월요일,광주광역시 북구 유동,경상사고,0,0,3,0,차대차 - 추돌,안전운전불이행,건조,맑음,단일로 - 기타,승용,여,45세,경상,승용,남,58세,상해없음
2017021300100178,2017년 2월 13일 10시,월요일,광주광역시 남구 노대동,경상사고,0,0,1,0,차대사람 - 기타,안전운전불이행,건조,맑음,단일로 - 기타,승용,남,59세,상해없음,보행자,남,43세,경상
2017021300100179,2017년 2월 13일 10시,월요일,광주광역시 북구 오치동,중상사고,0,1,2,0,차대차 - 측면충돌,교차로운행방법위반,건조,맑음,교차로 - 교차로안,화물,남,26세,경상,승용,여,58세,중상
2017021300100180,2017년 2월 13일 10시,월요일,광주광역시 북구 문흥동,경상사고,0,0,1,0,차대사람 - 횡단중,신호위반,건조,맑음,교차로 - 교차로횡단보도내,승용,여,29세,상해없음,보행자,여,60세,경상
2017021300100206,2017년 2월 13일 11시,월요일,광주광역시 서구 치평동,경상사고,0,0,2,0,차대차 - 추돌,안전운전불이행,건조,맑음,단일로 - 기타,화물,남,18세,상해없음,화물,남,40세,경상
2017021300100207,2017년 2월 13일 11시,월요일,광주광역시 광산구 월곡동,경상사고,0,0,1,0,차대차 - 기타,안전운전불이행,건조,맑음,교차로 - 교차로부근,승용,남,20세,상해없음,승용,여,51세,경상
2017021300100293,2017년 2월 13일 14시,월요일,광주광역시 북구 풍향동,경상사고,0,0,1,0,차대차 - 측면충돌,안전운전불이행,건조,맑음,교차로 - 교차로안,승용,남,81세,상해없음,승용,남,48세,경상
2017021300100318,2017년 2월 13일 15시,월요일,광주광역시 서구 치평동,경상사고,0,0,1,0,차대차 - 추돌,중앙선침범,건조,맑음,교차로 - 교차로부근,승용,여,37세,상해없음,승용,남,67세,경상
2017021300100319,2017년 2월 13일 15시,월요일,광주광역시 남구 월산동,경상사고,0,0,1,0,차대차 - 측면충돌,교차로운행방법위반,건조,맑음,교차로 - 교차로안,승용,남,69세,기타불명,승용,남,61세,경상
2017021300100320,2017년 2월 13일 15시,월요일,광주광역시 남구 사동,경상사고,0,0,1,0,차대차 - 추돌,교차로운행방법위반,건조,맑음,교차로 - 교차로안,승용,여,27세,상해없음,이륜,남,57세,경상
2017021300100321,2017년 2월 13일 15시,월요일,광주광역시 북구 양산동,경상사고,0,0,1,0,차대차 - 기타,안전거리미확보,건조,맑음,단일로 - 기타,승용,남,70세,상해없음,승용,여,58세,경상
2017021300100322,2017년 2월 13일 15시,월요일,광주광역시 광산구 신창동,경상사고,0,0,1,0,차대사람 - 횡단중,보행자보호의무위반,건조,맑음,기타 - 기타,기타불명,기타불명,미분류,기타불명,보행자,남,15세,경상
2017021300100343,2017년 2월 13일 16시,월요일,광주광역시 서구 풍암동,경상사고,0,0,2,0,차대차 - 측면충돌,교차로운행방법위반,건조,맑음,교차로 - 교차로안,승용,남,46세,상해없음,승용,남,45세,경상
2017021300100373,2017년 2월 13일 17시,월요일,광주광역시 서구 벽진동,경상사고,0,0,3,0,차대차 - 추돌,안전운전불이행,건조,맑음,교차로 - 교차로부근,승용,남,50세,상해없음,승용,여,52세,경상
2017021300100406,2017년 2월 13일 18시,월요일,광주광역시 북구 연제동,경상사고,0,0,1,0,차대차 - 정면충돌,안전거리미확보,건조,맑음,단일로 - 기타,승용,남,56세,상해없음,승용,남,62세,경상
2017021300100407,2017년 2월 13일 18시,월요일,광주광역시 북구 용봉동,경상사고,0,0,1,0,차대사람 - 길가장자리구역통행중,안전운전불이행,건조,맑음,단일로 - 기타,승용,남,71세,상해없음,보행자,남,48세,경상
2017021300100456,2017년 2월 13일 19시,월요일,광주광역시 북구 신안동,경상사고,0,0,4,0,차대차 - 측면충돌,안전운전불이행,건조,맑음,단일로 - 기타,화물,남,65세,경상,승합,여,56세,경상
2017021300100457,2017년 2월 13일 19시,월요일,광주광역시 광산구 신창동,경상사고,0,0,1,0,차대차 - 측면충돌,안전거리미확보,건조,맑음,단일로 - 기타,승용,여,36세,상해없음,이륜,남,17세,경상
2017021300100518,2017년 2월 13일 21시,월요일,광주광역시 광산구 장덕동,경상사고,0,0,2,0,차대차 - 후진중충돌,안전운전불이행,건조,맑음,단일로 - 기타,승용,남,42세,상해없음,승용,여,31세,경상
2017021300100568,2017년 2월 13일 23시,월요일,광주광역시 북구 동림동,경상사고,0,0,2,0,차대차 - 측면충돌,교차로운행방법위반,건조,맑음,교차로 - 교차로부근,승용,남,66세,상해없음,승용,남,19세,경상
2017021400100029,2017년 2월 14일 00시,화요일,광주광역시 서구 화정동,중상사고,0,1,1,0,차대사람 - 횡단중,안전운전불이행,건조,맑음,단일로 - 기타,승용,남,31세,상해없음,보행자,남,30세,중상
2017021400100030,2017년 2월 14일 00시,화요일,광주광역시 북구 오치동,경상사고,0,0,2,0,차대차 - 기타,교차로운행방법위반,건조,맑음,교차로 - 교차로부근,승용,남,61세,상해없음,자전거,남,25세,경상
2017021400100086,2017년 2월 14일 06시,화요일,광주광역시 남구 월산동,중상사고,0,1,0,0,차대사람 - 횡단중,안전운전불이행,건조,맑음,단일로 - 기타,승용,남,56세,상해없음,보행자,여,77세,중상
2017021400100087,2017년 2월 14일 06시,화요일,광주광역시 북구 누문동,중상사고,0,1,3,0,차대차 - 정면충돌,중앙선침범,건조,맑음,교차로 - 교차로안,승용,남,32세,경상,승용,남,65세,중상
2017021400100148,2017년 2월 14일 08시,화요일,광주광역시 서구 양동,경상사고,0,0,2,0,차대차 - 측면충돌,안전거리미확보,건조,맑음,단일로 - 기타,승용,남,64세,상해없음,승용,남,24세,경상
2017021400100149,2017년 2월 14일 08시,화요일,광주광역시 북구 양산동,경상사고,0,0,1,0,차대차 - 측면충돌,신호위반,건조,맑음,교차로 - 교차로안,승용,여,34세,상해없음,승용,남,32세,경상
2017021400100150,2017년 2월 14일 08시,화요일,광주광역시 광산구 신가동,경상사고,0,0,3,0,차대차 - 측면충돌,안전운전불이행,건조,맑음,교차로 - 교차로안,승용,남,56세,상해없음,승용,남,25세,경상
2017021400100236,2017년 2월 14일 11시,화요일,광주광역시 남구 진월동,중상사고,0,1,0,0,차대차 - 측면충돌,안전운전불이행,건조,맑음,미분류 - 미분류,화물,남,69세,상해없음,자전거,남,62세,중상
2017021400100237,2017년 2월 14일 11시,화요일,광주광역시 남구 노대동,경상사고,0,0,2,0,차대차 - 측면충돌,신호위반,건조,맑음,교차로 - 교차로안,승용,여,45세,경상,승용,남,70세,경상
2017021400100255,2017년 2월 14일 12시,화요일,광주광역시 서구 마륵동,경상사고,0,0,1,0,차대차 - 추돌,안전운전불이행,건조,맑음,단일로 - 기타,승용,여,48세,기타불명,승용,남,59세,경상
2017021400100351,2017년 2월 14일 15시,화요일,광주광역시 서구 쌍촌동,중상사고,0,1,1,0,차대차 - 측면충돌,교차로운행방법위반,건조,맑음,교차로 - 교차로안,이륜,남,73세,중상,승용,여,56세,경상
2017021400100386,2017년 2월 14일 16시,화요일,광주광역시 남구 봉선동,중상사고,0,1,0,0,차대차 - 기타,교차로운행방법위반,건조,맑음,교차로 - 교차로안,승용,남,33세,상해없음,승용,여,45세,중상
2017021400100387,2017년 2월 14일 16시,화요일,광주광역시 북구 양산동,경상사고,0,0,1,0,차대차 - 정면충돌,신호위반,건조,맑음,교차로 - 교차로안,승용,여,69세,상해없음,승용,남,56세,경상
2017021400100412,2017년 2월 14일 17시,화요일,광주광역시 북구 각화동,경상사고,0,0,1,0,차대차 - 측면충돌,안전운전불이행,건조,맑음,교차로 - 교차로안,승합,여,46세,상해없음,자전거,남,79세,경상
2017021400100413,2017년 2월 14일 17시,화요일,광주광역시 광산구 장덕동,경상사고,0,0,1,0,차대사람 - 횡단중,안전운전불이행,건조,맑음,단일로 - 기타,승용,여,43세,상해없음,보행자,여,22세,경상
2017021400100414,2017년 2월 14일 17시,화요일,광주광역시 광산구 진곡동,경상사고,0,0,2,0,차대차 - 측면충돌,안전운전불이행,건조,맑음,단일로 - 기타,승용,여,31세,경상,승용,남,28세,경상
2017021400100462,2017년 2월 14일 18시,화요일,광주광역시 남구 봉선동,중상사고,0,1,1,0,차대사람 - 횡단중,보행자보호의무위반,건조,맑음,교차로 - 교차로횡단보도내,승용,남,46세,상해없음,보행자,여,53세,중상
2017021400100463,2017년 2월 14일 18시,화요일,광주광역시 광산구 월계동,경상사고,0,0,1,0,차대차 - 측면충돌,안전거리미확보,건조,맑음,단일로 - 기타,승합,남,54세,상해없음,승용,남,33세,경상
2017021400100497,2017년 2월 14일 19시,화요일,광주광역시 북구 풍향동,경상사고,0,0,1,0,차대차 - 측면충돌,신호위반,건조,맑음,교차로 - 교차로안,승합,남,54세,상해없음,승용,남,32세,경상
2017021400100551,2017년 2월 14일 21시,화요일,광주광역시 서구 치평동,사망사고,1,0,0,0,차대사람 - 기타,안전운전불이행,건조,맑음,단일로 - 기타,승용,남,56세,상해없음,보행자,남,17세,사망
2017021400100552,2017년 2월 14일 21시,화요일,광주광역시 북구 신안동,경상사고,0,0,1,0,차대차 - 측면충돌,안전운전불이행,건조,맑음,단일로 - 기타,이륜,남,32세,경상,승용,남,48세,상해없음