사고번호,사고일시,요일,시군구,사고내용,사망자수,중상자수,경상자수,부상신고자수,사고유형,법규위반,노면상태,기상상태,도로형태,가해운전자 차종,가해운전자 성별,가해운전자 연령,가해운전자 상해정도,피해운전자 차종,피해운전자 성별,피해운전자 연령,피해운전자 상해정도
2017022000100527,2017년 2월 20일 23시,월요일,광주광역시 서구 쌍촌동,중상사고,0,1,1,0,차대차 - 측면충돌,안전운전불이행,건조,맑음,교차로 - 교차로안,승용,남,60세,상해없음,이륜,남,45세,중상
2017022000100528,2017년 2월 20일 23시,월요일,광주광역시 북구 운암동,중상사고,0,1,0,0,차대사람 - 횡단중,안전운전불이행,건조,맑음,단일로 - 기타,승용,남,58세,상해없음,보행자,남,47세,중상
2017022100100033,2017년 2월 21일 00시,화요일,광주광역시 서구 금호동,경상사고,0,0,1,0,차대사람 - 횡단중,안전운전불이행,건조,맑음,교차로 - 교차로부근,승용,남,35세,상해없음,보행자,남,31세,경상
2017022100100128,2017년 2월 21일 08시,화요일,광주광역시 북구 운암동,경상사고,0,0,2,0,차대차 - 기타,교차로운행방법위반,건조,맑음,교차로 - 교차로안,승용,남,70세,경상,승용,여,48세,경상
2017022100100178,2017년 2월 21일 10시,화요일,광주광역시 남구 송하동,중상사고,0,1,1,0,차대차 - 측면충돌,신호위반,건조,맑음,미분류 - 미분류,승용,여,32세,상해없음,승용,남,32세,상해없음
2017022100100179,2017년 2월 21일 10시,화요일,광주광역시 광산구 산월동,중상사고,0,1,0,0,차대사람 - 횡단중,안전운전불이행,건조,맑음,주차장 - 주차장,화물,남,68세,상해없음,보행자,남,52세,중상
2017022100100253,2017년 2월 21일 13시,화요일,광주광역시 북구 문흥동,중상사고,0,1,0,0,차량단독 - 기타,안전운전불이행,건조,맑음,단일로 - 기타,승합,남,63세,상해없음,,,,
2017022100100309,2017년 2월 21일 15시,화요일,광주광역시 동구 계림동,경상사고,0,0,2,0,차대차 - 추돌,안전운전불이행,건조,맑음,교차로 - 교차로부근,승용,남,77세,상해없음,승용,여,46세,경상
2017022100100310,2017년 2월 21일 15시,화요일,광주광역시 광산구 신가동,경상사고,0,0,3,0,차대차 - 측면충돌,안전거리미확보,건조,맑음,단일로 - 기타,승용,남,32세,경상,화물,남,51세,경상
2017022100100361,2017년 2월 21일 17시,화요일,광주광역시 동구 금남로5가,경상사고,0,0,1,0,차대사람 - 횡단중,안전운전불이행,건조,흐림,단일로 - 기타,승용,남,56세,상해없음,보행자,여,72세,경상
2017022100100362,2017년 2월 21일 17시,화요일,광주광역시 서구 쌍촌동,경상사고,0,0,1,0,차대차 - 추돌,안전운전불이행,건조,맑음,단일로 - 기타,승용,남,63세,상해없음,승용,여,46세,경상
2017022100100393,2017년 2월 21일 18시,화요일,광주광역시 서구 동천동,경상사고,0,0,1,0,차대차 - 추돌,안전운전불이행,건조,맑음,단일로 - 기타,승용,남,59세,상해없음,승용,남,55세,경상
2017022100100394,2017년 2월 21일 18시,화요일,광주광역시 광산구 비아동,중상사고,0,1,0,0,차대사람 - 횡단중,안전운전불이행,건조,맑음,단일로 - 기타,승용,여,51세,상해없음,보행자,여,62세,중상
2017022100100423,2017년 2월 21일 19시,화요일,광주광역시 서구 양동,경상사고,0,0,1,0,차대차 - 측면충돌,안전거리미확보,건조,맑음,교차로 - 교차로안,화물,남,55세,상해없음,승용,여,39세,경상
2017022100100448,2017년 2월 21일 20시,화요일,광주광역시 동구 대인동,경상사고,0,0,1,0,차대사람 - 기타,안전운전불이행,건조,맑음,단일로 - 기타,기타불명,기타불명,미분류,기타불명,보행자,남,60세,경상
2017022100100469,2017년 2월 21일 21시,화요일,광주광역시 서구 치평동,경상사고,0,0,1,0,차대차 - 측면충돌,신호위반,건조,흐림,단일로 - 기타,승용,남,34세,기타불명,승용,남,30세,경상
2017022200100072,2017년 2월 22일 06시,수요일,광주광역시 서구 동천동,경상사고,0,0,1,0,차대차 - 측면충돌,안전운전불이행,건조,맑음,단일로 - 기타,승용,여,36세,상해없음,승용,남,42세,경상
2017022200100087,2017년 2월 22일 07시,수요일,광주광역시 동구 계림동,경상사고,0,0,1,0,차대차 - 기타,기타,젖음/습기,비,단일로 - 기타,승용,남,32세,상해없음,이륜,남,43세,경상
2017022200100143,2017년 2월 22일 09시,수요일,광주광역시 남구 지석동,경상사고,0,0,2,0,차대차 - 측면충돌,신호위반,건조,맑음,교차로 - 교차로안,승용,남,53세,상해없음,승용,여,33세,경상
2017022200100175,2017년 2월 22일 10시,수요일,광주광역시 서구 쌍촌동,경상사고,0,0,1,0,차대차 - 측면충돌,중앙선침범,젖음/습기,비,단일로 - 기타,승용,남,35세,상해없음,이륜,남,35세,경상
2017022200100176,2017년 2월 22일 10시,수요일,광주광역시 북구 양산동,경상사고,0,0,1,0,차대차 - 측면충돌,안전거리미확보,젖음/습기,비,단일로 - 기타,승용,여,36세,상해없음,승용,남,60세,상해없음
2017022200100203,2017년 2월 22일 11시,수요일,광주광역시 서구 매월동,경상사고,0,0,2,0,차대차 - 측면충돌,차로위반,젖음/습기,흐림,교차로 - 교차로안,화물,남,41세,경상,승용,남,37세,경상
2017022200100204,2017년 2월 22일 11시,수요일,광주광역시 남구 진월동,경상사고,0,0,2,0,차대차 - 측면충돌,안전운전불이행,젖음/습기,비,단일로 - 기타,승용,남,62세,경상,승용,여,53세,경상
2017022200100205,2017년 2월 22일 11시,수요일,광주광역시 북구 운암동,경상사고,0,0,1,0,차량단독 - 기타,안전운전불이행,젖음/습기,비,단일로 - 기타,승합,남,40세,상해없음,,,,
2017022200100232,2017년 2월 22일 12시,수요일,광주광역시 동구 대의동,중상사고,0,4,1,0,차대차 - 기타,중앙선침범,젖음/습기,비,단일로 - 기타,승용,여,76세,상해없음,승용,여,54세,경상
2017022200100262,2017년 2월 22일 13시,수요일,광주광역시 서구 유촌동,경상사고,0,0,1,0,차대차 - 측면충돌,신호위반,젖음/습기,비,교차로 - 교차로안,승용,남,75세,상해없음,승용,남,59세,경상
2017022200100263,2017년 2월 22일 13시,수요일,광주광역시 서구 치평동,경상사고,0,0,6,0,차대차 - 후진중충돌,안전운전불이행,건조,맑음,교차로 - 교차로안,승용,여,28세,경상,승용,여,27세,경상
2017022200100410,2017년 2월 22일 18시,수요일,광주광역시 북구 신안동,경상사고,0,0,1,0,차대차 - 측면충돌,안전거리미확보,젖음/습기,비,단일로 - 기타,승용,여,25세,상해없음,승용,여,49세,경상
2017022200100411,2017년 2월 22일 18시,수요일,광주광역시 광산구 쌍암동,경상사고,0,0,1,0,차대차 - 측면충돌,교차로운행방법위반,건조,맑음,교차로 - 교차로안,승용,여,52세,상해없음,이륜,남,17세,경상
2017022200100458,2017년 2월 22일 19시,수요일,광주광역시 북구 임동,중상사고,0,1,0,0,차대사람 - 횡단중,안전운전불이행,젖음/습기,비,단일로 - 기타,승용,남,56세,상해없음,보행자,남,58세,중상
2017022200100459,2017년 2월 22일 19시,수요일,광주광역시 광산구 우산동,중상사고,0,1,0,0,차대사람 - 기타,안전운전불이행,젖음/습기,비,교차로 - 교차로부근,승용,여,49세,상해없음,보행자,여,71세,중상
2017022200100500,2017년 2월 22일 20시,수요일,광주광역시 서구 화정동,경상사고,0,0,1,0,차대차 - 기타,안전운전불이행,젖음/습기,비,단일로 - 기타,이륜,남,17세,상해없음,승용,여,33세,경상
2017022200100542,2017년 2월 22일 21시,수요일,광주광역시 광산구 신창동,중상사고,0,1,1,0,차대차 - 정면충돌,신호위반,젖음/습기,비,교차로 - 교차로안,원동기,남,16세,경상,승용,여,25세,상해없음
2017022200100568,2017년 2월 22일 22시,수요일,광주광역시 광산구 운남동,경상사고,0,0,3,0,차대차 - 추돌,안전운전불이행,건조,맑음,단일로 - 기타,승용,여,48세,상해없음,승용,여,48세,경상
2017022300100033,2017년 2월 23일 00시,목요일,광주광역시 광산구 장덕동,중상사고,0,1,0,0,차대차 - 기타,안전거리미확보,젖음/습기,흐림,교차로 - 교차로부근,승용,남,22세,상해없음,이륜,남,41세,중상
2017022300100054,2017년 2월 23일 02시,목요일,광주광역시 서구 치평동,중상사고,0,2,1,0,차대차 - 측면충돌,안전운전불이행,건조,흐림,단일로 - 기타,승용,남,32세,경상,승용,남,30세,중상
2017022300100074,2017년 2월 23일 05시,목요일,광주광역시 광산구 소촌동,경상사고,0,0,1,0,차대차 - 측면충돌,신호위반,건조,맑음,교차로 - 교차로안,승용,남,59세,상해없음,승용,남,43세,경상
2017022300100086,2017년 2월 23일 06시,목요일,광주광역시 남구 월산동,부상신고사고,0,0,0,1,차대차 - 측면충돌,안전운전불이행,건조,맑음,단일로 - 기타,승용,여,55세,부상신고,승용,남,59세,상해없음
2017022300100124,2017년 2월 23일 08시,목요일,광주광역시 북구 중흥동,경상사고,0,0,1,0,차대차 - 측면충돌,교차로운행방법위반,건조,맑음,교차로 - 교차로안,승용,남,72세,상해없음,승용,여,42세,경상
2017022300100178,2017년 2월 23일 10시,목요일,광주광역시 남구 월산동,경상사고,0,0,1,0,차대차 - 기타,교차로운행방법위반,건조,맑음,기타 - 기타,승용,여,32세,상해없음,승용,남,26세,경상
2017022300100282,2017년 2월 23일 14시,목요일,광주광역시 광산구 수완동,경상사고,0,0,2,0,차대차 - 정면충돌,신호위반,건조,맑음,교차로 - 교차로안,승용,남,45세,상해없음,승용,남,35세,경상
2017022300100308,2017년 2월 23일 15시,목요일,광주광역시 서구 치평동,경상사고,0,0,3,0,차대차 - 측면충돌,직진우회전진행방해,건조,맑음,교차로 - 교차로안,승용,남,51세,경상,승용,남,55세,경상
2017022300100309,2017년 2월 23일 15시,목요일,광주광역시 광산구 수완동,경상사고,0,0,1,0,차대차 - 측면충돌,신호위반,건조,맑음,교차로 - 교차로안,승용,남,55세,상해없음,화물,남,46세,경상
2017022300100344,2017년 2월 23일 16시,목요일,광주광역시 남구 월산동,중상사고,0,1,0,0,차대차 - 기타,안전운전불이행,건조,맑음,단일로 - 기타,승용,여,50세,상해없음,자전거,남,78세,중상
2017022300100345,2017년 2월 23일 16시,목요일,광주광역시 북구 오치동,중상사고,0,1,0,0,차대차 - 측면충돌,안전운전불이행,건조,맑음,단일로 - 기타,승용,남,58세,상해없음,자전거,여,75세,중상
2017022300100346,2017년 2월 23일 16시,목요일,광주광역시 광산구 신가동,경상사고,0,0,1,0,차대사람 - 차도통행중,안전운전불이행,건조,맑음,단일로 - 기타,승용,여,48세,상해없음,보행자,남,21세,경상
2017022300100377,2017년 2월 23일 17시,목요일,광주광역시 서구 치평동,경상사고,0,0,1,0,차대차 - 기타,교차로운행방법위반,건조,맑음,교차로 - 교차로부근,승용,남,47세,기타불명,승합,남,50세,상해없음
2017022300100512,2017년 2월 23일 21시,목요일,광주광역시 북구 용봉동,경상사고,0,0,1,0,차대차 - 추돌,안전운전불이행,건조,맑음,단일로 - 기타,승용,남,58세,상해없음,승용,여,51세,경상
2017022300100536,2017년 2월 23일 22시,목요일,광주광역시 서구 치평동,경상사고,0,0,1,0,차대차 - 추돌,신호위반,건조,맑음,교차로 - 교차로안,승용,남,32세,상해없음,승용,여,28세,경상
2017022300100537,2017년 2월 23일 22시,목요일,광주광역시 서구 쌍촌동,경상사고,0,0,1,0,차대사람 - 기타,안전운전불이행,건조,맑음,단일로 - 기타,승용,여,34세,상해없음,보행자,남,62세,경상
2017022300100538,2017년 2월 23일 22시,목요일,광주광역시 남구 주월동,경상사고,0,0,3,0,차대차 - 정면충돌,신호위반,건조,맑음,교차로 - 교차로안,승용,남,65세,상해없음,승용,남,65세,경상
2017022300100539,2017년 2월 23일 22시,목요일,광주광역시 광산구 소촌동,경상사고,0,0,1,0,차대차 - 추돌,안전운전불이행,건조,맑음,단일로 - 기타,승용,남,23세,상해없음,승용,남,54세,경상
2017022300100559,2017년 2월 23일 23시,목요일,광주광역시 광산구 신가동,중상사고,0,1,0,0,차대사람 - 횡단중,안전운전불이행,건조,맑음,교차로 - 교차로안,승용,남,59세,상해없음,보행자,여,19세,중상
2017022300100560,2017년 2월 23일 23시,목요일,광주광역시 광산구 월계동,경상사고,0,0,1,0,차대차 - 추돌,안전운전불이행,건조,맑음,교차로 - 교차로부근,승용,남,27세,상해없음,승용,남,48세,경상
2017022400100088,2017년 2월 24일 06시,금요일,광주광역시 광산구 신촌동,중상사고,0,1,3,0,차대차 - 정면충돌,신호위반,건조,맑음,교차로 - 교차로안,승용,남,61세,상해없음,승용,여,33세,경상
2017022400100105,2017년 2월 24일 07시,금요일,광주광역시 남구 송하동,경상사고,0,0,1,0,차대차 - 추돌,안전운전불이행,건조,맑음,단일로 - 고가도로위,승용,여,21세,상해없음,승용,남,34세,경상
2017022400100152,2017년 2월 24일 09시,금요일,광주광역시 북구 용봉동,경상사고,0,0,2,0,차대차 - 추돌,안전거리미확보,건조,맑음,단일로 - 기타,승용,여,52세,상해없음,승용,남,41세,경상
2017022400100181,2017년 2월 24일 10시,금요일,광주광역시 북구 중흥동,경상사고,0,0,1,0,차대차 - 측면충돌,신호위반,건조,맑음,교차로 - 교차로안,원동기,남,49세,경상,승용,남,49세,상해없음
2017022400100248,2017년 2월 24일 12시,금요일,광주광역시 광산구 흑석동,경상사고,0,0,3,0,차대차 - 측면충돌,교차로운행방법위반,건조,맑음,교차로 - 교차로부근,승용,여,50세,경상,승용,여,38세,경상
2017022400100275,2017년 2월 24일 13시,금요일,광주광역시 동구 학동,중상사고,0,1,0,0,차대사람 - 횡단중,안전운전불이행,건조,맑음,단일로 - 기타,화물,남,30세,상해없음,보행자,남,18세,중상
2017022400100398,2017년 2월 24일 17시,금요일,광주광역시 동구 대인동,경상사고,0,0,4,0,차대차 - 추돌,안전거리미확보,건조,맑음,교차로 - 교차로안,승용,남,66세,상해없음,승용,여,56세,경상
2017022400100399,2017년 2월 24일 17시,금요일,광주광역시 서구 마륵동,경상사고,0,0,1,0,차대차 - 측면충돌,기타,건조,맑음,단일로 - 기타,승용,여,45세,상해없음,승용,남,61세,경상
2017022400100439,2017년 2월 24일 18시,금요일,광주광역시 남구 봉선동,경상사고,0,0,1,0,차대차 - 정면충돌,신호위반,건조,맑음,교차로 - 교차로안,이륜,남,67세,경상,승용,여,24세,상해없음
2017022400100440,2017년 2월 24일 18시,금요일,광주광역시 북구 신안동,중상사고,0,1,0,0,차대차 - 측면충돌,신호위반,건조,맑음,교차로 - 교차로안,승용,여,62세,상해없음,이륜,남,45세,중상
2017022400100441,2017년 2월 24일 18시,금요일,광주광역시 북구 신용동,경상사고,0,0,6,1,차대차 - 측면충돌,신호위반,건조,맑음,교차로 - 교차로안,승용,남,60세,상해없음,승용,여,35세,경상
2017022400100490,2017년 2월 24일 19시,금요일,광주광역시 광산구 월계동,경상사고,0,0,1,0,차대사람 - 횡단중,안전운전불이행,건조,맑음,교차로 - 교차로안,승용,여,42세,상해없음,보행자,남,17세,경상
2017022400100546,2017년 2월 24일 21시,금요일,광주광역시 북구 각화동,경상사고,0,0,3,0,차대차 - 측면충돌,안전운전불이행,건조,맑음,단일로 - 기타,승용,남,68세,상해없음,승용,남,44세,경상
2017022400100547,2017년 2월 24일 21시,금요일,광주광역시 북구 일곡동,중상사고,0,1,1,0,차대차 - 측면충돌,신호위반,건조,맑음,교차로 - 교차로안,이륜,남,46세,중상,승용,남,64세,경상
2017022400100565,2017년 2월 24일 22시,금요일,광주광역시 북구 일곡동,경상사고,0,0,3,0,차대차 - 측면충돌,안전운전불이행,건조,맑음,교차로 - 교차로안,승용,여,58세,경상,승용,남,64세,경상
2017022500100035,2017년 2월 25일 00시,토요일,광주광역시 서구 금호동,중상사고,0,1,4,0,차대차 - 추돌,안전운전불이행,건조,맑음,교차로 - 교차로부근,승용,남,33세,상해없음,승용,남,48세,경상
2017022500100049,2017년 2월 25일 01시,토요일,광주광역시 북구 대촌동,사망사고,1,0,0,0,차량단독 - 공작물충돌,안전운전불이행,건조,맑음,단일로 - 기타,화물,남,29세,사망,,,,
2017022500100050,2017년 2월 25일 01시,토요일,광주광역시 광산구 흑석동,경상사고,0,0,1,0,차대차 - 측면충돌,교차로운행방법위반,건조,맑음,교차로 - 교차로안,승용,남,58세,상해없음,승용,남,60세,상해없음
2017022500100051,2017년 2월 25일 01시,토요일,광주광역시 광산구 오선동,경상사고,0,0,3,0,차대차 - 측면충돌,신호위반,건조,맑음,교차로 - 교차로부근,승용,여,51세,경상,승용,남,34세,경상
2017022500100068,2017년 2월 25일 02시,토요일,광주광역시 광산구 도산동,경상사고,0,0,1,0,차대사람 - 기타,안전운전불이행,건조,맑음,기타 - 기타,승용,남,34세,상해없음,보행자,남,43세,경상
2017022500100128,2017년 2월 25일 06시,토요일,광주광역시 북구 용봉동,경상사고,0,0,1,0,차대차 - 추돌,안전운전불이행,건조,맑음,단일로 - 기타,승용,남,22세,기타불명,승용,남,27세,경상
2017022500100129,2017년 2월 25일 06시,토요일,광주광역시 북구 오치동,경상사고,0,0,3,0,차대차 - 측면충돌,중앙선침범,건조,맑음,단일로 - 기타,승용,남,33세,상해없음,화물,남,34세,경상
2017022500100169,2017년 2월 25일 08시,토요일,광주광역시 광산구 쌍암동,경상사고,0,0,1,0,차대차 - 추돌,안전운전불이행,건조,맑음,교차로 - 교차로부근,승용,남,37세,상해없음,승용,남,58세,경상
2017022500100189,2017년 2월 25일 09시,토요일,광주광역시 남구 주월동,경상사고,0,0,1,0,차대차 - 측면충돌,중앙선침범,건조,맑음,단일로 - 기타,승용,남,73세,기타불명,승용,여,45세,경상
2017022500100217,2017년 2월 25일 10시,토요일,광주광역시 북구 일곡동,경상사고,0,0,1,0,차대차 - 정면충돌,안전운전불이행,건조,맑음,교차로 - 교차로안,승용,남,24세,상해없음,승용,남,48세,경상
2017022500100218,2017년 2월 25일 10시,토요일,광주광역시 광산구 월전동,경상사고,0,0,2,0,차대차 - 추돌,안전운전불이행,건조,맑음,단일로 - 기타,승용,남,63세,상해없음,승용,여,28세,경상
2017022500100279,2017년 2월 25일 12시,토요일,광주광역시 북구 일곡동,경상사고,0,0,1,0,차대차 - 정면충돌,신호위반,건조,맑음,교차로 - 교차로안,원동기,남,70세,경상,승용,남,43세,상해없음
2017022500100280,2017년 2월 25일 12시,토요일,광주광역시 북구 중흥동,경상사고,0,0,1,0,차대사람 - 기타,안전운전불이행,건조,맑음,단일로 - 기타,승용,남,29세,상해없음,보행자,여,21세,경상
2017022500100364,2017년 2월 25일 15시,토요일,광주광역시 서구 풍암동,경상사고,0,0,3,0,차대차 - 측면충돌,교차로운행방법위반,건조,맑음,교차로 - 교차로안,승용,남,44세,상해없음,승용,여,33세,경상
2017022500100365,2017년 2월 25일 15시,토요일,광주광역시 남구 송하동,경상사고,0,0,2,0,차대차 - 정면충돌,안전거리미확보,건조,맑음,단일로 - 기타,승용,여,64세,경상,승용,여,55세,경상
2017022500100404,2017년 2월 25일 16시,토요일,광주광역시 남구 주월동,경상사고,0,0,1,0,차대차 - 추돌,차로위반,건조,맑음,단일로 - 기타,승용,남,32세,상해없음,승합,남,55세,상해없음
2017022500100440,2017년 2월 25일 17시,토요일,광주광역시 동구 산수동,중상사고,0,1,1,0,차대차 - 측면충돌,신호위반,건조,맑음,단일로 - 기타,승용,여,26세,경상,자전거,남,14세,중상
2017022500100441,2017년 2월 25일 17시,토요일,광주광역시 서구 광천동,경상사고,0,0,2,0,차대차 - 기타,안전운전불이행,건조,맑음,교차로 - 교차로부근,승용,여,55세,경상,승용,남,62세,상해없음
2017022500100442,2017년 2월 25일 17시,토요일,광주광역시 남구 월산동,경상사고,0,0,2,0,차대차 - 측면충돌,교차로운행방법위반,건조,맑음,교차로 - 교차로안,승용,여,55세,기타불명,승용,여,24세,경상
2017022500100467,2017년 2월 25일 18시,토요일,광주광역시 북구 신용동,경상사고,0,0,1,0,차대차 - 측면충돌,안전거리미확보,건조,맑음,단일로 - 기타,승용,남,57세,상해없음,승용,남,41세,경상
2017022500100500,2017년 2월 25일 19시,토요일,광주광역시 서구 금호동,중상사고,0,2,0,0,차대차 - 추돌,안전운전불이행,건조,맑음,단일로 - 기타,승용,남,39세,상해없음,승용,여,48세,중상
2017022500100590,2017년 2월 25일 23시,토요일,광주광역시 서구 쌍촌동,경상사고,0,0,1,0,차대사람 - 기타,안전운전불이행,건조,맑음,단일로 - 기타,승용,남,54세,상해없음,보행자,여,26세,경상
2017022600100031,2017년 2월 26일 00시,일요일,광주광역시 광산구 신가동,경상사고,0,0,6,0,차대차 - 측면충돌,안전운전불이행,건조,맑음,교차로 - 교차로부근,승용,남,45세,상해없음,승용,여,42세,경상
2017022600100049,2017년 2월 26일 01시,일요일,광주광역시 북구 유동,경상사고,0,0,2,0,차대차 - 측면충돌,신호위반,건조,맑음,교차로 - 교차로안,승용,남,62세,상해없음,승용,남,29세,경상
2017022600100133,2017년 2월 26일 08시,일요일,광주광역시 광산구 서봉동,중상사고,0,1,0,0,차대차 - 정면충돌,안전거리미확보,건조,맑음,단일로 - 기타,승용,남,55세,상해없음,원동기,남,62세,중상
2017022600100159,2017년 2월 26일 10시,일요일,광주광역시 남구 진월동,중상사고,0,1,0,0,차대차 - 측면충돌,교차로운행방법위반,건조,맑음,교차로 - 교차로안,승용,여,54세,상해없음,이륜,남,42세,중상
2017022600100170,2017년 2월 26일 11시,일요일,광주광역시 서구 금호동,경상사고,0,0,1,0,차대차 - 추돌,안전운전불이행,건조,맑음,단일로 - 기타,승용,남,38세,상해없음,이륜,남,35세,경상
2017022600100194,2017년 2월 26일 12시,일요일,광주광역시 서구 쌍촌동,경상사고,0,0,1,0,차대사람 - 횡단중,안전운전불이행,건조,맑음,단일로 - 기타,승용,남,21세,상해없음,보행자,남,13세,경상
2017022600100195,2017년 2월 26일 12시,일요일,광주광역시 북구 매곡동,부상신고사고,0,0,0,1,차대차 - 측면충돌,차로위반,건조,맑음,교차로 - 교차로부근,이륜,남,37세,부상신고,승용,남,32세,기타불명
2017022600100255,2017년 2월 26일 15시,일요일,광주광역시 북구 용봉동,경상사고,0,0,1,0,차대차 - 기타,안전거리미확보,건조,맑음,단일로 - 기타,승합,남,22세,상해없음,이륜,남,36세,경상
2017022600100256,2017년 2월 26일 15시,일요일,광주광역시 광산구 수완동,경상사고,0,0,3,0,차대차 - 추돌,안전거리미확보,건조,맑음,교차로 - 교차로부근,승용,남,19세,상해없음,승용,남,35세,경상
2017022600100279,2017년 2월 26일 16시,일요일,광주광역시 북구 중흥동,경상사고,0,0,3,0,차대차 - 추돌,안전운전불이행,건조,맑음,교차로 - 교차로안,승용,남,58세,상해없음,승용,남,45세,경상
2017022600100386,2017년 2월 26일 20시,일요일,광주광역시 북구 삼각동,사망사고,1,0,0,0,차대사람 - 기타,안전운전불이행,건조,맑음,단일로 - 기타,승용,남,60세,상해없음,보행자,남,56세,사망
2017022600100410,2017년 2월 26일 21시,일요일,광주광역시 북구 용봉동,경상사고,0,0,1,0,차대사람 - 횡단중,안전운전불이행,건조,맑음,교차로 - 교차로부근,화물,남,61세,상해없음,보행자,남,39세,경상
2017022600100411,2017년 2월 26일 21시,일요일,광주광역시 광산구 쌍암동,경상사고,0,0,3,0,차대차 - 측면충돌,교차로운행방법위반,건조,맑음,교차로 - 교차로부근,승용,남,51세,상해없음,승용,남,53세,경상
2017022600100427,2017년 2월 26일 22시,일요일,광주광역시 서구 치평동,경상사고,0,0,1,0,차대사람 - 차도통행중,안전운전불이행,건조,맑음,단일로 - 기타,승용,남,21세,상해없음,보행자,남,20세,경상
2017022600100440,2017년 2월 26일 23시,일요일,광주광역시 광산구 수완동,경상사고,0,0,1,0,차대차 - 기타,안전거리미확보,건조,맑음,교차로 - 교차로안,승용,남,63세,상해없음,원동기,남,17세,경상
2017022600100441,2017년 2월 26일 23시,일요일,광주광역시 광산구 운남동,경상사고,0,0,1,0,차대차 - 추돌,안전운전불이행,건조,맑음,교차로 - 교차로부근,승용,남,27세,상해없음,이륜,남,54세,경상
2017022700100028,2017년 2월 27일 00시,월요일,광주광역시 서구 치평동,경상사고,0,0,4,0,차대차 - 측면충돌,신호위반,건조,맑음,교차로 - 교차로안,승용,여,48세,상해없음,승용,남,48세,경상
2017022700100048,2017년 2월 27일 03시,월요일,광주광역시 북구 임동,중상사고,0,1,0,0,차량단독 - 기타,안전운전불이행,건조,맑음,단일로 - 기타,승용,남,26세,중상,,,,
2017022700100061,2017년 2월 27일 05시,월요일,광주광역시 동구 학동,중상사고,0,1,0,1,차대사람 - 기타,안전운전불이행,건조,맑음,단일로 - 기타,자전거,여,59세,중상,보행자,남,75세,부상신고
2017022700100101,2017년 2월 27일 07시,월요일,광주광역시 남구 송하동,중상사고,0,1,0,0,차대차 - 측면충돌,안전거리미확보,건조,맑음,단일로 - 기타,승용,남,40세,상해없음,원동기,여,30세,중상
2017022700100127,2017년 2월 27일 08시,월요일,광주광역시 서구 농성동,중상사고,0,2,0,0,차대차 - 추돌,안전운전불이행,건조,맑음,단일로 - 기타,승용,남,32세,상해없음,승용,여,46세,중상
2017022700100182,2017년 2월 27일 10시,월요일,광주광역시 남구 진월동,경상사고,0,0,1,0,차대차 - 정면충돌,신호위반,건조,맑음,교차로 - 교차로안,화물,남,57세,상해없음,화물,남,48세,경상
2017022700100209,2017년 2월 27일 11시,월요일,광주광역시 서구 치평동,경상사고,0,0,1,0,차대차 - 측면충돌,안전운전불이행,건조,맑음,단일로 - 기타,화물,남,56세,기타불명,승용,여,59세,경상
2017022700100210,2017년 2월 27일 11시,월요일,광주광역시 남구 백운동,경상사고,0,0,1,0,차대차 - 측면충돌,안전거리미확보,건조,맑음,단일로 - 고가도로위,승용,남,63세,상해없음,승용,남,65세,경상
2017022700100240,2017년 2월 27일 12시,월요일,광주광역시 서구 화정동,중상사고,0,1,0,0,차대차 - 측면충돌,안전운전불이행,건조,맑음,교차로 - 교차로안,승용,여,37세,상해없음,자전거,남,76세,중상
2017022700100241,2017년 2월 27일 12시,월요일,광주광역시 북구 양산동,경상사고,0,0,1,0,차대사람 - 횡단중,안전운전불이행,건조,맑음,단일로 - 기타,승용,남,69세,상해없음,보행자,여,8세,경상
2017022700100242,2017년 2월 27일 12시,월요일,광주광역시 북구 운암동,경상사고,0,0,3,0,차량단독 - 기타,안전운전불이행,건조,맑음,단일로 - 기타,승용,남,42세,상해없음,,,,
2017022700100275,2017년 2월 27일 13시,월요일,광주광역시 남구 백운동,경상사고,0,0,1,0,차대차 - 기타,안전운전불이행,건조,맑음,단일로 - 기타,승용,여,21세,상해없음,승용,여,40세,경상
2017022700100276,2017년 2월 27일 13시,월요일,광주광역시 광산구 월계동,경상사고,0,0,1,0,차대차 - 추돌,안전운전불이행,건조,맑음,교차로 - 교차로안,승용,여,31세,상해없음,자전거,남,54세,경상
2017022700100341,2017년 2월 27일 15시,월요일,광주광역시 남구 봉선동,중상사고,0,1,0,0,차대차 - 정면충돌,신호위반,건조,맑음,교차로 - 교차로안,원동기,남,46세,상해없음,승용,여,49세,상해없음
2017022700100376,2017년 2월 27일 16시,월요일,광주광역시 서구 쌍촌동,경상사고,0,0,1,0,차대차 - 측면충돌,안전운전불이행,건조,맑음,단일로 - 기타,승용,남,51세,상해없음,승용,여,57세,경상
2017022700100377,2017년 2월 27일 16시,월요일,광주광역시 남구 백운동,경상사고,0,0,1,0,차대사람 - 횡단중,안전운전불이행,건조,맑음,기타 - 기타,승용,여,51세,상해없음,보행자,남,59세,경상