사고번호,사고일시,요일,시군구,사고내용,사망자수,중상자수,경상자수,부상신고자수,사고유형,법규위반,노면상태,기상상태,도로형태,가해운전자 차종,가해운전자 성별,가해운전자 연령,가해운전자 상해정도,피해운전자 차종,피해운전자 성별,피해운전자 연령,피해운전자 상해정도
2017022700100408,2017년 2월 27일 17시,월요일,광주광역시 서구 광천동,중상사고,0,1,0,0,차대차 - 측면충돌,교차로운행방법위반,건조,맑음,교차로 - 교차로안,승용,여,57세,상해없음,원동기,남,73세,중상
2017022700100409,2017년 2월 27일 17시,월요일,광주광역시 서구 치평동,중상사고,0,1,0,0,차대사람 - 횡단중,안전운전불이행,건조,맑음,단일로 - 기타,승용,여,57세,상해없음,보행자,남,74세,중상
2017022700100410,2017년 2월 27일 17시,월요일,광주광역시 북구 신용동,경상사고,0,0,1,0,차대차 - 측면충돌,신호위반,건조,맑음,교차로 - 교차로안,승용,여,49세,상해없음,승용,여,31세,경상
2017022700100411,2017년 2월 27일 17시,월요일,광주광역시 북구 중흥동,경상사고,0,0,5,1,차대차 - 측면충돌,신호위반,건조,맑음,교차로 - 교차로안,승합,남,49세,상해없음,승용,남,31세,경상
2017022700100443,2017년 2월 27일 18시,월요일,광주광역시 서구 동천동,경상사고,0,0,1,0,차대사람 - 횡단중,신호위반,건조,흐림,단일로 - 기타,승용,남,40세,상해없음,보행자,여,44세,경상
2017022700100444,2017년 2월 27일 18시,월요일,광주광역시 북구 운암동,경상사고,0,0,1,0,차대차 - 기타,안전운전불이행,건조,맑음,단일로 - 기타,화물,남,50세,상해없음,승용,남,61세,상해없음
2017022700100475,2017년 2월 27일 19시,월요일,광주광역시 광산구 월전동,경상사고,0,0,2,0,차대차 - 추돌,안전운전불이행,건조,맑음,교차로 - 교차로부근,승용,남,49세,상해없음,승용,남,64세,경상
2017022700100476,2017년 2월 27일 19시,월요일,광주광역시 광산구 흑석동,경상사고,0,0,2,0,차대차 - 정면충돌,안전운전불이행,건조,맑음,단일로 - 기타,승용,여,27세,상해없음,승용,남,40세,경상
2017022700100477,2017년 2월 27일 19시,월요일,광주광역시 광산구 신창동,경상사고,0,0,1,1,차대차 - 측면충돌,교차로운행방법위반,건조,맑음,교차로 - 교차로안,승용,여,42세,부상신고,승용,여,25세,경상
2017022700100507,2017년 2월 27일 20시,월요일,광주광역시 북구 용두동,중상사고,0,1,3,0,차대차 - 추돌,안전운전불이행,건조,맑음,단일로 - 기타,화물,남,47세,중상,화물,남,50세,경상
2017022700100508,2017년 2월 27일 20시,월요일,광주광역시 광산구 우산동,경상사고,0,0,1,0,차대차 - 추돌,안전운전불이행,건조,맑음,단일로 - 기타,승용,남,59세,상해없음,이륜,남,22세,경상
2017022700100530,2017년 2월 27일 21시,월요일,광주광역시 북구 신안동,경상사고,0,0,1,0,차대차 - 정면충돌,안전운전불이행,건조,맑음,교차로 - 교차로안,자전거,남,30세,경상,승용,여,33세,상해없음
2017022700100553,2017년 2월 27일 22시,월요일,광주광역시 동구 학동,경상사고,0,0,2,0,차대차 - 추돌,안전운전불이행,건조,맑음,단일로 - 기타,승용,남,36세,상해없음,승용,남,41세,경상
2017022700100554,2017년 2월 27일 22시,월요일,광주광역시 북구 신안동,경상사고,0,0,1,0,차대차 - 측면충돌,차로위반,건조,맑음,단일로 - 기타,승용,남,28세,상해없음,이륜,남,20세,경상
2017022700100555,2017년 2월 27일 22시,월요일,광주광역시 광산구 송정동,경상사고,0,0,1,0,차량단독 - 공작물충돌,안전운전불이행,건조,맑음,교차로 - 교차로부근,승용,남,70세,상해없음,,,,
2017022700100571,2017년 2월 27일 23시,월요일,광주광역시 광산구 수완동,경상사고,0,0,1,3,차대차 - 추돌,안전운전불이행,건조,맑음,단일로 - 기타,승용,남,35세,상해없음,승용,남,35세,부상신고
2017022800100043,2017년 2월 28일 01시,화요일,광주광역시 서구 치평동,경상사고,0,0,5,0,차대차 - 추돌,안전운전불이행,건조,맑음,교차로 - 교차로부근,승용,남,34세,상해없음,승용,남,40세,경상
2017022800100053,2017년 2월 28일 03시,화요일,광주광역시 동구 산수동,사망사고,1,0,0,0,차대차 - 기타,안전운전불이행,건조,맑음,단일로 - 기타,승용,남,48세,사망,승용,남,53세,상해없음
2017022800100066,2017년 2월 28일 05시,화요일,광주광역시 북구 운암동,경상사고,0,0,2,0,차대차 - 정면충돌,신호위반,건조,맑음,교차로 - 교차로안,승용,남,22세,상해없음,승용,남,58세,경상
2017022800100067,2017년 2월 28일 05시,화요일,광주광역시 북구 양산동,사망사고,1,0,0,0,차대사람 - 횡단중,과속,건조,맑음,교차로 - 교차로안,승용,남,59세,상해없음,보행자,남,71세,사망
2017022800100125,2017년 2월 28일 08시,화요일,광주광역시 서구 동천동,경상사고,0,0,1,0,차대차 - 측면충돌,안전거리미확보,건조,맑음,단일로 - 기타,기타불명,기타불명,미분류,기타불명,승용,여,52세,경상
2017022800100126,2017년 2월 28일 08시,화요일,광주광역시 광산구 서봉동,경상사고,0,0,3,0,차대차 - 후진중충돌,안전거리미확보,건조,맑음,단일로 - 기타,승용,남,57세,상해없음,승용,여,54세,경상
2017022800100173,2017년 2월 28일 10시,화요일,광주광역시 광산구 서봉동,경상사고,0,0,1,0,차대차 - 측면충돌,안전거리미확보,건조,맑음,교차로 - 교차로부근,승용,남,38세,상해없음,승용,남,31세,경상
2017022800100197,2017년 2월 28일 11시,화요일,광주광역시 광산구 도천동,경상사고,0,0,1,0,차대차 - 추돌,안전운전불이행,건조,맑음,단일로 - 기타,화물,남,45세,상해없음,승합,남,50세,경상
2017022800100327,2017년 2월 28일 15시,화요일,광주광역시 북구 신안동,경상사고,0,0,1,0,차대사람 - 횡단중,보행자보호의무위반,건조,맑음,교차로 - 교차로안,기타불명,기타불명,미분류,기타불명,보행자,여,28세,경상
2017022800100328,2017년 2월 28일 15시,화요일,광주광역시 광산구 신촌동,중상사고,0,1,0,0,차대차 - 추돌,안전거리미확보,건조,맑음,단일로 - 기타,기타불명,기타불명,미분류,기타불명,승용,남,40세,상해없음
2017022800100366,2017년 2월 28일 16시,화요일,광주광역시 서구 화정동,경상사고,0,0,1,0,차대차 - 측면충돌,교차로운행방법위반,건조,맑음,교차로 - 교차로안,승용,남,65세,상해없음,이륜,남,17세,경상
2017022800100367,2017년 2월 28일 16시,화요일,광주광역시 남구 진월동,경상사고,0,0,2,0,차대차 - 측면충돌,불법유턴,건조,맑음,단일로 - 기타,승용,여,72세,기타불명,승용,남,63세,경상
2017022800100368,2017년 2월 28일 16시,화요일,광주광역시 북구 오치동,경상사고,0,0,1,0,차대차 - 기타,안전운전불이행,건조,맑음,교차로 - 교차로부근,승용,여,57세,상해없음,승용,남,46세,경상
2017022800100391,2017년 2월 28일 17시,화요일,광주광역시 광산구 월전동,경상사고,0,0,1,0,차대차 - 추돌,안전거리미확보,건조,맑음,교차로 - 교차로부근,화물,남,71세,상해없음,화물,남,40세,경상
2017022800100427,2017년 2월 28일 18시,화요일,광주광역시 서구 금호동,중상사고,0,2,0,0,차대차 - 측면충돌,신호위반,건조,맑음,교차로 - 교차로안,승용,남,34세,상해없음,승용,남,29세,중상
2017022800100428,2017년 2월 28일 18시,화요일,광주광역시 남구 봉선동,경상사고,0,0,1,0,차대사람 - 횡단중,보행자보호의무위반,건조,맑음,교차로 - 교차로부근,승용,남,67세,상해없음,보행자,남,8세,경상
2017022800100470,2017년 2월 28일 19시,화요일,광주광역시 남구 주월동,중상사고,0,1,0,0,차대차 - 측면충돌,중앙선침범,건조,맑음,단일로 - 기타,승용,여,54세,상해없음,원동기,남,20세,중상
2017022800100471,2017년 2월 28일 19시,화요일,광주광역시 남구 주월동,경상사고,0,0,1,0,차대차 - 측면충돌,교차로운행방법위반,건조,맑음,교차로 - 교차로안,원동기,남,17세,상해없음,원동기,남,51세,경상
2017022800100472,2017년 2월 28일 19시,화요일,광주광역시 광산구 운남동,중상사고,0,1,0,0,차대사람 - 횡단중,안전운전불이행,건조,맑음,교차로 - 교차로안,승용,남,32세,상해없음,보행자,여,69세,중상
2017022800100555,2017년 2월 28일 22시,화요일,광주광역시 북구 문흥동,경상사고,0,0,1,0,차대차 - 정면충돌,안전운전불이행,건조,맑음,교차로 - 교차로안,승용,남,47세,상해없음,승용,남,44세,경상
2017022800100585,2017년 2월 28일 23시,화요일,광주광역시 서구 치평동,경상사고,0,0,3,0,차대차 - 측면충돌,안전거리미확보,건조,맑음,단일로 - 기타,승용,여,44세,상해없음,승용,남,53세,경상
2017022800100586,2017년 2월 28일 23시,화요일,광주광역시 남구 방림동,경상사고,0,0,2,1,차대차 - 정면충돌,신호위반,건조,맑음,교차로 - 교차로안,승용,남,32세,부상신고,승용,남,61세,경상
2017022800100587,2017년 2월 28일 23시,화요일,광주광역시 남구 송하동,경상사고,0,0,3,0,차대차 - 추돌,안전운전불이행,건조,맑음,단일로 - 기타,승용,남,51세,상해없음,승용,남,32세,경상
2017022800100588,2017년 2월 28일 23시,화요일,광주광역시 남구 백운동,경상사고,0,0,1,0,차량단독 - 전도전복,안전운전불이행,건조,맑음,교차로 - 교차로부근,승용,남,33세,경상,미분류,미분류,미분류,미분류
2017022800100589,2017년 2월 28일 23시,화요일,광주광역시 북구 용봉동,경상사고,0,0,1,0,차대사람 - 횡단중,신호위반,건조,맑음,교차로 - 교차로안,승용,남,51세,상해없음,보행자,여,21세,경상
2017030100100024,2017년 3월 1일 00시,수요일,광주광역시 북구 우산동,경상사고,0,0,2,1,차대차 - 추돌,안전운전불이행,건조,맑음,교차로 - 교차로부근,승용,남,42세,부상신고,승용,남,59세,경상
2017030100100025,2017년 3월 1일 00시,수요일,광주광역시 광산구 삼거동,중상사고,0,1,0,0,차대차 - 기타,안전운전불이행,건조,맑음,단일로 - 기타,화물,남,44세,중상,승용,남,49세,상해없음
2017030100100075,2017년 3월 1일 04시,수요일,광주광역시 동구 수기동,중상사고,0,2,3,0,차대차 - 측면충돌,신호위반,건조,맑음,교차로 - 교차로안,승용,남,33세,상해없음,승용,남,50세,경상
2017030100100103,2017년 3월 1일 07시,수요일,광주광역시 북구 각화동,경상사고,0,0,3,0,차대차 - 기타,안전운전불이행,건조,맑음,단일로 - 기타,화물,남,48세,경상,승용,남,25세,경상
2017030100100139,2017년 3월 1일 10시,수요일,광주광역시 북구 장등동,경상사고,0,0,1,0,차대차 - 추돌,안전운전불이행,건조,맑음,단일로 - 기타,승용,남,40세,상해없음,승용,남,71세,경상
2017030100100170,2017년 3월 1일 11시,수요일,광주광역시 남구 노대동,경상사고,0,0,1,0,차대차 - 측면충돌,안전운전불이행,건조,맑음,교차로 - 교차로횡단보도내,기타불명,기타불명,미분류,기타불명,자전거,남,9세,경상
2017030100100171,2017년 3월 1일 11시,수요일,광주광역시 북구 두암동,중상사고,0,1,5,0,차대차 - 측면충돌,신호위반,건조,맑음,교차로 - 교차로안,승용,남,51세,중상,승합,남,41세,경상
2017030100100182,2017년 3월 1일 12시,수요일,광주광역시 북구 장등동,경상사고,0,0,1,0,차대차 - 추돌,안전운전불이행,건조,맑음,단일로 - 기타,승합,남,41세,상해없음,승용,여,60세,경상
2017030100100209,2017년 3월 1일 13시,수요일,광주광역시 북구 용봉동,경상사고,0,0,1,0,차대사람 - 기타,안전운전불이행,건조,맑음,단일로 - 기타,승용,여,37세,기타불명,보행자,남,29세,경상
2017030100100273,2017년 3월 1일 16시,수요일,광주광역시 서구 광천동,경상사고,0,0,3,0,차대차 - 측면충돌,교차로운행방법위반,건조,맑음,교차로 - 교차로안,승용,남,42세,상해없음,승용,남,48세,경상
2017030100100274,2017년 3월 1일 16시,수요일,광주광역시 광산구 수완동,경상사고,0,0,4,0,차대차 - 측면충돌,교차로운행방법위반,건조,맑음,교차로 - 교차로안,승용,남,57세,상해없음,승용,남,35세,경상
2017030100100300,2017년 3월 1일 17시,수요일,광주광역시 서구 쌍촌동,중상사고,0,1,0,0,차대차 - 측면충돌,안전운전불이행,건조,맑음,교차로 - 교차로안,화물,남,43세,상해없음,이륜,남,20세,중상
2017030100100301,2017년 3월 1일 17시,수요일,광주광역시 북구 동림동,경상사고,0,0,1,0,차대차 - 추돌,안전거리미확보,건조,맑음,단일로 - 기타,승용,남,61세,상해없음,승용,남,30세,경상
2017030100100302,2017년 3월 1일 17시,수요일,광주광역시 북구 풍향동,경상사고,0,0,1,0,차대차 - 측면충돌,안전운전불이행,건조,맑음,교차로 - 교차로부근,승용,여,62세,상해없음,승용,남,73세,경상
2017030100100331,2017년 3월 1일 18시,수요일,광주광역시 동구 산수동,경상사고,0,0,2,0,차대차 - 측면충돌,신호위반,젖음/습기,비,교차로 - 교차로안,승용,여,61세,상해없음,승용,여,26세,경상
2017030100100332,2017년 3월 1일 18시,수요일,광주광역시 광산구 월곡동,경상사고,0,0,2,0,차대차 - 측면충돌,교차로운행방법위반,젖음/습기,비,교차로 - 교차로부근,승용,남,23세,경상,이륜,남,39세,경상
2017030100100384,2017년 3월 1일 19시,수요일,광주광역시 서구 쌍촌동,경상사고,0,0,1,0,차대차 - 후진중충돌,기타,건조,맑음,단일로 - 기타,승용,남,26세,상해없음,승용,남,35세,경상
2017030100100385,2017년 3월 1일 19시,수요일,광주광역시 북구 삼각동,중상사고,0,1,0,0,차대사람 - 횡단중,신호위반,젖음/습기,비,단일로 - 기타,원동기,남,53세,상해없음,보행자,남,42세,중상
2017030100100422,2017년 3월 1일 20시,수요일,광주광역시 서구 치평동,경상사고,0,0,2,0,차대차 - 정면충돌,중앙선침범,젖음/습기,흐림,단일로 - 기타,승용,남,51세,상해없음,승용,남,65세,경상
2017030100100455,2017년 3월 1일 21시,수요일,광주광역시 서구 금호동,경상사고,0,0,2,0,차대사람 - 보도통행중,보행자보호의무위반,젖음/습기,비,교차로 - 교차로횡단보도내,승용,남,64세,상해없음,보행자,남,17세,경상
2017030100100456,2017년 3월 1일 21시,수요일,광주광역시 광산구 하남동,경상사고,0,0,1,0,차대차 - 측면충돌,안전거리미확보,젖음/습기,비,단일로 - 기타,승용,남,27세,상해없음,승용,여,37세,경상
2017030100100479,2017년 3월 1일 22시,수요일,광주광역시 북구 운암동,경상사고,0,0,2,0,차대차 - 추돌,안전거리미확보,젖음/습기,비,단일로 - 기타,승용,남,50세,상해없음,승용,남,45세,경상
2017030100100511,2017년 3월 1일 23시,수요일,광주광역시 서구 농성동,경상사고,0,0,4,0,차대차 - 기타,안전운전불이행,건조,흐림,단일로 - 기타,승용,남,41세,상해없음,승용,남,56세,경상
2017030200100195,2017년 3월 2일 11시,목요일,광주광역시 북구 용봉동,경상사고,0,0,1,0,차대차 - 기타,안전운전불이행,건조,맑음,단일로 - 기타,승용,여,30세,상해없음,승합,남,57세,상해없음
2017030200100222,2017년 3월 2일 12시,목요일,광주광역시 광산구 비아동,경상사고,0,0,1,0,차대차 - 측면충돌,교차로운행방법위반,건조,맑음,교차로 - 교차로안,승합,남,33세,상해없음,승용,여,47세,경상
2017030200100258,2017년 3월 2일 13시,목요일,광주광역시 광산구 월계동,경상사고,0,0,2,0,차대차 - 측면충돌,교차로운행방법위반,건조,맑음,교차로 - 교차로안,화물,남,33세,상해없음,이륜,남,14세,경상
2017030200100335,2017년 3월 2일 16시,목요일,광주광역시 광산구 수완동,경상사고,0,0,2,0,차대차 - 측면충돌,안전운전불이행,건조,맑음,교차로 - 교차로부근,승용,여,37세,경상,승용,남,56세,경상
2017030200100369,2017년 3월 2일 17시,목요일,광주광역시 남구 송하동,경상사고,0,0,1,0,차대차 - 측면충돌,신호위반,건조,맑음,교차로 - 교차로안,승용,남,59세,상해없음,승용,남,58세,경상
2017030200100370,2017년 3월 2일 17시,목요일,광주광역시 광산구 오선동,중상사고,0,3,1,0,차량단독 - 전도전복 - 전도,안전운전불이행,건조,맑음,단일로 - 기타,승용,남,19세,중상,,,,
2017030200100398,2017년 3월 2일 18시,목요일,광주광역시 서구 쌍촌동,경상사고,0,0,2,0,차대차 - 추돌,안전운전불이행,건조,맑음,단일로 - 기타,승용,남,43세,상해없음,승용,여,30세,경상
2017030200100399,2017년 3월 2일 18시,목요일,광주광역시 광산구 운남동,경상사고,0,0,1,0,차대차 - 측면충돌,불법유턴,건조,맑음,단일로 - 기타,원동기,남,37세,경상,승용,여,32세,상해없음
2017030200100431,2017년 3월 2일 19시,목요일,광주광역시 광산구 신가동,경상사고,0,0,3,0,차대차 - 추돌,안전운전불이행,건조,맑음,교차로 - 교차로부근,승용,남,45세,상해없음,승용,여,50세,경상
2017030200100460,2017년 3월 2일 20시,목요일,광주광역시 북구 우산동,경상사고,0,0,1,0,차대사람 - 횡단중,교차로운행방법위반,건조,맑음,교차로 - 교차로안,승용,여,28세,상해없음,보행자,남,45세,경상
2017030200100461,2017년 3월 2일 20시,목요일,광주광역시 광산구 월계동,중상사고,0,1,1,0,차대차 - 측면충돌,안전운전불이행,건조,맑음,교차로 - 교차로안,승용,남,41세,경상,승용,남,28세,중상
2017030200100489,2017년 3월 2일 21시,목요일,광주광역시 광산구 수완동,경상사고,0,0,1,0,차대차 - 기타,안전운전불이행,건조,맑음,교차로 - 교차로안,승용,남,27세,상해없음,승용,남,42세,경상
2017030200100516,2017년 3월 2일 22시,목요일,광주광역시 서구 광천동,경상사고,0,0,4,0,차대차 - 측면충돌,교차로운행방법위반,건조,맑음,단일로 - 기타,승용,남,58세,경상,승용,남,34세,경상
2017030200100517,2017년 3월 2일 22시,목요일,광주광역시 서구 치평동,경상사고,0,0,2,0,차대차 - 기타,안전운전불이행,건조,기타,단일로 - 기타,승용,남,50세,경상,승용,남,32세,경상
2017030200100518,2017년 3월 2일 22시,목요일,광주광역시 광산구 수완동,경상사고,0,0,1,0,차대차 - 측면충돌,안전운전불이행,건조,맑음,단일로 - 기타,승용,남,17세,상해없음,승용,남,34세,경상
2017030300100033,2017년 3월 3일 00시,금요일,광주광역시 북구 신용동,경상사고,0,0,5,0,차대차 - 정면충돌,안전운전불이행,건조,맑음,교차로 - 교차로부근,승용,남,50세,상해없음,화물,남,48세,경상
2017030300100044,2017년 3월 3일 01시,금요일,광주광역시 광산구 신가동,경상사고,0,0,1,0,차대차 - 추돌,안전운전불이행,건조,맑음,교차로 - 교차로부근,승용,남,56세,상해없음,승용,남,33세,경상
2017030300100087,2017년 3월 3일 06시,금요일,광주광역시 남구 방림동,경상사고,0,0,2,0,차대차 - 측면충돌,안전운전불이행,건조,맑음,단일로 - 기타,화물,남,55세,상해없음,승용,남,67세,경상
2017030300100121,2017년 3월 3일 07시,금요일,광주광역시 서구 치평동,경상사고,0,0,1,0,차대차 - 측면충돌,교차로운행방법위반,건조,맑음,교차로 - 교차로안,승용,여,43세,상해없음,승용,남,42세,경상
2017030300100154,2017년 3월 3일 08시,금요일,광주광역시 동구 계림동,중상사고,0,1,0,0,차대사람 - 횡단중,보행자보호의무위반,건조,맑음,교차로 - 교차로횡단보도내,승용,여,61세,상해없음,보행자,여,75세,중상
2017030300100155,2017년 3월 3일 08시,금요일,광주광역시 서구 광천동,경상사고,0,0,1,0,차대사람 - 기타,안전운전불이행,건조,맑음,단일로 - 기타,승합,남,48세,상해없음,보행자,남,17세,경상
2017030300100156,2017년 3월 3일 08시,금요일,광주광역시 서구 화정동,중상사고,0,1,0,0,차대사람 - 횡단중,보행자보호의무위반,건조,맑음,단일로 - 기타,승용,여,46세,상해없음,보행자,남,6세,중상
2017030300100157,2017년 3월 3일 08시,금요일,광주광역시 북구 매곡동,중상사고,0,1,1,0,차대차 - 측면충돌,안전운전불이행,건조,맑음,교차로 - 교차로안,승용,여,50세,중상,승용,남,28세,경상
2017030300100189,2017년 3월 3일 09시,금요일,광주광역시 북구 신용동,경상사고,0,0,1,0,차대사람 - 기타,안전운전불이행,건조,맑음,교차로 - 교차로부근,승용,남,24세,상해없음,보행자,여,29세,경상
2017030300100190,2017년 3월 3일 09시,금요일,광주광역시 광산구 월계동,사망사고,1,0,0,0,차대사람 - 횡단중,보행자보호의무위반,건조,맑음,교차로 - 교차로안,화물,남,56세,상해없음,보행자,여,54세,사망
2017030300100218,2017년 3월 3일 10시,금요일,광주광역시 동구 서석동,경상사고,0,0,1,0,차대사람 - 횡단중,안전운전불이행,건조,맑음,단일로 - 기타,승용,여,29세,기타불명,보행자,남,20세,경상
2017030300100219,2017년 3월 3일 10시,금요일,광주광역시 서구 치평동,중상사고,0,1,1,0,차대차 - 측면충돌,교차로운행방법위반,건조,맑음,교차로 - 교차로안,승용,여,51세,상해없음,승용,남,42세,경상
2017030300100242,2017년 3월 3일 11시,금요일,광주광역시 남구 백운동,경상사고,0,0,1,0,차대차 - 기타,안전거리미확보,건조,맑음,교차로 - 교차로부근,승용,남,53세,상해없음,승용,남,56세,경상
2017030300100243,2017년 3월 3일 11시,금요일,광주광역시 광산구 월계동,경상사고,0,0,1,0,차대차 - 정면충돌,안전운전불이행,건조,맑음,교차로 - 교차로안,승용,남,26세,상해없음,승용,남,73세,경상
2017030300100277,2017년 3월 3일 12시,금요일,광주광역시 서구 동천동,경상사고,0,0,2,0,차대차 - 측면충돌,직진우회전진행방해,건조,맑음,교차로 - 교차로안,승합,남,38세,경상,승용,여,54세,경상
2017030300100341,2017년 3월 3일 14시,금요일,광주광역시 광산구 월곡동,중상사고,0,1,0,0,차대사람 - 기타,안전운전불이행,건조,맑음,기타 - 기타,승합,남,55세,상해없음,보행자,여,70세,중상
2017030300100376,2017년 3월 3일 15시,금요일,광주광역시 서구 유촌동,경상사고,0,0,1,0,차대사람 - 횡단중,신호위반,건조,맑음,단일로 - 기타,화물,남,57세,상해없음,보행자,여,10세,경상
2017030300100403,2017년 3월 3일 16시,금요일,광주광역시 남구 서동,중상사고,0,1,0,0,차대사람 - 기타,안전운전불이행,건조,맑음,단일로 - 기타,승용,남,23세,상해없음,보행자,남,27세,중상
2017030300100404,2017년 3월 3일 16시,금요일,광주광역시 남구 주월동,중상사고,0,1,0,0,차대사람 - 횡단중,보행자보호의무위반,건조,맑음,교차로 - 교차로횡단보도내,승용,남,60세,상해없음,보행자,남,8세,중상
2017030300100441,2017년 3월 3일 17시,금요일,광주광역시 북구 신용동,경상사고,0,0,1,0,차대차 - 추돌,안전거리미확보,건조,맑음,교차로 - 교차로부근,승용,여,37세,상해없음,승용,남,40세,경상
2017030300100442,2017년 3월 3일 17시,금요일,광주광역시 북구 월출동,경상사고,0,0,4,0,차대차 - 측면충돌,안전운전불이행,건조,맑음,단일로 - 기타,승용,남,44세,상해없음,승용,남,24세,경상
2017030300100490,2017년 3월 3일 18시,금요일,광주광역시 서구 쌍촌동,부상신고사고,0,0,0,1,차대사람 - 차도통행중,안전운전불이행,건조,맑음,단일로 - 기타,승용,여,38세,상해없음,보행자,여,58세,부상신고
2017030300100491,2017년 3월 3일 18시,금요일,광주광역시 북구 일곡동,부상신고사고,0,0,0,1,차대차 - 측면충돌,교차로운행방법위반,건조,맑음,교차로 - 교차로안,승용,기타불명,미분류,기타불명,원동기,남,17세,부상신고
2017030300100492,2017년 3월 3일 18시,금요일,광주광역시 광산구 송정동,중상사고,0,1,1,0,차대차 - 기타,중앙선침범,건조,맑음,단일로 - 기타,승용,남,29세,상해없음,승용,남,66세,경상
2017030300100534,2017년 3월 3일 19시,금요일,광주광역시 북구 두암동,경상사고,0,0,1,0,차대차 - 기타,안전거리미확보,건조,맑음,단일로 - 기타,승용,남,45세,상해없음,자전거,남,26세,경상
2017030300100535,2017년 3월 3일 19시,금요일,광주광역시 북구 용봉동,경상사고,0,0,1,0,차대차 - 추돌,안전운전불이행,건조,맑음,단일로 - 기타,승용,남,38세,상해없음,승용,남,28세,경상
2017030300100555,2017년 3월 3일 20시,금요일,광주광역시 서구 동천동,경상사고,0,0,1,0,차대차 - 후진중충돌,안전운전불이행,건조,맑음,단일로 - 기타,승용,남,58세,상해없음,승용,여,30세,경상
2017030300100556,2017년 3월 3일 20시,금요일,광주광역시 광산구 산월동,경상사고,0,0,3,0,차대차 - 측면충돌,안전운전불이행,건조,맑음,단일로 - 기타,승용,남,44세,경상,승용,남,45세,경상
2017030300100557,2017년 3월 3일 20시,금요일,광주광역시 광산구 수완동,경상사고,0,0,1,0,차대차 - 추돌,안전운전불이행,건조,맑음,기타 - 기타,승용,남,53세,기타불명,승용,여,41세,경상
2017030300100585,2017년 3월 3일 21시,금요일,광주광역시 서구 광천동,경상사고,0,0,1,0,차대차 - 기타,안전운전불이행,건조,맑음,단일로 - 기타,승용,남,22세,상해없음,승용,여,31세,경상
2017030300100586,2017년 3월 3일 21시,금요일,광주광역시 북구 삼각동,경상사고,0,0,2,0,차대차 - 측면충돌,안전운전불이행,건조,맑음,교차로 - 교차로안,승용,남,38세,상해없음,승용,남,51세,경상
2017030300100587,2017년 3월 3일 21시,금요일,광주광역시 광산구 월곡동,경상사고,0,0,2,0,차대차 - 측면충돌,안전운전불이행,건조,맑음,단일로 - 기타,승용,남,34세,상해없음,승용,남,34세,경상
2017030300100628,2017년 3월 3일 23시,금요일,광주광역시 동구 학동,중상사고,0,1,3,0,차대차 - 측면충돌,신호위반,건조,맑음,교차로 - 교차로안,승용,남,34세,경상,승용,남,45세,중상
2017030400100023,2017년 3월 4일 00시,토요일,광주광역시 서구 치평동,경상사고,0,0,1,0,차대사람 - 횡단중,안전운전불이행,건조,맑음,교차로 - 교차로안,승용,남,44세,상해없음,보행자,남,43세,경상
2017030400100024,2017년 3월 4일 00시,토요일,광주광역시 서구 화정동,경상사고,0,0,1,0,차대차 - 측면충돌,신호위반,건조,맑음,교차로 - 교차로안,이륜,남,28세,상해없음,승용,남,49세,경상
2017030400100025,2017년 3월 4일 00시,토요일,광주광역시 서구 쌍촌동,경상사고,0,0,3,0,차대차 - 측면충돌,신호위반,건조,맑음,교차로 - 교차로안,승용,여,58세,경상,승용,남,44세,경상
2017030400100048,2017년 3월 4일 01시,토요일,광주광역시 북구 용봉동,경상사고,0,0,3,0,차대차 - 측면충돌,안전운전불이행,건조,맑음,교차로 - 교차로부근,승용,남,24세,상해없음,승용,남,23세,경상
2017030400100083,2017년 3월 4일 04시,토요일,광주광역시 서구 쌍촌동,중상사고,0,1,0,0,차대사람 - 횡단중,신호위반,건조,맑음,교차로 - 교차로횡단보도내,승용,여,30세,상해없음,보행자,남,46세,중상
2017030400100084,2017년 3월 4일 04시,토요일,광주광역시 광산구 우산동,경상사고,0,0,1,0,차량단독 - 공작물충돌,안전운전불이행,건조,맑음,단일로 - 기타,승용,남,30세,경상,,,,
2017030400100107,2017년 3월 4일 06시,토요일,광주광역시 북구 연제동,경상사고,0,0,3,0,차대차 - 추돌,안전운전불이행,건조,맑음,단일로 - 기타,승용,남,37세,경상,화물,남,61세,경상
2017030400100125,2017년 3월 4일 07시,토요일,광주광역시 동구 계림동,경상사고,0,0,3,0,차대차 - 측면충돌,교차로운행방법위반,건조,맑음,교차로 - 교차로안,승용,남,65세,경상,승용,남,41세,경상
2017030400100228,2017년 3월 4일 11시,토요일,광주광역시 남구 방림동,경상사고,0,0,1,0,차대사람 - 횡단중,안전운전불이행,건조,맑음,단일로 - 기타,승용,여,42세,상해없음,보행자,남,12세,경상
2017030400100229,2017년 3월 4일 11시,토요일,광주광역시 남구 서동,경상사고,0,0,1,0,차대사람 - 횡단중,안전운전불이행,건조,맑음,교차로 - 교차로안,기타불명,기타불명,미분류,기타불명,보행자,남,24세,경상
2017030400100230,2017년 3월 4일 11시,토요일,광주광역시 북구 망월동,경상사고,0,0,3,0,차대차 - 정면충돌,안전운전불이행,건조,맑음,단일로 - 기타,화물,남,51세,상해없음,승용,여,19세,경상
2017030400100269,2017년 3월 4일 12시,토요일,광주광역시 서구 풍암동,경상사고,0,0,2,0,차대차 - 측면충돌,안전운전불이행,건조,맑음,단일로 - 기타,승용,남,57세,상해없음,승용,남,50세,경상