사고번호,사고일시,요일,시군구,사고내용,사망자수,중상자수,경상자수,부상신고자수,사고유형,법규위반,노면상태,기상상태,도로형태,가해운전자 차종,가해운전자 성별,가해운전자 연령,가해운전자 상해정도,피해운전자 차종,피해운전자 성별,피해운전자 연령,피해운전자 상해정도
2017031100100139,2017년 3월 11일 08시,토요일,광주광역시 광산구 신창동,중상사고,0,1,1,0,차대차 - 측면충돌,중앙선침범,건조,맑음,단일로 - 기타,승용,남,66세,중상,화물,남,47세,경상
2017031100100184,2017년 3월 11일 10시,토요일,광주광역시 동구 대인동,중상사고,0,1,0,0,차대사람 - 횡단중,안전운전불이행,건조,맑음,기타 - 기타,화물,남,53세,상해없음,보행자,여,79세,중상
2017031100100185,2017년 3월 11일 10시,토요일,광주광역시 북구 오치동,경상사고,0,0,1,0,차대사람 - 기타,신호위반,건조,맑음,단일로 - 기타,자전거,여,59세,상해없음,보행자,여,75세,경상
2017031100100217,2017년 3월 11일 11시,토요일,광주광역시 서구 내방동,경상사고,0,0,3,0,차대차 - 측면충돌,안전운전불이행,건조,맑음,단일로 - 기타,건설기계,남,56세,상해없음,승용,남,71세,경상
2017031100100320,2017년 3월 11일 14시,토요일,광주광역시 동구 계림동,경상사고,0,0,3,0,차대차 - 추돌,안전운전불이행,건조,맑음,단일로 - 기타,승용,남,60세,상해없음,승용,남,74세,경상
2017031100100321,2017년 3월 11일 14시,토요일,광주광역시 동구 금남로5가,경상사고,0,0,1,0,차대차 - 추돌,안전운전불이행,건조,맑음,교차로 - 교차로부근,승용,여,56세,상해없음,승용,남,49세,상해없음
2017031100100322,2017년 3월 11일 14시,토요일,광주광역시 남구 월산동,경상사고,0,0,2,0,차대차 - 측면충돌,안전운전불이행,건조,맑음,단일로 - 기타,승용,남,53세,상해없음,승용,남,37세,경상
2017031100100362,2017년 3월 11일 15시,토요일,광주광역시 북구 문흥동,부상신고사고,0,0,0,1,차대차 - 측면충돌,안전거리미확보,건조,맑음,단일로 - 기타,화물,남,45세,상해없음,이륜,남,79세,부상신고
2017031100100441,2017년 3월 11일 18시,토요일,광주광역시 북구 운암동,중상사고,0,1,0,0,차량단독 - 기타,안전운전불이행,건조,맑음,단일로 - 기타,승합,남,55세,상해없음,,,,
2017031100100442,2017년 3월 11일 18시,토요일,광주광역시 광산구 도산동,경상사고,0,0,1,0,차대차 - 측면충돌,안전운전불이행,젖음/습기,비,교차로 - 교차로부근,승용,남,30세,상해없음,자전거,여,66세,경상
2017031100100512,2017년 3월 11일 20시,토요일,광주광역시 북구 양산동,중상사고,0,1,2,0,차대차 - 측면충돌,직진우회전진행방해,건조,맑음,교차로 - 교차로안,승용,남,22세,경상,승용,여,65세,중상
2017031100100513,2017년 3월 11일 20시,토요일,광주광역시 광산구 도산동,중상사고,0,1,0,0,차대차 - 정면충돌,교차로운행방법위반,건조,맑음,교차로 - 교차로안,화물,남,64세,상해없음,이륜,남,54세,중상
2017031100100534,2017년 3월 11일 21시,토요일,광주광역시 서구 양동,경상사고,0,0,3,0,차대차 - 측면충돌,안전운전불이행,건조,맑음,교차로 - 교차로부근,승용,여,17세,상해없음,승용,남,23세,경상
2017031100100575,2017년 3월 11일 23시,토요일,광주광역시 남구 백운동,경상사고,0,0,1,0,차대차 - 기타,안전운전불이행,건조,맑음,교차로 - 교차로부근,화물,남,26세,상해없음,화물,남,47세,경상
2017031100100576,2017년 3월 11일 23시,토요일,광주광역시 북구 풍향동,경상사고,0,0,1,0,차대차 - 측면충돌,교차로운행방법위반,건조,맑음,교차로 - 교차로안,승용,남,66세,상해없음,승용,남,68세,경상
2017031200100044,2017년 3월 12일 02시,일요일,광주광역시 북구 용봉동,경상사고,0,0,1,0,차대사람 - 횡단중,안전운전불이행,건조,맑음,교차로 - 교차로부근,승용,남,55세,상해없음,보행자,여,21세,경상
2017031200100058,2017년 3월 12일 03시,일요일,광주광역시 북구 북동,중상사고,0,1,1,0,차대차 - 측면충돌,안전운전불이행,건조,맑음,단일로 - 기타,승용,남,33세,상해없음,승용,남,61세,경상
2017031200100071,2017년 3월 12일 05시,일요일,광주광역시 서구 치평동,경상사고,0,0,2,0,차대차 - 추돌,안전운전불이행,건조,맑음,교차로 - 교차로안,승용,남,25세,상해없음,승용,남,29세,상해없음
2017031200100072,2017년 3월 12일 05시,일요일,광주광역시 서구 쌍촌동,경상사고,0,0,1,0,차대차 - 추돌,안전운전불이행,건조,맑음,교차로 - 교차로부근,화물,남,53세,상해없음,승용,남,30세,경상
2017031200100092,2017년 3월 12일 07시,일요일,광주광역시 남구 송하동,중상사고,0,3,1,0,차대차 - 기타,중앙선침범,건조,맑음,단일로 - 기타,승용,남,25세,중상,승용,남,27세,중상
2017031200100160,2017년 3월 12일 11시,일요일,광주광역시 광산구 수완동,경상사고,0,0,1,0,차대사람 - 기타,안전운전불이행,건조,맑음,단일로 - 기타,승용,남,39세,상해없음,보행자,남,18세,경상
2017031200100221,2017년 3월 12일 14시,일요일,광주광역시 북구 양산동,경상사고,0,0,1,0,차대차 - 측면충돌,안전운전불이행,건조,맑음,교차로 - 교차로안,화물,남,42세,상해없음,승용,여,43세,경상
2017031200100250,2017년 3월 12일 15시,일요일,광주광역시 광산구 지평동,중상사고,0,1,2,1,차량단독 - 전도전복 - 전도,안전운전불이행,건조,맑음,교차로 - 교차로부근,승용,남,54세,부상신고,,,,
2017031200100276,2017년 3월 12일 16시,일요일,광주광역시 광산구 소촌동,경상사고,0,0,2,0,차대차 - 추돌,안전운전불이행,건조,맑음,단일로 - 터널,승용,남,26세,경상,농기계,남,47세,경상
2017031200100297,2017년 3월 12일 17시,일요일,광주광역시 북구 연제동,경상사고,0,0,1,0,차대차 - 측면충돌,교차로운행방법위반,건조,맑음,교차로 - 교차로안,승용,남,59세,상해없음,승용,남,46세,경상
2017031200100298,2017년 3월 12일 17시,일요일,광주광역시 광산구 수완동,경상사고,0,0,1,0,차대사람 - 횡단중,신호위반,건조,맑음,단일로 - 기타,승용,남,36세,상해없음,보행자,남,27세,경상
2017031200100299,2017년 3월 12일 17시,일요일,광주광역시 광산구 신가동,경상사고,0,0,1,0,차대차 - 기타,안전거리미확보,건조,맑음,교차로 - 교차로부근,승용,남,58세,상해없음,원동기,남,19세,경상
2017031200100334,2017년 3월 12일 18시,일요일,광주광역시 서구 쌍촌동,경상사고,0,0,4,0,차대차 - 측면충돌,중앙선침범,건조,맑음,단일로 - 기타,승용,여,56세,상해없음,이륜,남,70세,경상
2017031200100335,2017년 3월 12일 18시,일요일,광주광역시 서구 치평동,경상사고,0,0,1,0,차대차 - 기타,중앙선침범,건조,기타,단일로 - 기타,승용,남,40세,상해없음,이륜,남,37세,경상
2017031200100336,2017년 3월 12일 18시,일요일,광주광역시 서구 치평동,중상사고,0,1,0,0,차대차 - 측면충돌,신호위반,건조,맑음,교차로 - 교차로안,승용,남,23세,상해없음,개인형이동수단(PM),남,45세,중상
2017031200100369,2017년 3월 12일 19시,일요일,광주광역시 서구 쌍촌동,경상사고,0,0,1,0,차대차 - 추돌,안전운전불이행,건조,맑음,교차로 - 교차로안,승용,남,62세,상해없음,화물,남,56세,상해없음
2017031200100435,2017년 3월 12일 22시,일요일,광주광역시 북구 우산동,경상사고,0,0,1,0,차대사람 - 횡단중,안전운전불이행,건조,맑음,단일로 - 기타,승용,남,51세,상해없음,보행자,남,19세,경상
2017031200100436,2017년 3월 12일 22시,일요일,광주광역시 북구 일곡동,경상사고,0,0,5,1,차대차 - 측면충돌,안전운전불이행,건조,맑음,교차로 - 교차로안,승용,여,36세,경상,승용,남,58세,경상
2017031200100437,2017년 3월 12일 22시,일요일,광주광역시 광산구 수완동,경상사고,0,0,1,0,차대차 - 측면충돌,안전거리미확보,건조,맑음,단일로 - 기타,승용,남,22세,상해없음,승용,남,59세,경상
2017031300100020,2017년 3월 13일 00시,월요일,광주광역시 북구 문흥동,경상사고,0,0,2,0,차대차 - 측면충돌,안전운전불이행,건조,맑음,단일로 - 기타,승용,남,35세,상해없음,승용,기타불명,미분류,기타불명
2017031300100021,2017년 3월 13일 00시,월요일,광주광역시 북구 우산동,중상사고,0,1,0,0,차대차 - 측면충돌,신호위반,건조,맑음,교차로 - 교차로안,승용,남,47세,상해없음,이륜,남,32세,중상
2017031300100022,2017년 3월 13일 00시,월요일,광주광역시 서구 유촌동,경상사고,0,0,1,0,차대차 - 추돌,안전거리미확보,건조,맑음,단일로 - 기타,승용,남,28세,상해없음,원동기,남,23세,경상
2017031300100034,2017년 3월 13일 02시,월요일,광주광역시 서구 내방동,경상사고,0,0,1,0,차대차 - 기타,교차로운행방법위반,건조,맑음,교차로 - 교차로안,승용,남,24세,경상,승용,남,28세,상해없음
2017031300100058,2017년 3월 13일 06시,월요일,광주광역시 동구 용산동,경상사고,0,0,1,0,차대차 - 측면충돌,안전거리미확보,건조,맑음,단일로 - 기타,화물,남,59세,상해없음,승용,여,55세,경상
2017031300100130,2017년 3월 13일 08시,월요일,광주광역시 서구 광천동,중상사고,0,1,0,0,차대사람 - 횡단중,안전운전불이행,건조,맑음,단일로 - 기타,이륜,남,53세,상해없음,보행자,여,64세,중상
2017031300100131,2017년 3월 13일 08시,월요일,광주광역시 서구 광천동,경상사고,0,0,1,0,차대차 - 측면충돌,교차로운행방법위반,건조,맑음,교차로 - 교차로안,승용,여,29세,경상,화물,남,48세,상해없음
2017031300100132,2017년 3월 13일 08시,월요일,광주광역시 북구 양산동,중상사고,0,1,3,0,차대차 - 측면충돌,교차로운행방법위반,건조,맑음,교차로 - 교차로안,승용,남,42세,경상,승용,여,51세,경상
2017031300100133,2017년 3월 13일 08시,월요일,광주광역시 북구 운암동,경상사고,0,0,1,0,차대차 - 후진중충돌,불법유턴,건조,맑음,단일로 - 기타,승용,여,39세,상해없음,승용,여,39세,경상
2017031300100134,2017년 3월 13일 08시,월요일,광주광역시 북구 중흥동,경상사고,0,0,1,0,차대차 - 정면충돌,안전운전불이행,건조,맑음,교차로 - 교차로안,화물,남,50세,상해없음,자전거,남,24세,경상
2017031300100135,2017년 3월 13일 08시,월요일,광주광역시 광산구 산정동,경상사고,0,0,2,0,차대차 - 정면충돌,신호위반,건조,맑음,교차로 - 교차로안,화물,남,52세,상해없음,승용,남,46세,경상
2017031300100273,2017년 3월 13일 13시,월요일,광주광역시 서구 금호동,경상사고,0,0,2,0,차대차 - 기타,불법유턴,건조,맑음,교차로 - 교차로부근,화물,남,44세,경상,승용,남,58세,상해없음
2017031300100274,2017년 3월 13일 13시,월요일,광주광역시 광산구 월곡동,중상사고,0,1,0,0,차대사람 - 차도통행중,안전운전불이행,건조,맑음,교차로 - 교차로부근,화물,남,36세,상해없음,보행자,남,6세,중상
2017031300100303,2017년 3월 13일 14시,월요일,광주광역시 서구 치평동,경상사고,0,0,1,0,차대차 - 기타,불법유턴,건조,맑음,교차로 - 교차로부근,화물,여,69세,상해없음,승용,남,41세,경상
2017031300100367,2017년 3월 13일 16시,월요일,광주광역시 동구 계림동,경상사고,0,0,2,0,차대차 - 측면충돌,신호위반,건조,맑음,교차로 - 교차로안,이륜,남,76세,경상,화물,남,58세,경상
2017031300100368,2017년 3월 13일 16시,월요일,광주광역시 광산구 송정동,경상사고,0,0,1,0,차대사람 - 횡단중,안전운전불이행,건조,맑음,단일로 - 기타,화물,남,39세,상해없음,보행자,남,7세,경상
2017031300100369,2017년 3월 13일 16시,월요일,광주광역시 광산구 도천동,경상사고,0,0,1,0,차대사람 - 횡단중,안전운전불이행,건조,맑음,단일로 - 기타,승용,여,30세,상해없음,보행자,남,61세,경상
2017031300100421,2017년 3월 13일 18시,월요일,광주광역시 북구 운암동,경상사고,0,0,1,0,차대사람 - 횡단중,보행자보호의무위반,건조,맑음,교차로 - 교차로횡단보도내,승용,남,60세,상해없음,보행자,여,24세,경상
2017031300100455,2017년 3월 13일 19시,월요일,광주광역시 동구 대인동,경상사고,0,0,1,0,차대사람 - 길가장자리구역통행중,안전운전불이행,건조,맑음,단일로 - 기타,승용,남,62세,상해없음,보행자,남,49세,경상
2017031400100022,2017년 3월 14일 00시,화요일,광주광역시 서구 치평동,경상사고,0,0,1,0,차대사람 - 횡단중,안전운전불이행,건조,맑음,단일로 - 기타,승용,남,46세,상해없음,보행자,여,25세,경상
2017031400100023,2017년 3월 14일 00시,화요일,광주광역시 남구 주월동,경상사고,0,0,2,0,차대차 - 추돌,안전거리미확보,건조,맑음,교차로 - 교차로부근,승용,남,40세,상해없음,승용,남,46세,상해없음
2017031400100024,2017년 3월 14일 00시,화요일,광주광역시 북구 우산동,경상사고,0,0,1,0,차대차 - 기타,안전운전불이행,건조,맑음,교차로 - 교차로안,이륜,남,28세,경상,승용,남,72세,상해없음
2017031400100041,2017년 3월 14일 03시,화요일,광주광역시 북구 용봉동,중상사고,0,1,0,0,차대사람 - 횡단중,안전운전불이행,건조,맑음,단일로 - 기타,승용,남,54세,상해없음,보행자,남,20세,중상
2017031400100047,2017년 3월 14일 04시,화요일,광주광역시 북구 용봉동,경상사고,0,0,1,0,차대사람 - 기타,안전운전불이행,건조,맑음,교차로 - 교차로안,승용,남,24세,상해없음,보행자,남,20세,경상
2017031400100205,2017년 3월 14일 11시,화요일,광주광역시 북구 운암동,경상사고,0,0,4,0,차대차 - 측면충돌,안전거리미확보,건조,맑음,단일로 - 기타,승용,남,71세,경상,승용,남,60세,경상
2017031400100206,2017년 3월 14일 11시,화요일,광주광역시 광산구 신창동,경상사고,0,0,1,0,차대차 - 정면충돌,안전운전불이행,건조,맑음,교차로 - 교차로안,승용,여,37세,상해없음,승용,남,41세,경상
2017031400100258,2017년 3월 14일 13시,화요일,광주광역시 북구 생용동,경상사고,0,0,2,0,차대차 - 추돌,안전운전불이행,건조,맑음,교차로 - 교차로부근,화물,남,29세,경상,승용,남,68세,경상
2017031400100259,2017년 3월 14일 13시,화요일,광주광역시 북구 오치동,경상사고,0,0,2,0,차대차 - 추돌,안전운전불이행,건조,맑음,단일로 - 기타,승용,남,41세,상해없음,승용,남,44세,경상
2017031400100292,2017년 3월 14일 14시,화요일,광주광역시 광산구 수완동,경상사고,0,0,2,0,차대사람 - 횡단중,신호위반,건조,맑음,교차로 - 교차로횡단보도내,승용,남,47세,상해없음,보행자,여,25세,경상
2017031400100319,2017년 3월 14일 15시,화요일,광주광역시 북구 일곡동,경상사고,0,0,3,0,차대차 - 기타,안전운전불이행,건조,맑음,교차로 - 교차로안,승용,여,37세,상해없음,승용,여,58세,경상
2017031400100359,2017년 3월 14일 16시,화요일,광주광역시 동구 학동,경상사고,0,0,1,0,차대차 - 추돌,안전운전불이행,건조,맑음,단일로 - 기타,이륜,남,43세,상해없음,승용,남,62세,경상
2017031400100360,2017년 3월 14일 16시,화요일,광주광역시 북구 용전동,경상사고,0,0,2,0,차대차 - 측면충돌,신호위반,건조,맑음,교차로 - 교차로안,승용,남,62세,상해없음,승용,남,67세,경상
2017031400100389,2017년 3월 14일 17시,화요일,광주광역시 광산구 송정동,경상사고,0,0,1,0,차대사람 - 길가장자리구역통행중,안전운전불이행,건조,맑음,단일로 - 기타,화물,남,53세,상해없음,보행자,여,72세,경상
2017031400100477,2017년 3월 14일 20시,화요일,광주광역시 서구 유촌동,경상사고,0,0,1,0,차대차 - 측면충돌,안전운전불이행,건조,맑음,단일로 - 기타,승용,여,45세,상해없음,승용,여,29세,경상
2017031400100506,2017년 3월 14일 21시,화요일,광주광역시 서구 풍암동,경상사고,0,0,2,0,차대차 - 측면충돌,안전거리미확보,건조,흐림,단일로 - 기타,승용,남,46세,상해없음,승용,여,44세,경상
2017031400100535,2017년 3월 14일 22시,화요일,광주광역시 광산구 장덕동,경상사고,0,0,1,0,차대사람 - 횡단중,안전운전불이행,건조,맑음,교차로 - 교차로안,기타불명,기타불명,미분류,기타불명,보행자,남,13세,경상
2017031400100550,2017년 3월 14일 23시,화요일,광주광역시 남구 월산동,사망사고,1,0,0,0,차대사람 - 횡단중,안전운전불이행,건조,맑음,단일로 - 기타,승용,남,53세,상해없음,보행자,여,22세,사망
2017031400100551,2017년 3월 14일 23시,화요일,광주광역시 북구 양산동,경상사고,0,0,1,0,차대차 - 정면충돌,교차로운행방법위반,건조,맑음,교차로 - 교차로안,승용,남,35세,상해없음,승용,남,55세,경상
2017031500100034,2017년 3월 15일 00시,수요일,광주광역시 남구 방림동,경상사고,0,0,1,1,차대차 - 측면충돌,신호위반,건조,맑음,교차로 - 교차로안,승합,남,51세,상해없음,승용,남,70세,경상
2017031500100101,2017년 3월 15일 07시,수요일,광주광역시 광산구 신촌동,사망사고,1,0,0,0,차대차 - 정면충돌,안전운전불이행,건조,맑음,교차로 - 교차로안,승합,남,65세,상해없음,자전거,남,60세,사망
2017031500100182,2017년 3월 15일 09시,수요일,광주광역시 서구 매월동,중상사고,0,1,0,0,차대사람 - 횡단중,신호위반,건조,맑음,교차로 - 교차로안,승용,남,60세,상해없음,보행자,여,75세,중상
2017031500100183,2017년 3월 15일 09시,수요일,광주광역시 북구 대촌동,경상사고,0,0,1,0,차대차 - 추돌,안전운전불이행,건조,맑음,교차로 - 교차로안,자전거,남,47세,경상,승용,남,45세,상해없음
2017031500100219,2017년 3월 15일 10시,수요일,광주광역시 북구 중흥동,경상사고,0,0,1,0,차대차 - 추돌,안전거리미확보,건조,맑음,단일로 - 기타,승용,남,28세,상해없음,승용,남,56세,경상
2017031500100220,2017년 3월 15일 10시,수요일,광주광역시 광산구 수완동,경상사고,0,0,2,0,차대차 - 측면충돌,교차로운행방법위반,건조,맑음,교차로 - 교차로안,승합,남,41세,경상,승용,남,60세,경상
2017031500100245,2017년 3월 15일 11시,수요일,광주광역시 북구 일곡동,경상사고,0,0,1,0,차대차 - 정면충돌,중앙선침범,건조,맑음,교차로 - 교차로부근,승용,남,46세,상해없음,승용,남,40세,경상
2017031500100279,2017년 3월 15일 12시,수요일,광주광역시 광산구 월곡동,중상사고,0,1,2,0,차대차 - 측면충돌,교차로운행방법위반,건조,맑음,교차로 - 교차로안,승용,여,38세,중상,승용,남,57세,경상
2017031500100310,2017년 3월 15일 13시,수요일,광주광역시 서구 서창동,경상사고,0,0,1,0,차대차 - 측면충돌,안전운전불이행,건조,맑음,교차로 - 교차로안,승용,여,46세,상해없음,승용,남,56세,경상
2017031500100311,2017년 3월 15일 13시,수요일,광주광역시 북구 중흥동,중상사고,0,1,0,0,차대사람 - 길가장자리구역통행중,안전운전불이행,건조,맑음,단일로 - 기타,화물,남,52세,상해없음,보행자,여,68세,중상
2017031500100341,2017년 3월 15일 14시,수요일,광주광역시 동구 산수동,경상사고,0,0,1,0,차대차 - 측면충돌,교차로운행방법위반,건조,맑음,교차로 - 교차로부근,자전거,남,81세,경상,승용,남,57세,상해없음
2017031500100374,2017년 3월 15일 15시,수요일,광주광역시 서구 화정동,부상신고사고,0,0,0,1,차대사람 - 횡단중,안전운전불이행,건조,맑음,단일로 - 기타,승용,남,57세,상해없음,보행자,여,18세,부상신고
2017031500100375,2017년 3월 15일 15시,수요일,광주광역시 광산구 비아동,중상사고,0,1,0,0,차대차 - 정면충돌,안전운전불이행,건조,맑음,교차로 - 교차로안,승용,남,47세,상해없음,원동기,남,65세,중상
2017031500100404,2017년 3월 15일 16시,수요일,광주광역시 북구 동림동,경상사고,0,0,4,0,차대차 - 측면충돌,안전거리미확보,건조,맑음,단일로 - 기타,화물,남,62세,경상,승용,남,33세,경상
2017031500100436,2017년 3월 15일 17시,수요일,광주광역시 서구 금호동,경상사고,0,0,2,0,차대차 - 측면충돌,직진우회전진행방해,건조,맑음,교차로 - 교차로안,승용,남,33세,경상,화물,남,45세,경상
2017031500100483,2017년 3월 15일 18시,수요일,광주광역시 서구 쌍촌동,경상사고,0,0,2,0,차대차 - 측면충돌,신호위반,건조,맑음,교차로 - 교차로안,이륜,남,55세,상해없음,승용,여,28세,경상
2017031500100484,2017년 3월 15일 18시,수요일,광주광역시 남구 봉선동,중상사고,0,1,0,0,차대사람 - 횡단중,안전운전불이행,건조,맑음,단일로 - 기타,승용,여,35세,상해없음,보행자,남,8세,중상
2017031500100485,2017년 3월 15일 18시,수요일,광주광역시 남구 송하동,경상사고,0,0,2,0,차대차 - 기타,안전운전불이행,건조,맑음,단일로 - 기타,화물,남,28세,상해없음,승용,남,61세,경상
2017031500100486,2017년 3월 15일 18시,수요일,광주광역시 광산구 월곡동,경상사고,0,0,1,0,차대사람 - 횡단중,보행자보호의무위반,건조,맑음,단일로 - 기타,기타불명,기타불명,미분류,기타불명,보행자,남,9세,경상
2017031500100525,2017년 3월 15일 19시,수요일,광주광역시 서구 치평동,경상사고,0,0,2,0,차대차 - 측면충돌,중앙선침범,건조,맑음,단일로 - 기타,승용,여,19세,상해없음,승용,남,34세,경상
2017031500100526,2017년 3월 15일 19시,수요일,광주광역시 서구 화정동,중상사고,0,1,0,0,차대사람 - 횡단중,안전운전불이행,건조,맑음,교차로 - 교차로부근,승용,남,37세,상해없음,보행자,여,15세,중상
2017031500100527,2017년 3월 15일 19시,수요일,광주광역시 서구 치평동,경상사고,0,0,1,0,차대차 - 측면충돌,차로위반,건조,맑음,단일로 - 기타,승용,남,47세,상해없음,승용,남,43세,경상
2017031500100549,2017년 3월 15일 20시,수요일,광주광역시 북구 매곡동,경상사고,0,0,1,0,차대차 - 기타,안전운전불이행,건조,맑음,교차로 - 교차로안,자전거,남,56세,경상,승합,남,34세,상해없음
2017031500100550,2017년 3월 15일 20시,수요일,광주광역시 광산구 신가동,중상사고,0,1,1,0,차대차 - 기타,신호위반,건조,맑음,교차로 - 교차로안,승용,남,58세,상해없음,원동기,남,39세,중상
2017031500100619,2017년 3월 15일 23시,수요일,광주광역시 북구 용봉동,경상사고,0,0,2,0,차대차 - 기타,안전운전불이행,건조,맑음,단일로 - 기타,승용,남,52세,상해없음,승용,남,54세,경상
2017031600100037,2017년 3월 16일 01시,목요일,광주광역시 남구 방림동,경상사고,0,0,5,0,차대차 - 정면충돌,신호위반,건조,맑음,교차로 - 교차로안,승용,남,29세,상해없음,승용,남,52세,경상
2017031600100159,2017년 3월 16일 09시,목요일,광주광역시 광산구 송정동,사망사고,1,0,0,0,차대사람 - 횡단중,안전운전불이행,건조,맑음,교차로 - 교차로부근,화물,남,67세,상해없음,보행자,여,71세,사망
2017031600100185,2017년 3월 16일 10시,목요일,광주광역시 서구 치평동,경상사고,0,0,3,0,차대차 - 측면충돌,안전운전불이행,건조,맑음,단일로 - 기타,승용,남,33세,경상,승용,남,42세,경상
2017031600100245,2017년 3월 16일 12시,목요일,광주광역시 북구 유동,경상사고,0,0,1,0,차대차 - 기타,안전운전불이행,건조,맑음,단일로 - 기타,승용,여,26세,상해없음,자전거,남,69세,경상
2017031600100246,2017년 3월 16일 12시,목요일,광주광역시 북구 운암동,경상사고,0,0,1,0,차대차 - 측면충돌,신호위반,건조,맑음,교차로 - 교차로안,승용,여,49세,상해없음,승용,남,68세,경상
2017031600100247,2017년 3월 16일 12시,목요일,광주광역시 북구 각화동,경상사고,0,0,2,0,차대차 - 측면충돌,안전운전불이행,건조,맑음,단일로 - 기타,승용,여,68세,상해없음,승용,여,23세,경상
2017031600100294,2017년 3월 16일 14시,목요일,광주광역시 북구 중흥동,경상사고,0,0,6,0,차대차 - 정면충돌,안전거리미확보,건조,맑음,단일로 - 기타,승용,여,52세,상해없음,승용,여,42세,경상
2017031600100327,2017년 3월 16일 15시,목요일,광주광역시 서구 광천동,경상사고,0,0,1,0,차대차 - 측면충돌,안전운전불이행,건조,맑음,교차로 - 교차로안,승용,남,74세,상해없음,승용,여,25세,경상
2017031600100393,2017년 3월 16일 17시,목요일,광주광역시 서구 쌍촌동,중상사고,0,1,0,0,차대사람 - 보도통행중,신호위반,건조,맑음,교차로 - 교차로안,승용,여,33세,상해없음,보행자,여,90세 이상,중상
2017031600100394,2017년 3월 16일 17시,목요일,광주광역시 서구 치평동,경상사고,0,0,1,0,차대차 - 기타,안전운전불이행,건조,맑음,단일로 - 기타,승용,여,36세,상해없음,승용,여,42세,경상
2017031600100433,2017년 3월 16일 18시,목요일,광주광역시 서구 쌍촌동,중상사고,0,2,0,0,차대차 - 측면충돌,안전운전불이행,건조,맑음,교차로 - 교차로부근,이륜,남,34세,중상,이륜,남,51세,중상
2017031600100487,2017년 3월 16일 20시,목요일,광주광역시 서구 풍암동,경상사고,0,0,1,0,차대차 - 측면충돌,안전운전불이행,건조,맑음,교차로 - 교차로안,승용,남,46세,상해없음,이륜,남,27세,경상
2017031600100488,2017년 3월 16일 20시,목요일,광주광역시 남구 월산동,경상사고,0,0,1,0,차대사람 - 횡단중,안전운전불이행,건조,흐림,단일로 - 기타,승용,여,35세,상해없음,보행자,여,7세,경상
2017031600100516,2017년 3월 16일 21시,목요일,광주광역시 북구 임동,중상사고,0,1,0,0,차대차 - 측면충돌,안전운전불이행,건조,맑음,단일로 - 기타,승용,남,36세,상해없음,자전거,여,53세,중상
2017031600100517,2017년 3월 16일 21시,목요일,광주광역시 북구 용봉동,경상사고,0,0,1,0,차대차 - 측면충돌,안전거리미확보,건조,맑음,교차로 - 교차로부근,승용,남,28세,상해없음,승용,여,49세,경상
2017031600100518,2017년 3월 16일 21시,목요일,광주광역시 광산구 송정동,경상사고,0,0,1,0,차대사람 - 횡단중,안전운전불이행,건조,맑음,단일로 - 기타,승용,남,54세,상해없음,보행자,여,67세,경상
2017031600100544,2017년 3월 16일 22시,목요일,광주광역시 서구 치평동,경상사고,0,0,1,0,차대사람 - 횡단중,보행자보호의무위반,건조,맑음,단일로 - 기타,승용,남,34세,상해없음,보행자,남,21세,경상
2017031600100563,2017년 3월 16일 23시,목요일,광주광역시 광산구 신가동,경상사고,0,0,3,0,차대차 - 추돌,과속,건조,맑음,단일로 - 지하차도(도로)내,승용,남,27세,경상,승용,남,25세,상해없음
2017031700100033,2017년 3월 17일 00시,금요일,광주광역시 남구 행암동,경상사고,0,0,1,0,차량단독 - 기타,안전운전불이행,건조,맑음,단일로 - 기타,승용,남,61세,상해없음,,,,
2017031700100041,2017년 3월 17일 01시,금요일,광주광역시 광산구 월곡동,경상사고,0,0,1,0,차대차 - 추돌,안전운전불이행,건조,맑음,교차로 - 교차로부근,승용,여,35세,상해없음,승용,남,30세,경상
2017031700100050,2017년 3월 17일 02시,금요일,광주광역시 서구 치평동,경상사고,0,0,1,0,차대차 - 측면충돌,안전운전불이행,건조,맑음,교차로 - 교차로안,승용,남,63세,상해없음,승용,남,33세,경상
2017031700100060,2017년 3월 17일 03시,금요일,광주광역시 서구 쌍촌동,경상사고,0,0,1,0,차대차 - 측면충돌,차로위반,건조,흐림,단일로 - 기타,승용,남,54세,상해없음,승용,남,61세,경상
2017031700100061,2017년 3월 17일 03시,금요일,광주광역시 광산구 운남동,경상사고,0,0,1,0,차대차 - 추돌,안전거리미확보,건조,맑음,단일로 - 기타,승용,남,33세,상해없음,승용,여,33세,경상
2017031700100147,2017년 3월 17일 08시,금요일,광주광역시 서구 양동,경상사고,0,0,2,0,차대차 - 기타,차로위반,건조,맑음,단일로 - 기타,승용,남,37세,경상,승용,남,31세,경상
2017031700100206,2017년 3월 17일 10시,금요일,광주광역시 서구 금호동,경상사고,0,0,1,0,차대사람 - 횡단중,안전운전불이행,건조,맑음,단일로 - 기타,승용,남,60세,상해없음,보행자,여,71세,경상
2017031700100230,2017년 3월 17일 11시,금요일,광주광역시 북구 신안동,경상사고,0,0,1,0,차대차 - 추돌,안전운전불이행,건조,맑음,단일로 - 기타,승용,남,32세,상해없음,승용,여,48세,경상