사고번호,사고일시,요일,시군구,사고내용,사망자수,중상자수,경상자수,부상신고자수,사고유형,법규위반,노면상태,기상상태,도로형태,가해운전자 차종,가해운전자 성별,가해운전자 연령,가해운전자 상해정도,피해운전자 차종,피해운전자 성별,피해운전자 연령,피해운전자 상해정도
2017040200100246,2017년 4월 2일 13시,일요일,광주광역시 북구 용봉동,경상사고,0,0,1,0,차대차 - 추돌,안전운전불이행,건조,맑음,교차로 - 교차로안,승용,여,68세,상해없음,승용,남,36세,상해없음
2017040200100247,2017년 4월 2일 13시,일요일,광주광역시 광산구 월계동,중상사고,0,1,0,0,차대차 - 측면충돌,차로위반,건조,맑음,단일로 - 기타,승용,남,57세,상해없음,이륜,남,17세,중상
2017040200100305,2017년 4월 2일 15시,일요일,광주광역시 서구 쌍촌동,경상사고,0,0,1,0,차대차 - 기타,안전거리미확보,건조,맑음,단일로 - 기타,승용,남,43세,상해없음,승합,남,43세,경상
2017040200100333,2017년 4월 2일 16시,일요일,광주광역시 북구 용봉동,경상사고,0,0,1,0,차대사람 - 횡단중,안전운전불이행,건조,맑음,단일로 - 기타,승용,남,69세,상해없음,보행자,남,55세,경상
2017040200100365,2017년 4월 2일 17시,일요일,광주광역시 서구 쌍촌동,중상사고,0,1,2,0,차대차 - 기타,신호위반,건조,맑음,교차로 - 교차로안,승용,남,58세,상해없음,승용,남,66세,경상
2017040300100038,2017년 4월 3일 01시,월요일,광주광역시 북구 운암동,경상사고,0,0,1,0,차대차 - 추돌,안전운전불이행,건조,맑음,기타 - 기타,승용,남,32세,상해없음,승용,남,67세,경상
2017040300100058,2017년 4월 3일 05시,월요일,광주광역시 동구 학동,경상사고,0,0,3,0,차대차 - 측면충돌,직진우회전진행방해,건조,맑음,교차로 - 교차로안,승용,남,69세,상해없음,승용,남,28세,경상
2017040300100139,2017년 4월 3일 08시,월요일,광주광역시 북구 임동,경상사고,0,0,1,0,차대차 - 측면충돌,안전거리미확보,건조,맑음,단일로 - 기타,승합,남,64세,상해없음,승용,남,25세,경상
2017040300100200,2017년 4월 3일 10시,월요일,광주광역시 북구 용봉동,경상사고,0,0,1,0,차대차 - 추돌,안전운전불이행,건조,맑음,단일로 - 기타,승용,남,62세,상해없음,승용,남,39세,경상
2017040300100230,2017년 4월 3일 11시,월요일,광주광역시 광산구 신가동,경상사고,0,0,1,0,차대차 - 기타,신호위반,건조,맑음,교차로 - 교차로안,승용,남,54세,상해없음,원동기,남,30세,경상
2017040300100260,2017년 4월 3일 12시,월요일,광주광역시 서구 농성동,경상사고,0,0,1,0,차대사람 - 길가장자리구역통행중,안전운전불이행,건조,맑음,단일로 - 기타,승용,여,46세,상해없음,보행자,남,69세,경상
2017040300100261,2017년 4월 3일 12시,월요일,광주광역시 북구 매곡동,경상사고,0,0,1,0,차대차 - 기타,안전운전불이행,건조,맑음,단일로 - 기타,승용,여,48세,경상,승용,남,57세,상해없음
2017040300100293,2017년 4월 3일 13시,월요일,광주광역시 북구 용봉동,경상사고,0,0,1,0,차대차 - 정면충돌,안전거리미확보,건조,맑음,교차로 - 교차로부근,승용,여,58세,상해없음,승용,남,53세,경상
2017040300100352,2017년 4월 3일 15시,월요일,광주광역시 동구 장동,중상사고,0,1,0,0,차대사람 - 횡단중,안전운전불이행,건조,맑음,단일로 - 기타,승용,여,42세,상해없음,보행자,여,71세,중상
2017040300100391,2017년 4월 3일 16시,월요일,광주광역시 동구 광산동,경상사고,0,0,1,0,차대사람 - 기타,안전운전불이행,건조,맑음,단일로 - 기타,승용,여,53세,상해없음,보행자,남,21세,경상
2017040300100392,2017년 4월 3일 16시,월요일,광주광역시 동구 산수동,경상사고,0,0,1,0,차대사람 - 횡단중,보행자보호의무위반,건조,맑음,단일로 - 기타,승용,남,46세,상해없음,보행자,남,8세,경상
2017040300100429,2017년 4월 3일 17시,월요일,광주광역시 광산구 장덕동,경상사고,0,0,4,0,차대차 - 측면충돌,안전운전불이행,건조,맑음,단일로 - 기타,화물,남,56세,상해없음,승용,여,37세,경상
2017040300100505,2017년 4월 3일 19시,월요일,광주광역시 북구 동림동,경상사고,0,0,1,0,차대차 - 측면충돌,교차로운행방법위반,건조,맑음,교차로 - 교차로안,승용,남,58세,상해없음,승용,남,38세,경상
2017040300100506,2017년 4월 3일 19시,월요일,광주광역시 북구 삼각동,경상사고,0,0,1,0,차대차 - 측면충돌,안전거리미확보,건조,맑음,교차로 - 교차로부근,승용,남,60세,상해없음,원동기,남,27세,경상
2017040300100507,2017년 4월 3일 19시,월요일,광주광역시 광산구 월곡동,경상사고,0,0,1,0,차대차 - 기타,안전운전불이행,건조,맑음,교차로 - 교차로횡단보도내,승용,남,70세,상해없음,자전거,남,26세,경상
2017040300100508,2017년 4월 3일 19시,월요일,광주광역시 광산구 소촌동,중상사고,0,1,3,0,차대차 - 추돌,안전운전불이행,건조,맑음,교차로 - 교차로부근,이륜,남,18세,중상,승용,여,35세,경상
2017040300100546,2017년 4월 3일 20시,월요일,광주광역시 북구 우산동,경상사고,0,0,1,0,차대차 - 측면충돌,안전운전불이행,건조,맑음,교차로 - 교차로안,승용,남,48세,상해없음,이륜,남,20세,경상
2017040300100590,2017년 4월 3일 22시,월요일,광주광역시 서구 화정동,사망사고,1,0,0,0,차대차 - 측면충돌,보행자보호의무위반,건조,흐림,단일로 - 기타,승용,남,64세,상해없음,승용,여,50세,상해없음
2017040300100591,2017년 4월 3일 22시,월요일,광주광역시 북구 운암동,경상사고,0,0,3,0,차대차 - 측면충돌,안전운전불이행,건조,맑음,교차로 - 교차로안,승용,남,19세,상해없음,승용,남,55세,경상
2017040300100604,2017년 4월 3일 23시,월요일,광주광역시 광산구 월곡동,경상사고,0,0,1,0,차대사람 - 횡단중,안전운전불이행,건조,맑음,교차로 - 교차로횡단보도내,이륜,남,30세,경상,보행자,남,25세,상해없음
2017040400100017,2017년 4월 4일 00시,화요일,광주광역시 서구 유촌동,경상사고,0,0,2,0,차대차 - 측면충돌,신호위반,건조,흐림,교차로 - 교차로안,승용,남,31세,상해없음,승용,남,67세,경상
2017040400100036,2017년 4월 4일 03시,화요일,광주광역시 북구 양산동,중상사고,0,1,0,0,차량단독 - 전도전복,안전운전불이행,건조,흐림,단일로 - 기타,승용,남,25세,상해없음,미분류,미분류,미분류,미분류
2017040400100042,2017년 4월 4일 04시,화요일,광주광역시 광산구 운수동,경상사고,0,0,1,0,차대차 - 정면충돌,신호위반,건조,맑음,교차로 - 교차로안,화물,여,36세,상해없음,화물,남,43세,경상
2017040400100082,2017년 4월 4일 07시,화요일,광주광역시 서구 금호동,경상사고,0,0,1,0,차대사람 - 횡단중,안전운전불이행,건조,맑음,교차로 - 교차로부근,승용,여,54세,상해없음,보행자,남,15세,경상
2017040400100083,2017년 4월 4일 07시,화요일,광주광역시 서구 농성동,중상사고,0,1,0,0,차량단독 - 기타,기타,건조,맑음,단일로 - 기타,승합,남,57세,상해없음,,,,
2017040400100154,2017년 4월 4일 09시,화요일,광주광역시 서구 농성동,경상사고,0,0,2,0,차대차 - 기타,안전운전불이행,건조,맑음,단일로 - 기타,화물,남,36세,상해없음,승용,남,55세,경상
2017040400100286,2017년 4월 4일 14시,화요일,광주광역시 서구 마륵동,경상사고,0,0,1,0,차대사람 - 횡단중,안전운전불이행,건조,맑음,단일로 - 기타,승용,여,49세,상해없음,보행자,여,23세,경상
2017040400100314,2017년 4월 4일 15시,화요일,광주광역시 북구 금곡동,중상사고,0,1,1,0,차대차 - 측면충돌,중앙선침범,건조,맑음,단일로 - 기타,승용,여,50세,경상,승용,여,58세,중상
2017040400100351,2017년 4월 4일 16시,화요일,광주광역시 동구 학동,중상사고,0,1,0,0,차대사람 - 횡단중,안전운전불이행,건조,맑음,교차로 - 교차로부근,승용,남,37세,상해없음,보행자,여,57세,중상
2017040400100352,2017년 4월 4일 16시,화요일,광주광역시 북구 문흥동,경상사고,0,0,2,0,차대차 - 측면충돌,직진우회전진행방해,건조,맑음,교차로 - 교차로안,승용,여,26세,경상,승용,여,49세,경상
2017040400100353,2017년 4월 4일 16시,화요일,광주광역시 북구 운암동,경상사고,0,0,2,0,차대차 - 측면충돌,안전거리미확보,건조,맑음,단일로 - 기타,승용,남,46세,상해없음,승용,남,40세,경상
2017040400100384,2017년 4월 4일 17시,화요일,광주광역시 남구 양림동,부상신고사고,0,0,0,1,차대차 - 기타,안전운전불이행,건조,맑음,단일로 - 기타,승용,여,57세,상해없음,자전거,남,9세,부상신고
2017040400100385,2017년 4월 4일 17시,화요일,광주광역시 북구 동림동,경상사고,0,0,2,0,차대차 - 기타,차로위반,건조,맑음,단일로 - 기타,이륜,남,77세,경상,승용,여,60세,경상
2017040400100404,2017년 4월 4일 18시,화요일,광주광역시 동구 계림동,경상사고,0,0,1,0,차량단독 - 기타,안전운전불이행,건조,맑음,교차로 - 교차로부근,승용,남,55세,상해없음,,,,
2017040400100426,2017년 4월 4일 19시,화요일,광주광역시 북구 오치동,경상사고,0,0,1,0,차대차 - 기타,안전운전불이행,건조,맑음,교차로 - 교차로부근,승용,여,55세,상해없음,승용,여,58세,경상
2017040400100455,2017년 4월 4일 20시,화요일,광주광역시 북구 운암동,경상사고,0,0,2,0,차대차 - 추돌,안전운전불이행,건조,맑음,단일로 - 기타,승용,남,63세,상해없음,승용,남,25세,경상
2017040400100479,2017년 4월 4일 21시,화요일,광주광역시 광산구 쌍암동,경상사고,0,0,1,0,차대사람 - 횡단중,안전운전불이행,건조,맑음,단일로 - 기타,승용,여,42세,상해없음,보행자,남,13세,경상
2017040400100518,2017년 4월 4일 23시,화요일,광주광역시 북구 우산동,경상사고,0,0,4,0,차대차 - 측면충돌,교차로운행방법위반,건조,맑음,교차로 - 교차로안,승용,남,51세,상해없음,승용,남,68세,경상
2017040500100030,2017년 4월 5일 00시,수요일,광주광역시 동구 계림동,경상사고,0,0,2,0,차대차 - 기타,안전거리미확보,건조,맑음,단일로 - 기타,승용,남,57세,상해없음,승용,남,32세,경상
2017040500100049,2017년 4월 5일 02시,수요일,광주광역시 북구 용봉동,경상사고,0,0,2,0,차대차 - 측면충돌,신호위반,건조,맑음,교차로 - 교차로안,승용,여,49세,상해없음,승용,남,62세,경상
2017040500100058,2017년 4월 5일 03시,수요일,광주광역시 북구 신안동,경상사고,0,0,1,0,차대차 - 측면충돌,안전운전불이행,건조,맑음,교차로 - 교차로안,승용,남,19세,상해없음,승용,남,61세,경상
2017040500100097,2017년 4월 5일 07시,수요일,광주광역시 서구 쌍촌동,경상사고,0,0,2,0,차대차 - 측면충돌,안전거리미확보,건조,맑음,단일로 - 기타,기타불명,기타불명,미분류,기타불명,승용,여,54세,경상
2017040500100127,2017년 4월 5일 08시,수요일,광주광역시 서구 풍암동,중상사고,0,1,0,0,차대사람 - 횡단중,보행자보호의무위반,젖음/습기,비,단일로 - 기타,승용,여,48세,상해없음,보행자,여,10세,중상
2017040500100128,2017년 4월 5일 08시,수요일,광주광역시 서구 쌍촌동,경상사고,0,0,1,0,차대차 - 측면충돌,교차로운행방법위반,건조,맑음,교차로 - 교차로안,승용,여,29세,상해없음,승용,여,31세,경상
2017040500100253,2017년 4월 5일 13시,수요일,광주광역시 동구 대인동,중상사고,0,1,0,0,차대사람 - 횡단중,안전운전불이행,젖음/습기,비,단일로 - 기타,승용,여,56세,상해없음,보행자,여,74세,중상
2017040500100254,2017년 4월 5일 13시,수요일,광주광역시 광산구 신창동,중상사고,0,1,0,0,차대차 - 측면충돌,안전운전불이행,젖음/습기,비,단일로 - 기타,승용,남,33세,상해없음,승용,여,69세,중상
2017040500100255,2017년 4월 5일 13시,수요일,광주광역시 광산구 월계동,경상사고,0,0,2,0,차대사람 - 횡단중,보행자보호의무위반,젖음/습기,흐림,단일로 - 기타,승용,남,32세,상해없음,보행자,여,9세,경상
2017040500100315,2017년 4월 5일 15시,수요일,광주광역시 동구 용산동,중상사고,0,1,0,0,차대사람 - 횡단중,안전운전불이행,젖음/습기,비,교차로 - 교차로부근,승용,남,61세,상해없음,보행자,여,82세,중상
2017040500100316,2017년 4월 5일 15시,수요일,광주광역시 서구 마륵동,경상사고,0,0,2,0,차대차 - 측면충돌,안전운전불이행,젖음/습기,비,단일로 - 기타,승용,여,55세,경상,승용,남,62세,경상
2017040500100354,2017년 4월 5일 16시,수요일,광주광역시 서구 마륵동,경상사고,0,0,1,0,차대차 - 측면충돌,차로위반,젖음/습기,비,단일로 - 기타,승용,남,17세,상해없음,승용,남,37세,경상
2017040500100355,2017년 4월 5일 16시,수요일,광주광역시 북구 임동,경상사고,0,0,3,0,차대차 - 측면충돌,교차로운행방법위반,건조,맑음,교차로 - 교차로안,승용,남,82세,경상,승용,남,34세,경상
2017040500100393,2017년 4월 5일 17시,수요일,광주광역시 서구 화정동,경상사고,0,0,2,0,차대차 - 측면충돌,안전운전불이행,젖음/습기,비,교차로 - 교차로부근,승용,여,65세,상해없음,화물,남,42세,경상
2017040500100394,2017년 4월 5일 17시,수요일,광주광역시 서구 광천동,경상사고,0,0,2,0,차대차 - 측면충돌,신호위반,젖음/습기,비,교차로 - 교차로안,승합,남,32세,상해없음,승용,남,71세,경상
2017040500100439,2017년 4월 5일 18시,수요일,광주광역시 서구 치평동,경상사고,0,0,1,0,차대차 - 기타,신호위반,젖음/습기,비,교차로 - 교차로안,승용,남,61세,상해없음,승용,여,40세,경상
2017040500100440,2017년 4월 5일 18시,수요일,광주광역시 북구 중흥동,경상사고,0,0,1,0,차대차 - 측면충돌,안전운전불이행,젖음/습기,비,단일로 - 기타,화물,남,45세,상해없음,승용,여,49세,경상
2017040500100498,2017년 4월 5일 19시,수요일,광주광역시 서구 화정동,사망사고,1,0,0,0,차대사람 - 횡단중,안전운전불이행,젖음/습기,비,교차로 - 교차로안,승용,남,42세,상해없음,보행자,남,87세,사망
2017040500100499,2017년 4월 5일 19시,수요일,광주광역시 서구 화정동,부상신고사고,0,0,0,1,차대차 - 추돌,안전운전불이행,젖음/습기,비,단일로 - 기타,승용,남,43세,부상신고,승용,남,67세,기타불명
2017040500100500,2017년 4월 5일 19시,수요일,광주광역시 북구 연제동,경상사고,0,0,1,0,차대사람 - 횡단중,보행자보호의무위반,젖음/습기,비,교차로 - 교차로횡단보도내,승용,남,49세,상해없음,보행자,남,20세,경상
2017040500100550,2017년 4월 5일 20시,수요일,광주광역시 북구 동림동,경상사고,0,0,3,0,차대차 - 측면충돌,신호위반,젖음/습기,비,교차로 - 교차로안,승용,여,41세,경상,승용,남,48세,경상
2017040500100551,2017년 4월 5일 20시,수요일,광주광역시 북구 운암동,경상사고,0,0,1,0,차대차 - 측면충돌,안전거리미확보,젖음/습기,비,교차로 - 교차로부근,승용,남,65세,상해없음,승용,남,30세,경상
2017040500100552,2017년 4월 5일 20시,수요일,광주광역시 북구 양산동,경상사고,0,0,1,0,차대차 - 측면충돌,안전운전불이행,젖음/습기,비,단일로 - 기타,기타불명,기타불명,미분류,기타불명,승용,여,51세,경상
2017040500100553,2017년 4월 5일 20시,수요일,광주광역시 북구 신안동,경상사고,0,0,1,0,차대차 - 측면충돌,안전운전불이행,젖음/습기,비,교차로 - 교차로부근,승용,여,60세,상해없음,원동기,남,25세,경상
2017040500100554,2017년 4월 5일 20시,수요일,광주광역시 북구 운암동,경상사고,0,0,1,0,차대사람 - 기타,안전운전불이행,젖음/습기,비,교차로 - 교차로부근,기타불명,기타불명,미분류,기타불명,보행자,여,56세,경상
2017040500100600,2017년 4월 5일 21시,수요일,광주광역시 북구 운암동,경상사고,0,0,1,0,차대차 - 기타,안전거리미확보,젖음/습기,비,교차로 - 교차로부근,승용,남,51세,상해없음,승용,여,30세,경상
2017040500100601,2017년 4월 5일 21시,수요일,광주광역시 광산구 월계동,경상사고,0,0,1,0,차대차 - 측면충돌,안전운전불이행,젖음/습기,비,단일로 - 기타,기타불명,기타불명,미분류,기타불명,승용,남,32세,경상
2017040500100602,2017년 4월 5일 21시,수요일,광주광역시 광산구 우산동,경상사고,0,0,1,0,차대차 - 기타,안전운전불이행,젖음/습기,비,단일로 - 기타,승용,남,28세,상해없음,승용,남,32세,경상
2017040500100660,2017년 4월 5일 22시,수요일,광주광역시 동구 산수동,경상사고,0,0,1,0,차대사람 - 횡단중,안전운전불이행,젖음/습기,비,단일로 - 기타,이륜,남,24세,상해없음,보행자,남,39세,경상
2017040500100661,2017년 4월 5일 22시,수요일,광주광역시 광산구 도산동,경상사고,0,0,2,0,차대차 - 측면충돌,교차로운행방법위반,건조,맑음,교차로 - 교차로안,승용,남,33세,경상,이륜,남,16세,경상
2017040500100704,2017년 4월 5일 23시,수요일,광주광역시 남구 서동,경상사고,0,0,1,0,차대차 - 정면충돌,안전운전불이행,건조,맑음,단일로 - 기타,승용,남,60세,경상,승용,남,59세,상해없음
2017040600100046,2017년 4월 6일 00시,목요일,광주광역시 북구 용봉동,중상사고,0,1,0,0,차대사람 - 횡단중,안전운전불이행,젖음/습기,비,교차로 - 교차로횡단보도내,승용,남,58세,상해없음,보행자,여,18세,중상
2017040600100067,2017년 4월 6일 01시,목요일,광주광역시 광산구 수완동,경상사고,0,0,2,0,차대차 - 측면충돌,안전거리미확보,젖음/습기,비,교차로 - 교차로부근,승용,남,45세,경상,승용,여,42세,경상
2017040600100083,2017년 4월 6일 02시,목요일,광주광역시 동구 서석동,경상사고,0,0,1,0,차대차 - 추돌,안전거리미확보,건조,맑음,기타 - 기타,승용,남,27세,상해없음,승용,남,34세,경상
2017040600100161,2017년 4월 6일 07시,목요일,광주광역시 북구 오치동,경상사고,0,0,1,0,차대차 - 측면충돌,신호위반,젖음/습기,비,교차로 - 교차로안,화물,여,59세,상해없음,승용,남,32세,경상
2017040600100192,2017년 4월 6일 08시,목요일,광주광역시 서구 화정동,경상사고,0,0,1,0,차대사람 - 횡단중,안전운전불이행,건조,맑음,교차로 - 교차로부근,승용,여,35세,상해없음,보행자,여,14세,경상
2017040600100193,2017년 4월 6일 08시,목요일,광주광역시 서구 치평동,경상사고,0,0,2,0,차대차 - 추돌,안전거리미확보,젖음/습기,흐림,교차로 - 교차로부근,승용,남,51세,상해없음,승용,여,46세,경상
2017040600100194,2017년 4월 6일 08시,목요일,광주광역시 북구 운정동,중상사고,0,1,0,0,차량단독 - 전도전복,안전운전불이행,젖음/습기,비,단일로 - 기타,승용,남,40세,중상,미분류,미분류,미분류,미분류
2017040600100195,2017년 4월 6일 08시,목요일,광주광역시 북구 문흥동,경상사고,0,0,1,0,차대차 - 측면충돌,안전운전불이행,건조,맑음,단일로 - 기타,화물,남,75세,상해없음,승용,여,37세,경상
2017040600100196,2017년 4월 6일 08시,목요일,광주광역시 광산구 월곡동,경상사고,0,0,1,0,차대차 - 측면충돌,기타,건조,맑음,단일로 - 기타,승용,남,41세,상해없음,승합,남,42세,상해없음
2017040600100224,2017년 4월 6일 09시,목요일,광주광역시 서구 쌍촌동,경상사고,0,0,1,0,차대차 - 측면충돌,교차로운행방법위반,젖음/습기,비,교차로 - 교차로안,승용,남,21세,상해없음,승용,남,70세,상해없음
2017040600100297,2017년 4월 6일 12시,목요일,광주광역시 남구 월산동,경상사고,0,0,1,0,차대차 - 측면충돌,안전운전불이행,건조,맑음,교차로 - 교차로부근,승용,남,64세,상해없음,승용,남,33세,경상
2017040600100355,2017년 4월 6일 14시,목요일,광주광역시 광산구 장덕동,경상사고,0,0,1,0,차대사람 - 횡단중,보행자보호의무위반,건조,맑음,단일로 - 기타,승용,남,62세,상해없음,보행자,여,10세,경상
2017040600100356,2017년 4월 6일 14시,목요일,광주광역시 광산구 비아동,경상사고,0,0,1,0,차대차 - 기타,안전운전불이행,건조,맑음,교차로 - 교차로안,화물,남,38세,상해없음,승용,여,61세,경상
2017040600100408,2017년 4월 6일 16시,목요일,광주광역시 서구 치평동,경상사고,0,0,2,0,차대차 - 기타,직진우회전진행방해,건조,맑음,교차로 - 교차로안,승용,여,35세,상해없음,승용,남,31세,경상
2017040600100409,2017년 4월 6일 16시,목요일,광주광역시 남구 백운동,경상사고,0,0,1,0,차대차 - 측면충돌,안전운전불이행,건조,맑음,교차로 - 교차로안,승용,남,35세,상해없음,승용,여,61세,경상
2017040600100447,2017년 4월 6일 17시,목요일,광주광역시 서구 풍암동,중상사고,0,1,1,0,차대사람 - 횡단중,안전운전불이행,건조,맑음,단일로 - 기타,승합,여,57세,상해없음,보행자,남,6세,중상
2017040600100448,2017년 4월 6일 17시,목요일,광주광역시 북구 운암동,경상사고,0,0,2,0,차대차 - 정면충돌,안전거리미확보,건조,맑음,단일로 - 기타,승용,남,33세,상해없음,승용,여,33세,경상
2017040600100481,2017년 4월 6일 18시,목요일,광주광역시 북구 용봉동,경상사고,0,0,3,0,차대차 - 측면충돌,안전거리미확보,건조,맑음,단일로 - 기타,승용,여,47세,경상,승용,남,26세,경상
2017040600100482,2017년 4월 6일 18시,목요일,광주광역시 광산구 송정동,경상사고,0,0,1,0,차대사람 - 횡단중,안전운전불이행,건조,맑음,단일로 - 기타,승용,남,59세,상해없음,보행자,남,63세,경상
2017040600100521,2017년 4월 6일 19시,목요일,광주광역시 서구 쌍촌동,부상신고사고,0,0,0,1,차대차 - 측면충돌,안전운전불이행,건조,맑음,단일로 - 기타,이륜,남,21세,상해없음,승용,남,31세,상해없음
2017040600100549,2017년 4월 6일 20시,목요일,광주광역시 서구 풍암동,중상사고,0,1,0,0,차대차 - 기타,안전운전불이행,건조,맑음,교차로 - 교차로안,기타불명,기타불명,미분류,기타불명,승용,남,22세,중상
2017040600100550,2017년 4월 6일 20시,목요일,광주광역시 북구 두암동,경상사고,0,0,1,0,차대사람 - 기타,안전운전불이행,건조,맑음,단일로 - 기타,승용,여,47세,상해없음,보행자,남,47세,경상
2017040600100551,2017년 4월 6일 20시,목요일,광주광역시 북구 매곡동,경상사고,0,0,5,0,차대차 - 측면충돌,안전거리미확보,건조,맑음,단일로 - 기타,승용,남,26세,경상,승용,남,45세,경상
2017040600100573,2017년 4월 6일 21시,목요일,광주광역시 북구 양산동,중상사고,0,1,0,0,차대차 - 기타,안전운전불이행,건조,맑음,단일로 - 기타,승합,남,64세,상해없음,승용,남,40세,상해없음
2017040600100618,2017년 4월 6일 23시,목요일,광주광역시 광산구 월계동,경상사고,0,0,1,0,차대사람 - 횡단중,안전운전불이행,건조,맑음,단일로 - 기타,화물,남,53세,상해없음,보행자,남,49세,경상
2017040600100619,2017년 4월 6일 23시,목요일,광주광역시 광산구 신창동,경상사고,0,0,1,0,차대차 - 추돌,안전운전불이행,건조,맑음,교차로 - 교차로안,화물,남,27세,상해없음,승용,여,43세,경상
2017040700100031,2017년 4월 7일 00시,금요일,광주광역시 광산구 월계동,사망사고,1,1,0,0,차대사람 - 기타,신호위반,건조,맑음,단일로 - 기타,승용,남,31세,상해없음,보행자,남,41세,사망
2017040700100100,2017년 4월 7일 07시,금요일,광주광역시 북구 연제동,경상사고,0,0,2,0,차대차 - 추돌,안전거리미확보,건조,맑음,단일로 - 기타,승용,남,48세,상해없음,승용,여,50세,경상
2017040700100101,2017년 4월 7일 07시,금요일,광주광역시 광산구 도천동,경상사고,0,0,1,0,차대차 - 기타,교차로운행방법위반,건조,맑음,교차로 - 교차로안,승용,남,48세,상해없음,승용,남,42세,경상
2017040700100131,2017년 4월 7일 08시,금요일,광주광역시 서구 쌍촌동,경상사고,0,0,1,0,차대차 - 추돌,안전거리미확보,건조,맑음,교차로 - 교차로부근,승용,남,49세,상해없음,승용,남,53세,경상
2017040700100132,2017년 4월 7일 08시,금요일,광주광역시 남구 주월동,경상사고,0,0,1,0,차대사람 - 횡단중,안전운전불이행,건조,맑음,교차로 - 교차로안,승합,남,29세,상해없음,보행자,여,66세,경상
2017040700100164,2017년 4월 7일 09시,금요일,광주광역시 북구 각화동,경상사고,0,0,1,0,차대차 - 정면충돌,안전운전불이행,건조,맑음,교차로 - 교차로안,원동기,남,57세,경상,승용,남,70세,상해없음
2017040700100280,2017년 4월 7일 13시,금요일,광주광역시 광산구 송정동,경상사고,0,0,2,0,차대차 - 기타,차로위반,건조,맑음,단일로 - 기타,승용,여,43세,상해없음,승용,남,51세,경상
2017040700100288,2017년 4월 7일 13시,금요일,광주광역시 북구 두암동,경상사고,0,0,3,0,차대차 - 측면충돌,안전운전불이행,건조,맑음,단일로 - 기타,승용,남,60세,경상,승용,남,53세,경상
2017040700100325,2017년 4월 7일 14시,금요일,광주광역시 북구 운암동,중상사고,0,2,0,0,차대차 - 측면충돌,신호위반,건조,맑음,교차로 - 교차로안,이륜,남,68세,중상,승용,남,64세,상해없음
2017040700100366,2017년 4월 7일 15시,금요일,광주광역시 서구 광천동,경상사고,0,0,2,0,차대차 - 기타,안전운전불이행,건조,맑음,단일로 - 기타,승용,여,53세,상해없음,승용,남,63세,경상
2017040700100367,2017년 4월 7일 15시,금요일,광주광역시 북구 동림동,경상사고,0,0,1,0,차대사람 - 기타,안전운전불이행,건조,맑음,단일로 - 기타,승용,남,64세,상해없음,보행자,여,16세,경상
2017040700100433,2017년 4월 7일 17시,금요일,광주광역시 서구 쌍촌동,경상사고,0,0,1,0,차대차 - 측면충돌,직진우회전진행방해,건조,맑음,교차로 - 교차로안,승용,남,69세,상해없음,승용,여,31세,경상
2017040700100472,2017년 4월 7일 18시,금요일,광주광역시 북구 본촌동,경상사고,0,0,1,0,차대차 - 정면충돌,안전운전불이행,건조,맑음,단일로 - 지하차도(도로)내,승용,여,46세,상해없음,자전거,남,12세,경상
2017040700100473,2017년 4월 7일 18시,금요일,광주광역시 북구 운암동,경상사고,0,0,2,0,차대차 - 측면충돌,불법유턴,건조,맑음,단일로 - 기타,승용,여,45세,경상,승용,남,64세,경상
2017040700100474,2017년 4월 7일 18시,금요일,광주광역시 광산구 신창동,경상사고,0,0,1,0,차대차 - 측면충돌,신호위반,건조,맑음,교차로 - 교차로안,원동기,남,20세,상해없음,원동기,남,20세,경상
2017040700100514,2017년 4월 7일 19시,금요일,광주광역시 북구 중흥동,경상사고,0,0,1,0,차대차 - 측면충돌,안전거리미확보,건조,맑음,단일로 - 기타,승용,남,62세,상해없음,원동기,남,75세,경상
2017040700100515,2017년 4월 7일 19시,금요일,광주광역시 광산구 장덕동,경상사고,0,0,1,0,차대차 - 측면충돌,교차로운행방법위반,건조,맑음,교차로 - 교차로안,승용,남,37세,상해없음,화물,남,28세,경상
2017040700100580,2017년 4월 7일 21시,금요일,광주광역시 서구 화정동,경상사고,0,0,1,0,차대차 - 추돌,안전운전불이행,건조,맑음,교차로 - 교차로부근,승용,남,62세,상해없음,승용,여,32세,경상
2017040700100612,2017년 4월 7일 22시,금요일,광주광역시 북구 오치동,경상사고,0,0,1,0,차대차 - 기타,안전운전불이행,건조,맑음,교차로 - 교차로부근,승용,남,31세,기타불명,승용,남,40세,경상
2017040700100639,2017년 4월 7일 23시,금요일,광주광역시 북구 풍향동,경상사고,0,0,1,0,차대차 - 측면충돌,안전거리미확보,건조,맑음,단일로 - 기타,승용,여,52세,상해없음,승용,여,60세,상해없음
2017040700100640,2017년 4월 7일 23시,금요일,광주광역시 서구 치평동,경상사고,0,0,1,0,차대차 - 측면충돌,신호위반,건조,맑음,교차로 - 교차로안,승용,여,51세,상해없음,승용,남,63세,경상
2017040700100641,2017년 4월 7일 23시,금요일,광주광역시 광산구 월곡동,경상사고,0,0,2,0,차대차 - 추돌,안전운전불이행,건조,맑음,단일로 - 기타,승용,여,53세,상해없음,승용,여,36세,경상
2017040800100073,2017년 4월 8일 02시,토요일,광주광역시 서구 치평동,중상사고,0,2,1,0,차대차 - 측면충돌,신호위반,건조,맑음,교차로 - 교차로안,승용,남,35세,경상,승용,남,55세,중상