사고번호,사고일시,요일,시군구,사고내용,사망자수,중상자수,경상자수,부상신고자수,사고유형,법규위반,노면상태,기상상태,도로형태,가해운전자 차종,가해운전자 성별,가해운전자 연령,가해운전자 상해정도,피해운전자 차종,피해운전자 성별,피해운전자 연령,피해운전자 상해정도
2017041900100619,2017년 4월 19일 21시,수요일,광주광역시 동구 계림동,경상사고,0,0,1,0,차대차 - 정면충돌,안전거리미확보,건조,맑음,단일로 - 기타,승용,남,54세,상해없음,이륜,남,16세,경상
2017041900100620,2017년 4월 19일 21시,수요일,광주광역시 광산구 운남동,경상사고,0,0,5,0,차대차 - 정면충돌,중앙선침범,건조,맑음,교차로 - 교차로안,승용,남,38세,상해없음,승합,남,48세,경상
2017041900100647,2017년 4월 19일 22시,수요일,광주광역시 광산구 수완동,중상사고,0,1,0,0,차대차 - 측면충돌,중앙선침범,건조,맑음,단일로 - 기타,승용,여,46세,상해없음,이륜,남,16세,중상
2017041900100648,2017년 4월 19일 22시,수요일,광주광역시 광산구 월계동,경상사고,0,0,2,0,차대차 - 정면충돌,안전거리미확보,건조,맑음,교차로 - 교차로안,승용,남,22세,상해없음,승용,남,43세,경상
2017041900100664,2017년 4월 19일 23시,수요일,광주광역시 서구 치평동,중상사고,0,2,1,0,차대차 - 측면충돌,신호위반,건조,맑음,교차로 - 교차로안,승용,남,31세,중상,승용,남,42세,경상
2017041900100665,2017년 4월 19일 23시,수요일,광주광역시 광산구 산월동,경상사고,0,0,1,0,차대차 - 측면충돌,안전운전불이행,건조,맑음,교차로 - 교차로부근,이륜,남,17세,경상,승합,남,37세,상해없음
2017042000100048,2017년 4월 20일 02시,목요일,광주광역시 북구 신안동,중상사고,0,1,0,0,차대사람 - 횡단중,안전운전불이행,건조,맑음,단일로 - 기타,승용,남,36세,상해없음,보행자,여,38세,중상
2017042000100130,2017년 4월 20일 08시,목요일,광주광역시 북구 오치동,경상사고,0,0,1,0,차대차 - 측면충돌,신호위반,건조,맑음,교차로 - 교차로횡단보도내,승용,남,47세,상해없음,자전거,남,80세,경상
2017042000100131,2017년 4월 20일 08시,목요일,광주광역시 북구 두암동,부상신고사고,0,0,0,1,차대사람 - 횡단중,안전운전불이행,건조,맑음,단일로 - 기타,승용,남,53세,상해없음,보행자,남,23세,부상신고
2017042000100159,2017년 4월 20일 09시,목요일,광주광역시 북구 우산동,경상사고,0,0,1,0,차대차 - 기타,안전운전불이행,건조,맑음,교차로 - 교차로안,승용,남,38세,상해없음,자전거,남,62세,경상
2017042000100202,2017년 4월 20일 11시,목요일,광주광역시 서구 매월동,경상사고,0,0,1,0,차대차 - 측면충돌,안전운전불이행,건조,맑음,교차로 - 교차로안,화물,여,52세,상해없음,승용,남,41세,경상
2017042000100203,2017년 4월 20일 11시,목요일,광주광역시 광산구 장덕동,중상사고,0,1,0,0,차대차 - 정면충돌,안전운전불이행,건조,맑음,교차로 - 교차로안,승용,남,47세,상해없음,이륜,남,56세,중상
2017042000100223,2017년 4월 20일 12시,목요일,광주광역시 북구 양산동,경상사고,0,0,1,0,차대차 - 기타,안전거리미확보,건조,맑음,단일로 - 기타,화물,남,25세,상해없음,승합,남,27세,경상
2017042000100307,2017년 4월 20일 15시,목요일,광주광역시 동구 대인동,중상사고,0,1,0,0,차대사람 - 횡단중,안전운전불이행,건조,흐림,단일로 - 기타,승용,남,77세,상해없음,보행자,여,72세,중상
2017042000100330,2017년 4월 20일 16시,목요일,광주광역시 서구 유촌동,경상사고,0,0,1,0,차대차 - 기타,안전거리미확보,건조,맑음,단일로 - 기타,승용,남,56세,상해없음,승용,여,39세,경상
2017042000100331,2017년 4월 20일 16시,목요일,광주광역시 북구 신안동,부상신고사고,0,0,0,1,차대사람 - 횡단중,안전운전불이행,건조,맑음,교차로 - 교차로안,기타불명,기타불명,미분류,기타불명,보행자,여,32세,부상신고
2017042000100361,2017년 4월 20일 17시,목요일,광주광역시 서구 쌍촌동,경상사고,0,0,2,0,차대차 - 측면충돌,직진우회전진행방해,건조,맑음,교차로 - 교차로안,승용,여,44세,경상,승용,남,24세,경상
2017042000100362,2017년 4월 20일 17시,목요일,광주광역시 북구 본촌동,사망사고,1,1,1,0,차대차 - 추돌,안전운전불이행,젖음/습기,비,단일로 - 기타,특수,남,41세,사망,화물,남,41세,중상
2017042000100363,2017년 4월 20일 17시,목요일,광주광역시 광산구 쌍암동,경상사고,0,0,1,0,차대차 - 기타,안전운전불이행,젖음/습기,비,교차로 - 교차로안,이륜,남,28세,경상,승용,남,61세,상해없음
2017042000100364,2017년 4월 20일 17시,목요일,광주광역시 광산구 우산동,경상사고,0,0,1,0,차대차 - 측면충돌,교차로운행방법위반,젖음/습기,비,교차로 - 교차로안,승합,여,59세,상해없음,이륜,남,17세,경상
2017042000100365,2017년 4월 20일 17시,목요일,광주광역시 광산구 산정동,경상사고,0,0,1,0,차대사람 - 횡단중,안전운전불이행,젖음/습기,비,단일로 - 기타,승용,남,35세,상해없음,보행자,남,15세,경상
2017042000100400,2017년 4월 20일 18시,목요일,광주광역시 서구 풍암동,경상사고,0,0,1,0,차대차 - 측면충돌,안전거리미확보,건조,맑음,교차로 - 교차로부근,승용,여,62세,상해없음,승용,남,61세,경상
2017042000100401,2017년 4월 20일 18시,목요일,광주광역시 남구 봉선동,경상사고,0,0,2,0,차대차 - 기타,안전거리미확보,건조,맑음,단일로 - 기타,승용,남,59세,상해없음,승용,남,52세,경상
2017042000100433,2017년 4월 20일 19시,목요일,광주광역시 광산구 신가동,경상사고,0,0,1,0,차대차 - 기타,교차로운행방법위반,젖음/습기,비,교차로 - 교차로안,승용,여,47세,상해없음,이륜,남,43세,경상
2017042000100434,2017년 4월 20일 19시,목요일,광주광역시 광산구 신창동,중상사고,0,1,1,0,차대차 - 정면충돌,안전운전불이행,건조,맑음,단일로 - 기타,이륜,남,17세,중상,승용,남,60세,경상
2017042000100466,2017년 4월 20일 20시,목요일,광주광역시 광산구 신가동,경상사고,0,0,1,0,차대차 - 측면충돌,안전운전불이행,젖음/습기,비,교차로 - 교차로부근,승용,남,47세,상해없음,승합,남,43세,상해없음
2017042000100492,2017년 4월 20일 21시,목요일,광주광역시 북구 우산동,경상사고,0,0,1,0,차대차 - 측면충돌,신호위반,건조,맑음,교차로 - 교차로안,승용,여,21세,상해없음,승용,여,44세,경상
2017042000100517,2017년 4월 20일 22시,목요일,광주광역시 동구 산수동,경상사고,0,0,1,0,차대차 - 기타,교차로운행방법위반,건조,맑음,교차로 - 교차로안,승용,남,67세,상해없음,이륜,남,27세,경상
2017042000100518,2017년 4월 20일 22시,목요일,광주광역시 광산구 산월동,경상사고,0,0,1,0,차대차 - 추돌,안전운전불이행,건조,맑음,단일로 - 기타,자전거,남,19세,경상,승용,남,53세,상해없음
2017042000100536,2017년 4월 20일 23시,목요일,광주광역시 북구 중흥동,경상사고,0,0,2,0,차대차 - 측면충돌,안전거리미확보,건조,맑음,교차로 - 교차로부근,승용,남,35세,상해없음,원동기,남,19세,경상
2017042100100039,2017년 4월 21일 01시,금요일,광주광역시 광산구 월계동,경상사고,0,0,1,0,차대차 - 후진중충돌,안전운전불이행,건조,맑음,단일로 - 기타,승용,남,46세,상해없음,승용,남,20세,경상
2017042100100054,2017년 4월 21일 03시,금요일,광주광역시 서구 마륵동,경상사고,0,0,1,0,차대차 - 측면충돌,안전운전불이행,건조,맑음,단일로 - 기타,승용,남,57세,상해없음,승용,남,51세,경상
2017042100100107,2017년 4월 21일 07시,금요일,광주광역시 북구 용봉동,부상신고사고,0,0,0,1,차대차 - 측면충돌,안전거리미확보,건조,맑음,단일로 - 기타,자전거,남,79세,부상신고,승용,남,66세,상해없음
2017042100100159,2017년 4월 21일 08시,금요일,광주광역시 광산구 월계동,경상사고,0,0,1,0,차대차 - 기타,안전운전불이행,건조,맑음,단일로 - 기타,승용,남,42세,상해없음,자전거,남,73세,경상
2017042100100224,2017년 4월 21일 10시,금요일,광주광역시 서구 유촌동,경상사고,0,0,4,0,차대차 - 추돌,안전거리미확보,건조,맑음,단일로 - 교량,승용,남,64세,상해없음,승용,여,37세,경상
2017042100100260,2017년 4월 21일 11시,금요일,광주광역시 동구 대인동,경상사고,0,0,1,0,차대차 - 추돌,안전운전불이행,건조,맑음,단일로 - 기타,승용,남,50세,상해없음,승용,남,53세,경상
2017042100100313,2017년 4월 21일 13시,금요일,광주광역시 동구 학동,중상사고,0,1,0,0,차대사람 - 횡단중,신호위반,건조,맑음,교차로 - 교차로횡단보도내,기타불명,기타불명,미분류,기타불명,보행자,여,62세,중상
2017042100100343,2017년 4월 21일 14시,금요일,광주광역시 서구 치평동,경상사고,0,0,1,0,차대차 - 추돌,안전운전불이행,건조,맑음,교차로 - 교차로부근,승용,남,58세,상해없음,승용,여,33세,경상
2017042100100344,2017년 4월 21일 14시,금요일,광주광역시 광산구 송정동,경상사고,0,0,2,0,차대차 - 추돌,안전거리미확보,건조,맑음,단일로 - 기타,화물,남,62세,상해없음,승용,남,50세,경상
2017042100100378,2017년 4월 21일 15시,금요일,광주광역시 서구 화정동,경상사고,0,0,1,0,차대차 - 측면충돌,안전운전불이행,건조,맑음,단일로 - 기타,승용,여,40세,상해없음,승용,남,57세,경상
2017042100100379,2017년 4월 21일 15시,금요일,광주광역시 남구 주월동,경상사고,0,0,1,0,차대사람 - 횡단중,안전운전불이행,건조,맑음,단일로 - 기타,승용,남,57세,상해없음,보행자,남,73세,경상
2017042100100380,2017년 4월 21일 15시,금요일,광주광역시 남구 월산동,경상사고,0,0,2,0,차대차 - 기타,안전운전불이행,건조,맑음,교차로 - 교차로부근,승용,남,56세,상해없음,승용,남,23세,경상
2017042100100421,2017년 4월 21일 16시,금요일,광주광역시 서구 치평동,경상사고,0,0,1,0,차대차 - 측면충돌,교차로운행방법위반,건조,맑음,교차로 - 교차로안,승용,남,68세,상해없음,승용,여,43세,경상
2017042100100422,2017년 4월 21일 16시,금요일,광주광역시 남구 주월동,경상사고,0,0,1,0,차대차 - 정면충돌,안전운전불이행,건조,맑음,교차로 - 교차로안,자전거,남,12세,경상,승용,남,53세,상해없음
2017042100100423,2017년 4월 21일 16시,금요일,광주광역시 북구 신용동,경상사고,0,0,3,0,차대차 - 기타,안전거리미확보,건조,맑음,단일로 - 기타,승용,남,26세,상해없음,승용,남,54세,경상
2017042100100424,2017년 4월 21일 16시,금요일,광주광역시 광산구 우산동,경상사고,0,0,1,0,차대차 - 추돌,안전운전불이행,건조,맑음,교차로 - 교차로부근,승용,남,37세,상해없음,승용,남,40세,경상
2017042100100525,2017년 4월 21일 19시,금요일,광주광역시 서구 금호동,경상사고,0,0,1,0,차대차 - 측면충돌,안전운전불이행,건조,맑음,단일로 - 고가도로위,승용,남,60세,상해없음,승용,여,30세,경상
2017042100100615,2017년 4월 21일 22시,금요일,광주광역시 서구 쌍촌동,경상사고,0,0,1,0,차대차 - 추돌,안전거리미확보,건조,맑음,단일로 - 기타,이륜,남,36세,경상,승용,남,59세,상해없음
2017042100100639,2017년 4월 21일 23시,금요일,광주광역시 동구 동명동,경상사고,0,0,1,0,차대차 - 측면충돌,안전운전불이행,건조,맑음,단일로 - 기타,승용,남,50세,상해없음,이륜,여,49세,경상
2017042200100030,2017년 4월 22일 00시,토요일,광주광역시 서구 치평동,중상사고,0,1,0,0,차량단독 - 전도전복,안전운전불이행,건조,기타,단일로 - 기타,이륜,남,56세,중상,미분류,미분류,미분류,미분류
2017042200100048,2017년 4월 22일 01시,토요일,광주광역시 서구 광천동,경상사고,0,0,2,0,차대차 - 측면충돌,차로위반,건조,맑음,단일로 - 기타,승용,남,50세,상해없음,승용,남,55세,경상
2017042200100064,2017년 4월 22일 02시,토요일,광주광역시 서구 화정동,경상사고,0,0,3,0,차대차 - 기타,과속,건조,맑음,교차로 - 교차로안,승용,남,30세,상해없음,승용,남,59세,경상
2017042200100122,2017년 4월 22일 07시,토요일,광주광역시 광산구 월계동,경상사고,0,0,1,0,차대차 - 추돌,안전운전불이행,건조,맑음,단일로 - 기타,승용,남,40세,상해없음,승용,남,26세,경상
2017042200100202,2017년 4월 22일 10시,토요일,광주광역시 서구 광천동,경상사고,0,0,3,0,차대차 - 측면충돌,안전거리미확보,건조,맑음,단일로 - 기타,승용,남,50세,상해없음,승용,여,72세,경상
2017042200100242,2017년 4월 22일 11시,토요일,광주광역시 동구 불로동,경상사고,0,0,3,0,차대차 - 측면충돌,신호위반,건조,맑음,교차로 - 교차로안,이륜,남,75세,경상,승용,남,39세,경상
2017042200100273,2017년 4월 22일 12시,토요일,광주광역시 남구 주월동,경상사고,0,0,1,0,차대차 - 추돌,안전거리미확보,건조,맑음,교차로 - 교차로부근,승용,남,45세,상해없음,승합,남,58세,경상
2017042200100312,2017년 4월 22일 13시,토요일,광주광역시 광산구 산월동,경상사고,0,0,1,0,차대차 - 추돌,안전운전불이행,건조,맑음,교차로 - 교차로부근,승용,남,73세,상해없음,승용,여,54세,경상
2017042200100313,2017년 4월 22일 13시,토요일,광주광역시 광산구 신창동,경상사고,0,0,4,0,차대차 - 측면충돌,안전운전불이행,건조,맑음,교차로 - 교차로안,승용,남,43세,상해없음,승용,여,34세,경상
2017042200100345,2017년 4월 22일 14시,토요일,광주광역시 서구 양동,경상사고,0,0,1,0,차량단독 - 기타,기타,건조,맑음,단일로 - 기타,승합,남,44세,상해없음,,,,
2017042200100346,2017년 4월 22일 14시,토요일,광주광역시 북구 본촌동,경상사고,0,0,5,0,차대차 - 측면충돌,안전운전불이행,건조,맑음,교차로 - 교차로부근,특수,남,24세,경상,승용,남,40세,경상
2017042200100347,2017년 4월 22일 14시,토요일,광주광역시 광산구 장덕동,경상사고,0,0,1,0,차대사람 - 횡단중,보행자보호의무위반,건조,맑음,단일로 - 기타,승용,남,36세,상해없음,보행자,남,4세,경상
2017042200100379,2017년 4월 22일 15시,토요일,광주광역시 서구 덕흥동,경상사고,0,0,2,0,차대차 - 측면충돌,차로위반,건조,맑음,단일로 - 기타,승용,여,25세,상해없음,승용,남,44세,경상
2017042200100449,2017년 4월 22일 17시,토요일,광주광역시 서구 쌍촌동,경상사고,0,0,1,0,차대사람 - 횡단중,안전운전불이행,건조,맑음,단일로 - 기타,화물,남,28세,상해없음,보행자,여,25세,경상
2017042200100514,2017년 4월 22일 19시,토요일,광주광역시 남구 방림동,경상사고,0,0,1,0,차대차 - 측면충돌,신호위반,건조,맑음,교차로 - 교차로안,이륜,남,35세,상해없음,이륜,남,17세,경상
2017042200100515,2017년 4월 22일 19시,토요일,광주광역시 남구 구동,경상사고,0,0,2,0,차대차 - 측면충돌,안전운전불이행,건조,맑음,단일로 - 기타,화물,남,23세,상해없음,승용,남,22세,경상
2017042200100545,2017년 4월 22일 20시,토요일,광주광역시 광산구 수완동,경상사고,0,0,1,0,차대사람 - 횡단중,안전운전불이행,건조,맑음,교차로 - 교차로횡단보도내,기타불명,기타불명,미분류,기타불명,보행자,여,57세,경상
2017042200100577,2017년 4월 22일 21시,토요일,광주광역시 서구 광천동,경상사고,0,0,2,0,차대차 - 측면충돌,안전운전불이행,건조,맑음,단일로 - 기타,승합,남,53세,상해없음,승용,여,26세,경상
2017042200100612,2017년 4월 22일 22시,토요일,광주광역시 광산구 우산동,중상사고,0,1,0,0,차대사람 - 기타,안전운전불이행,건조,맑음,단일로 - 기타,승용,남,49세,상해없음,보행자,여,48세,중상
2017042200100613,2017년 4월 22일 22시,토요일,광주광역시 광산구 소촌동,경상사고,0,0,1,0,차대차 - 측면충돌,안전운전불이행,젖음/습기,흐림,교차로 - 교차로안,승용,여,40세,상해없음,자전거,남,54세,경상
2017042300100060,2017년 4월 23일 02시,일요일,광주광역시 북구 우산동,부상신고사고,0,0,0,1,차대사람 - 기타,안전운전불이행,건조,맑음,단일로 - 기타,승용,남,69세,상해없음,보행자,여,17세,부상신고
2017042300100078,2017년 4월 23일 04시,일요일,광주광역시 북구 중흥동,경상사고,0,0,1,0,차대차 - 추돌,안전운전불이행,건조,맑음,교차로 - 교차로부근,기타불명,기타불명,미분류,기타불명,승용,여,66세,경상
2017042300100090,2017년 4월 23일 05시,일요일,광주광역시 서구 치평동,경상사고,0,0,1,0,차대차 - 측면충돌,신호위반,건조,맑음,교차로 - 교차로안,승용,남,24세,상해없음,승용,남,25세,상해없음
2017042300100091,2017년 4월 23일 05시,일요일,광주광역시 서구 유촌동,경상사고,0,0,2,0,차대차 - 추돌,안전거리미확보,건조,맑음,단일로 - 기타,승용,남,25세,상해없음,승용,여,25세,경상
2017042300100281,2017년 4월 23일 14시,일요일,광주광역시 북구 풍향동,경상사고,0,0,1,0,차대사람 - 기타,기타,건조,맑음,기타 - 기타,승합,남,51세,상해없음,보행자,남,15세,경상
2017042300100282,2017년 4월 23일 14시,일요일,광주광역시 북구 운암동,경상사고,0,0,1,0,차대차 - 기타,안전거리미확보,건조,맑음,단일로 - 기타,승용,남,30세,상해없음,승합,남,47세,상해없음
2017042300100393,2017년 4월 23일 17시,일요일,광주광역시 광산구 월계동,경상사고,0,0,1,0,차대차 - 추돌,안전운전불이행,건조,맑음,단일로 - 기타,승용,남,51세,상해없음,승용,남,39세,경상
2017042300100429,2017년 4월 23일 18시,일요일,광주광역시 서구 쌍촌동,경상사고,0,0,1,0,차대사람 - 횡단중,안전운전불이행,건조,맑음,단일로 - 기타,이륜,남,28세,상해없음,보행자,여,57세,경상
2017042300100453,2017년 4월 23일 19시,일요일,광주광역시 북구 삼각동,경상사고,0,0,4,0,차대차 - 측면충돌,안전운전불이행,건조,맑음,교차로 - 교차로안,승용,남,65세,상해없음,이륜,남,22세,경상
2017042300100479,2017년 4월 23일 20시,일요일,광주광역시 서구 풍암동,경상사고,0,0,1,0,차대차 - 기타,안전운전불이행,건조,맑음,단일로 - 기타,승용,남,60세,상해없음,승용,남,33세,경상
2017042300100480,2017년 4월 23일 20시,일요일,광주광역시 북구 두암동,경상사고,0,0,1,0,차대차 - 정면충돌,안전운전불이행,건조,맑음,교차로 - 교차로안,승용,남,24세,상해없음,원동기,남,17세,경상
2017042400100035,2017년 4월 24일 03시,월요일,광주광역시 동구 호남동,경상사고,0,0,2,0,차대차 - 기타,신호위반,건조,맑음,교차로 - 교차로안,승용,여,74세,상해없음,이륜,남,16세,경상
2017042400100052,2017년 4월 24일 05시,월요일,광주광역시 광산구 월계동,경상사고,0,0,1,0,차대차 - 정면충돌,직진우회전진행방해,건조,맑음,교차로 - 교차로안,승용,남,56세,상해없음,승용,남,61세,경상
2017042400100069,2017년 4월 24일 06시,월요일,광주광역시 북구 월출동,중상사고,0,1,0,0,차대차 - 정면충돌,교차로운행방법위반,건조,맑음,교차로 - 교차로안,승합,남,50세,중상,화물,남,36세,상해없음
2017042400100103,2017년 4월 24일 07시,월요일,광주광역시 북구 두암동,경상사고,0,0,5,0,차대차 - 정면충돌,안전운전불이행,건조,맑음,교차로 - 교차로안,승용,남,26세,상해없음,승합,남,58세,상해없음
2017042400100207,2017년 4월 24일 09시,월요일,광주광역시 남구 방림동,경상사고,0,0,1,0,차대차 - 기타,교차로운행방법위반,건조,맑음,교차로 - 교차로안,승용,여,47세,상해없음,자전거,남,74세,경상
2017042400100236,2017년 4월 24일 10시,월요일,광주광역시 남구 백운동,중상사고,0,1,0,0,차대차 - 기타,신호위반,건조,맑음,단일로 - 기타,승용,남,71세,상해없음,자전거,남,80세,중상
2017042400100319,2017년 4월 24일 13시,월요일,광주광역시 남구 봉선동,부상신고사고,0,0,0,1,차대사람 - 기타,보행자보호의무위반,건조,맑음,교차로 - 교차로부근,화물,남,40세,상해없음,보행자,여,31세,부상신고
2017042400100386,2017년 4월 24일 15시,월요일,광주광역시 남구 주월동,경상사고,0,0,3,0,차대차 - 정면충돌,안전거리미확보,건조,맑음,단일로 - 기타,승용,여,42세,상해없음,승용,남,46세,경상
2017042400100387,2017년 4월 24일 15시,월요일,광주광역시 광산구 신가동,경상사고,0,0,1,0,차대차 - 추돌,안전운전불이행,건조,맑음,교차로 - 교차로부근,승용,여,36세,상해없음,승합,남,57세,경상
2017042400100460,2017년 4월 24일 17시,월요일,광주광역시 서구 치평동,경상사고,0,0,3,0,차대차 - 측면충돌,교차로운행방법위반,건조,맑음,교차로 - 교차로안,승용,남,52세,경상,특수,남,41세,경상
2017042400100461,2017년 4월 24일 17시,월요일,광주광역시 광산구 송정동,경상사고,0,0,1,0,차대사람 - 횡단중,안전운전불이행,건조,맑음,단일로 - 기타,승용,여,35세,상해없음,보행자,남,11세,경상
2017042400100498,2017년 4월 24일 18시,월요일,광주광역시 북구 신안동,경상사고,0,0,2,0,차대차 - 추돌,안전운전불이행,건조,맑음,교차로 - 교차로부근,승용,남,26세,상해없음,승용,남,31세,경상
2017042400100535,2017년 4월 24일 19시,월요일,광주광역시 서구 쌍촌동,경상사고,0,0,1,0,차대차 - 측면충돌,안전운전불이행,건조,맑음,단일로 - 기타,승용,남,44세,상해없음,화물,남,55세,상해없음
2017042400100536,2017년 4월 24일 19시,월요일,광주광역시 서구 광천동,경상사고,0,0,2,0,차대차 - 추돌,안전운전불이행,건조,맑음,교차로 - 교차로부근,승용,남,52세,상해없음,승용,남,28세,경상
2017042400100592,2017년 4월 24일 21시,월요일,광주광역시 서구 화정동,경상사고,0,0,1,0,차대차 - 측면충돌,안전운전불이행,건조,맑음,교차로 - 교차로안,승용,여,35세,상해없음,이륜,여,31세,경상
2017042400100593,2017년 4월 24일 21시,월요일,광주광역시 북구 두암동,중상사고,0,1,0,0,차대사람 - 기타,안전운전불이행,건조,맑음,교차로 - 교차로부근,승용,남,48세,상해없음,보행자,남,57세,중상
2017042400100594,2017년 4월 24일 21시,월요일,광주광역시 광산구 우산동,중상사고,0,1,0,0,차대차 - 측면충돌,교차로운행방법위반,건조,맑음,교차로 - 교차로안,승용,남,52세,상해없음,원동기,남,16세,중상
2017042400100612,2017년 4월 24일 22시,월요일,광주광역시 광산구 신가동,사망사고,1,0,0,0,차대차 - 측면충돌,신호위반,건조,맑음,교차로 - 교차로안,승용,남,59세,상해없음,원동기,남,24세,사망
2017042500100026,2017년 4월 25일 00시,화요일,광주광역시 남구 봉선동,경상사고,0,0,1,0,차대차 - 기타,교차로운행방법위반,건조,맑음,교차로 - 교차로안,승용,남,62세,상해없음,승용,남,52세,경상
2017042500100041,2017년 4월 25일 03시,화요일,광주광역시 서구 농성동,경상사고,0,0,2,0,차대차 - 측면충돌,교차로운행방법위반,건조,맑음,교차로 - 교차로안,승용,남,63세,상해없음,승용,남,28세,경상
2017042500100086,2017년 4월 25일 07시,화요일,광주광역시 서구 금호동,경상사고,0,0,2,0,차대차 - 측면충돌,교차로운행방법위반,건조,맑음,교차로 - 교차로부근,승합,남,56세,상해없음,승합,남,56세,경상
2017042500100120,2017년 4월 25일 08시,화요일,광주광역시 동구 서석동,중상사고,0,1,0,0,차대사람 - 기타,안전운전불이행,건조,맑음,단일로 - 기타,승합,남,51세,상해없음,보행자,여,79세,중상
2017042500100201,2017년 4월 25일 11시,화요일,광주광역시 광산구 흑석동,경상사고,0,0,1,0,차대차 - 기타,안전운전불이행,건조,맑음,단일로 - 기타,건설기계,남,42세,상해없음,화물,남,42세,상해없음
2017042500100271,2017년 4월 25일 13시,화요일,광주광역시 북구 두암동,경상사고,0,0,1,0,차대사람 - 횡단중,중앙선침범,건조,맑음,단일로 - 기타,승용,남,60세,상해없음,보행자,여,69세,경상
2017042500100336,2017년 4월 25일 15시,화요일,광주광역시 북구 신안동,경상사고,0,0,1,0,차대차 - 정면충돌,안전운전불이행,건조,맑음,단일로 - 기타,화물,남,60세,상해없음,자전거,남,57세,경상
2017042500100337,2017년 4월 25일 15시,화요일,광주광역시 북구 유동,경상사고,0,0,2,0,차대차 - 측면충돌,안전운전불이행,건조,맑음,단일로 - 기타,원동기,남,29세,경상,승용,여,38세,경상
2017042500100371,2017년 4월 25일 16시,화요일,광주광역시 동구 금동,경상사고,0,0,1,0,차대차 - 추돌,안전운전불이행,건조,맑음,단일로 - 기타,승용,남,24세,상해없음,승용,여,34세,경상
2017042500100372,2017년 4월 25일 16시,화요일,광주광역시 서구 광천동,경상사고,0,0,2,0,차대차 - 측면충돌,차로위반,건조,맑음,단일로 - 기타,승용,남,50세,상해없음,승합,남,48세,경상
2017042500100434,2017년 4월 25일 18시,화요일,광주광역시 광산구 송정동,경상사고,0,0,1,0,차대차 - 측면충돌,신호위반,건조,맑음,교차로 - 교차로부근,승용,남,41세,상해없음,원동기,남,59세,경상
2017042500100533,2017년 4월 25일 22시,화요일,광주광역시 북구 용봉동,경상사고,0,0,3,0,차대차 - 측면충돌,신호위반,젖음/습기,비,교차로 - 교차로안,화물,남,51세,상해없음,승합,여,40세,경상
2017042600100090,2017년 4월 26일 06시,수요일,광주광역시 북구 동림동,경상사고,0,0,1,0,차대차 - 측면충돌,안전운전불이행,건조,맑음,교차로 - 교차로안,승용,남,55세,상해없음,화물,남,33세,경상
2017042600100115,2017년 4월 26일 07시,수요일,광주광역시 동구 동명동,경상사고,0,0,1,0,차대차 - 기타,안전거리미확보,건조,맑음,단일로 - 기타,승용,남,22세,상해없음,승용,남,29세,경상
2017042600100116,2017년 4월 26일 07시,수요일,광주광역시 북구 본촌동,중상사고,0,1,0,0,차량단독 - 전도전복,안전운전불이행,건조,맑음,교차로 - 교차로부근,승용,남,54세,중상,미분류,미분류,미분류,미분류
2017042600100156,2017년 4월 26일 08시,수요일,광주광역시 광산구 산정동,경상사고,0,0,1,0,차대사람 - 횡단중,안전운전불이행,젖음/습기,흐림,단일로 - 기타,승용,남,43세,상해없음,보행자,남,16세,경상
2017042600100192,2017년 4월 26일 09시,수요일,광주광역시 북구 동림동,경상사고,0,0,1,0,차대차 - 측면충돌,안전운전불이행,건조,맑음,교차로 - 교차로부근,화물,남,19세,상해없음,승용,여,56세,경상
2017042600100250,2017년 4월 26일 11시,수요일,광주광역시 북구 풍향동,경상사고,0,0,1,0,차대차 - 측면충돌,안전운전불이행,건조,맑음,교차로 - 교차로안,화물,남,38세,상해없음,원동기,남,75세,경상
2017042600100312,2017년 4월 26일 13시,수요일,광주광역시 광산구 우산동,경상사고,0,0,3,0,차대차 - 추돌,안전운전불이행,건조,맑음,단일로 - 기타,화물,남,46세,상해없음,승용,여,63세,경상
2017042600100341,2017년 4월 26일 14시,수요일,광주광역시 서구 유촌동,경상사고,0,0,1,0,차대차 - 측면충돌,교차로운행방법위반,건조,맑음,교차로 - 교차로안,화물,남,42세,상해없음,승용,여,34세,경상
2017042600100378,2017년 4월 26일 15시,수요일,광주광역시 광산구 지죽동,경상사고,0,0,2,0,차대차 - 기타,안전운전불이행,건조,맑음,단일로 - 터널,특수,남,58세,상해없음,특수,남,36세,상해없음
2017042600100422,2017년 4월 26일 16시,수요일,광주광역시 북구 신안동,경상사고,0,0,1,0,차대사람 - 횡단중,보행자보호의무위반,건조,맑음,교차로 - 교차로횡단보도내,승용,남,41세,상해없음,보행자,남,22세,경상
2017042600100423,2017년 4월 26일 16시,수요일,광주광역시 북구 양산동,경상사고,0,0,1,0,차대차 - 측면충돌,안전운전불이행,건조,맑음,단일로 - 기타,승용,여,34세,상해없음,화물,남,60세,경상
2017042600100424,2017년 4월 26일 16시,수요일,광주광역시 광산구 수완동,부상신고사고,0,0,0,1,차대차 - 측면충돌,안전운전불이행,건조,맑음,단일로 - 기타,자전거,남,4세,부상신고,승용,여,44세,상해없음
2017042600100503,2017년 4월 26일 18시,수요일,광주광역시 광산구 수완동,경상사고,0,0,1,0,차대차 - 정면충돌,안전운전불이행,건조,맑음,단일로 - 기타,이륜,남,18세,경상,승용,남,34세,상해없음