사고번호,사고일시,요일,시군구,사고내용,사망자수,중상자수,경상자수,부상신고자수,사고유형,법규위반,노면상태,기상상태,도로형태,가해운전자 차종,가해운전자 성별,가해운전자 연령,가해운전자 상해정도,피해운전자 차종,피해운전자 성별,피해운전자 연령,피해운전자 상해정도
2017042600100541,2017년 4월 26일 19시,수요일,광주광역시 광산구 운남동,경상사고,0,0,3,0,차대차 - 측면충돌,교차로운행방법위반,건조,맑음,교차로 - 교차로안,승용,남,35세,상해없음,승용,남,25세,경상
2017042600100604,2017년 4월 26일 21시,수요일,광주광역시 남구 백운동,경상사고,0,0,4,0,차대차 - 측면충돌,중앙선침범,건조,맑음,교차로 - 교차로부근,화물,남,47세,상해없음,승용,여,28세,경상
2017042700100107,2017년 4월 27일 07시,목요일,광주광역시 서구 쌍촌동,경상사고,0,0,1,0,차대차 - 기타,안전운전불이행,건조,맑음,단일로 - 기타,승용,남,28세,경상,화물,남,56세,상해없음
2017042700100184,2017년 4월 27일 09시,목요일,광주광역시 북구 문흥동,경상사고,0,0,1,0,차대차 - 측면충돌,안전거리미확보,건조,맑음,교차로 - 교차로부근,원동기,남,72세,경상,승용,남,23세,상해없음
2017042700100210,2017년 4월 27일 10시,목요일,광주광역시 남구 봉선동,경상사고,0,0,1,0,차대차 - 기타,교차로운행방법위반,건조,맑음,교차로 - 교차로안,승용,여,56세,상해없음,승합,남,41세,경상
2017042700100211,2017년 4월 27일 10시,목요일,광주광역시 북구 운암동,경상사고,0,0,1,0,차대차 - 추돌,안전운전불이행,건조,맑음,단일로 - 기타,승용,남,47세,상해없음,승용,여,42세,경상
2017042700100231,2017년 4월 27일 11시,목요일,광주광역시 광산구 신창동,경상사고,0,0,2,0,차량단독 - 공작물충돌,안전운전불이행,건조,맑음,단일로 - 기타,승용,남,59세,상해없음,,,,
2017042700100285,2017년 4월 27일 13시,목요일,광주광역시 남구 월성동,중상사고,0,1,0,0,차대차 - 측면충돌,안전운전불이행,건조,맑음,단일로 - 기타,승용,여,36세,상해없음,원동기,남,83세,중상
2017042700100317,2017년 4월 27일 14시,목요일,광주광역시 서구 쌍촌동,경상사고,0,0,1,0,차대사람 - 횡단중,보행자보호의무위반,건조,맑음,단일로 - 기타,승용,남,41세,상해없음,보행자,남,7세,경상
2017042700100318,2017년 4월 27일 14시,목요일,광주광역시 북구 매곡동,경상사고,0,0,1,0,차대차 - 측면충돌,안전운전불이행,건조,맑음,단일로 - 기타,승용,여,37세,상해없음,승용,남,42세,경상
2017042700100319,2017년 4월 27일 14시,목요일,광주광역시 광산구 월곡동,경상사고,0,0,2,0,차대차 - 측면충돌,안전거리미확보,건조,맑음,교차로 - 교차로부근,승용,남,21세,상해없음,승합,남,70세,경상
2017042700100389,2017년 4월 27일 16시,목요일,광주광역시 광산구 월계동,경상사고,0,0,2,0,차대차 - 정면충돌,안전거리미확보,건조,맑음,단일로 - 기타,화물,남,38세,상해없음,승용,여,42세,경상
2017042700100445,2017년 4월 27일 17시,목요일,광주광역시 서구 쌍촌동,경상사고,0,0,3,0,차대차 - 측면충돌,안전운전불이행,건조,맑음,교차로 - 교차로안,이륜,남,35세,경상,승용,남,26세,경상
2017042700100446,2017년 4월 27일 17시,목요일,광주광역시 광산구 산정동,경상사고,0,0,1,0,차대차 - 측면충돌,안전거리미확보,건조,맑음,교차로 - 교차로부근,승용,남,29세,상해없음,승용,여,37세,경상
2017042700100530,2017년 4월 27일 19시,목요일,광주광역시 북구 두암동,경상사고,0,0,1,0,차대차 - 측면충돌,안전운전불이행,건조,맑음,교차로 - 교차로안,화물,남,46세,상해없음,자전거,남,16세,경상
2017042700100599,2017년 4월 27일 21시,목요일,광주광역시 서구 치평동,경상사고,0,0,1,0,차대차 - 측면충돌,직진우회전진행방해,건조,맑음,교차로 - 교차로안,승용,남,51세,상해없음,이륜,남,22세,경상
2017042700100600,2017년 4월 27일 21시,목요일,광주광역시 북구 운암동,경상사고,0,0,3,0,차대차 - 추돌,안전거리미확보,건조,맑음,단일로 - 기타,기타불명,기타불명,미분류,기타불명,승용,남,32세,경상
2017042700100601,2017년 4월 27일 21시,목요일,광주광역시 광산구 흑석동,경상사고,0,0,3,0,차대차 - 측면충돌,안전거리미확보,건조,맑음,단일로 - 기타,승용,남,62세,상해없음,승용,남,70세,경상
2017042700100650,2017년 4월 27일 23시,목요일,광주광역시 남구 주월동,경상사고,0,0,1,0,차대차 - 측면충돌,신호위반,건조,맑음,교차로 - 교차로안,승용,남,28세,상해없음,승용,여,48세,경상
2017042700100651,2017년 4월 27일 23시,목요일,광주광역시 북구 중흥동,경상사고,0,0,1,0,차대사람 - 기타,안전운전불이행,건조,맑음,단일로 - 기타,승합,남,62세,상해없음,보행자,남,62세,경상
2017042800100031,2017년 4월 28일 00시,금요일,광주광역시 광산구 수완동,경상사고,0,0,5,0,차대차 - 추돌,안전운전불이행,건조,맑음,교차로 - 교차로부근,승용,남,21세,경상,승용,남,32세,경상
2017042800100049,2017년 4월 28일 02시,금요일,광주광역시 서구 치평동,경상사고,0,0,2,0,차대차 - 후진중충돌,안전운전불이행,건조,맑음,단일로 - 기타,승용,남,27세,상해없음,승용,남,55세,상해없음
2017042800100093,2017년 4월 28일 06시,금요일,광주광역시 북구 용봉동,경상사고,0,0,1,0,차대차 - 기타,안전운전불이행,건조,맑음,단일로 - 기타,승용,여,50세,상해없음,승용,여,58세,경상
2017042800100115,2017년 4월 28일 07시,금요일,광주광역시 북구 일곡동,경상사고,0,0,2,0,차대차 - 기타,안전운전불이행,건조,맑음,단일로 - 기타,승합,남,64세,경상,승용,남,55세,경상
2017042800100116,2017년 4월 28일 07시,금요일,광주광역시 광산구 우산동,경상사고,0,0,1,0,차대차 - 기타,차로위반,건조,맑음,단일로 - 기타,승용,여,57세,상해없음,승합,남,59세,상해없음
2017042800100165,2017년 4월 28일 08시,금요일,광주광역시 광산구 도천동,경상사고,0,0,2,0,차대차 - 정면충돌,안전운전불이행,건조,맑음,교차로 - 교차로안,승용,여,29세,상해없음,승용,남,20세,경상
2017042800100205,2017년 4월 28일 09시,금요일,광주광역시 광산구 장덕동,중상사고,0,1,2,0,차대차 - 측면충돌,교차로운행방법위반,건조,맑음,교차로 - 교차로안,승용,남,58세,경상,화물,남,18세,중상
2017042800100238,2017년 4월 28일 10시,금요일,광주광역시 남구 주월동,부상신고사고,0,0,0,1,차대사람 - 횡단중,안전운전불이행,건조,맑음,단일로 - 기타,승용,남,71세,상해없음,보행자,여,45세,부상신고
2017042800100239,2017년 4월 28일 10시,금요일,광주광역시 광산구 신가동,경상사고,0,0,1,0,차대차 - 추돌,안전거리미확보,건조,맑음,단일로 - 기타,승용,남,60세,상해없음,승합,남,44세,경상
2017042800100271,2017년 4월 28일 11시,금요일,광주광역시 북구 두암동,경상사고,0,0,6,0,차대차 - 기타,안전운전불이행,건조,맑음,교차로 - 교차로안,승용,남,25세,경상,승용,여,32세,경상
2017042800100333,2017년 4월 28일 13시,금요일,광주광역시 남구 봉선동,경상사고,0,0,1,0,차대차 - 정면충돌,안전운전불이행,건조,맑음,단일로 - 기타,자전거,남,13세,경상,승용,여,30세,상해없음
2017042800100334,2017년 4월 28일 13시,금요일,광주광역시 북구 운암동,경상사고,0,0,1,0,차대사람 - 기타,기타,건조,맑음,단일로 - 기타,화물,남,33세,상해없음,보행자,남,39세,경상
2017042800100370,2017년 4월 28일 14시,금요일,광주광역시 남구 봉선동,경상사고,0,0,1,0,차대사람 - 횡단중,신호위반,건조,맑음,교차로 - 교차로부근,이륜,남,16세,상해없음,보행자,여,49세,경상
2017042800100407,2017년 4월 28일 15시,금요일,광주광역시 광산구 송촌동,경상사고,0,0,1,0,차대차 - 측면충돌,신호위반,건조,맑음,교차로 - 교차로안,승용,여,51세,상해없음,승용,여,65세,경상
2017042800100445,2017년 4월 28일 16시,금요일,광주광역시 광산구 소촌동,경상사고,0,0,1,0,차대사람 - 기타,안전운전불이행,건조,맑음,교차로 - 교차로부근,승용,여,30세,상해없음,보행자,여,20세,경상
2017042800100487,2017년 4월 28일 17시,금요일,광주광역시 남구 노대동,경상사고,0,0,1,0,차대사람 - 횡단중,보행자보호의무위반,건조,맑음,교차로 - 교차로횡단보도내,승용,남,63세,상해없음,보행자,여,45세,경상
2017042800100530,2017년 4월 28일 18시,금요일,광주광역시 동구 지산동,경상사고,0,0,1,0,차대사람 - 횡단중,안전운전불이행,건조,맑음,단일로 - 기타,이륜,남,26세,상해없음,보행자,여,24세,경상
2017042800100531,2017년 4월 28일 18시,금요일,광주광역시 북구 각화동,경상사고,0,0,1,0,차대사람 - 횡단중,안전운전불이행,건조,맑음,교차로 - 교차로안,승용,남,19세,상해없음,보행자,여,73세,경상
2017042800100532,2017년 4월 28일 18시,금요일,광주광역시 광산구 신가동,경상사고,0,0,1,0,차대차 - 후진중충돌,안전운전불이행,건조,맑음,단일로 - 기타,승용,남,30세,상해없음,원동기,남,37세,경상
2017042800100575,2017년 4월 28일 19시,금요일,광주광역시 서구 화정동,경상사고,0,0,1,0,차대차 - 측면충돌,안전운전불이행,건조,맑음,교차로 - 교차로안,승용,남,56세,상해없음,승용,남,32세,경상
2017042800100613,2017년 4월 28일 20시,금요일,광주광역시 남구 양림동,경상사고,0,0,2,0,차대차 - 측면충돌,안전거리미확보,건조,맑음,단일로 - 기타,승용,여,22세,상해없음,승용,여,35세,경상
2017042800100644,2017년 4월 28일 21시,금요일,광주광역시 서구 쌍촌동,중상사고,0,1,0,0,차대사람 - 횡단중,중앙선침범,건조,맑음,단일로 - 기타,승용,남,51세,상해없음,보행자,남,16세,중상
2017042800100645,2017년 4월 28일 21시,금요일,광주광역시 서구 동천동,중상사고,0,1,0,0,차대차 - 측면충돌,안전운전불이행,건조,흐림,단일로 - 기타,승용,남,50세,상해없음,이륜,남,35세,중상
2017042800100699,2017년 4월 28일 23시,금요일,광주광역시 동구 지산동,중상사고,0,1,0,0,차대사람 - 기타,안전운전불이행,건조,맑음,단일로 - 기타,승용,남,24세,상해없음,보행자,남,20세,중상
2017042800100700,2017년 4월 28일 23시,금요일,광주광역시 서구 금호동,경상사고,0,0,3,0,차대차 - 기타,신호위반,건조,맑음,교차로 - 교차로안,승용,남,47세,경상,승용,남,27세,경상
2017042900100036,2017년 4월 29일 00시,토요일,광주광역시 서구 치평동,경상사고,0,0,1,0,차대차 - 기타,신호위반,건조,맑음,교차로 - 교차로안,자전거,남,42세,경상,승용,남,48세,상해없음
2017042900100058,2017년 4월 29일 01시,토요일,광주광역시 동구 학동,중상사고,0,2,6,0,차대차 - 측면충돌,교차로운행방법위반,건조,맑음,교차로 - 교차로안,승용,남,34세,상해없음,승용,남,42세,경상
2017042900100201,2017년 4월 29일 09시,토요일,광주광역시 서구 유촌동,경상사고,0,0,1,1,차대차 - 기타,교차로운행방법위반,건조,맑음,교차로 - 교차로부근,승용,남,55세,부상신고,이륜,남,27세,경상
2017042900100300,2017년 4월 29일 12시,토요일,광주광역시 광산구 쌍암동,경상사고,0,0,2,0,차대차 - 기타,안전운전불이행,건조,맑음,단일로 - 기타,승용,남,60세,상해없음,승용,남,52세,경상
2017042900100343,2017년 4월 29일 13시,토요일,광주광역시 북구 오룡동,경상사고,0,0,2,0,차대차 - 정면충돌,안전운전불이행,건조,맑음,교차로 - 교차로안,승용,남,68세,상해없음,승용,남,42세,경상
2017042900100344,2017년 4월 29일 13시,토요일,광주광역시 광산구 수완동,중상사고,0,1,0,0,차대차 - 측면충돌,안전운전불이행,건조,맑음,교차로 - 교차로안,승용,여,39세,상해없음,자전거,남,7세,중상
2017042900100380,2017년 4월 29일 14시,토요일,광주광역시 광산구 도천동,경상사고,0,0,1,0,차대차 - 추돌,차로위반,건조,맑음,단일로 - 지하차도(도로)내,승용,남,53세,상해없음,화물,남,40세,경상
2017042900100420,2017년 4월 29일 15시,토요일,광주광역시 서구 화정동,경상사고,0,0,2,0,차대사람 - 횡단중,안전운전불이행,건조,맑음,단일로 - 기타,승용,남,59세,상해없음,보행자,여,11세,경상
2017042900100475,2017년 4월 29일 16시,토요일,광주광역시 북구 운암동,중상사고,0,1,0,0,차대차 - 측면충돌,안전거리미확보,건조,맑음,단일로 - 고가도로위,승용,여,60세,상해없음,승용,남,55세,중상
2017042900100516,2017년 4월 29일 17시,토요일,광주광역시 광산구 두정동,경상사고,0,0,1,0,차대차 - 측면충돌,안전운전불이행,건조,맑음,기타 - 기타,승용,남,32세,상해없음,화물,남,52세,경상
2017042900100647,2017년 4월 29일 21시,토요일,광주광역시 서구 내방동,경상사고,0,0,1,0,차대차 - 기타,안전운전불이행,건조,맑음,교차로 - 교차로안,이륜,남,43세,경상,승용,남,34세,상해없음
2017042900100693,2017년 4월 29일 23시,토요일,광주광역시 남구 행암동,경상사고,0,0,2,0,차대차 - 기타,안전거리미확보,건조,맑음,기타 - 기타,승용,남,58세,상해없음,승용,남,51세,경상
2017043000100057,2017년 4월 30일 02시,일요일,광주광역시 서구 동천동,경상사고,0,0,1,0,차대사람 - 횡단중,안전운전불이행,건조,맑음,교차로 - 교차로안,승용,남,61세,상해없음,보행자,남,18세,경상
2017043000100073,2017년 4월 30일 04시,일요일,광주광역시 서구 치평동,경상사고,0,0,1,0,차대사람 - 횡단중,신호위반,건조,맑음,교차로 - 교차로횡단보도내,승용,남,58세,상해없음,보행자,남,37세,경상
2017043000100081,2017년 4월 30일 05시,일요일,광주광역시 서구 쌍촌동,경상사고,0,0,1,0,차대차 - 측면충돌,안전운전불이행,건조,맑음,단일로 - 기타,승용,남,20세,상해없음,승용,남,54세,경상
2017043000100114,2017년 4월 30일 08시,일요일,광주광역시 서구 내방동,경상사고,0,0,2,0,차대차 - 기타,안전거리미확보,건조,맑음,단일로 - 기타,승용,여,39세,경상,승용,여,66세,경상
2017043000100130,2017년 4월 30일 09시,일요일,광주광역시 북구 연제동,사망사고,1,0,0,0,차대사람 - 길가장자리구역통행중,안전운전불이행,건조,맑음,단일로 - 기타,승용,남,65세,상해없음,보행자,여,74세,사망
2017043000100158,2017년 4월 30일 10시,일요일,광주광역시 서구 농성동,경상사고,0,0,1,0,차대차 - 추돌,안전운전불이행,건조,맑음,단일로 - 기타,화물,남,65세,상해없음,승용,남,28세,경상
2017043000100159,2017년 4월 30일 10시,일요일,광주광역시 광산구 도천동,중상사고,0,1,0,0,차대차 - 추돌,안전운전불이행,건조,맑음,단일로 - 기타,승용,여,27세,상해없음,이륜,남,72세,중상
2017043000100160,2017년 4월 30일 10시,일요일,광주광역시 광산구 우산동,경상사고,0,0,2,0,차대차 - 측면충돌,교차로운행방법위반,건조,맑음,교차로 - 교차로안,승용,남,30세,경상,승용,남,61세,경상
2017043000100182,2017년 4월 30일 11시,일요일,광주광역시 동구 지산동,경상사고,0,0,2,0,차대차 - 측면충돌,신호위반,건조,맑음,교차로 - 교차로안,승용,여,32세,경상,승용,남,53세,경상
2017043000100183,2017년 4월 30일 11시,일요일,광주광역시 남구 주월동,부상신고사고,0,0,0,1,차대사람 - 기타,안전운전불이행,건조,맑음,미분류 - 미분류,기타불명,기타불명,미분류,기타불명,보행자,여,62세,부상신고
2017043000100184,2017년 4월 30일 11시,일요일,광주광역시 북구 동림동,경상사고,0,0,1,0,차대차 - 측면충돌,안전운전불이행,건조,맑음,교차로 - 교차로안,이륜,남,74세,경상,승합,여,49세,상해없음
2017043000100185,2017년 4월 30일 11시,일요일,광주광역시 광산구 서봉동,경상사고,0,0,1,0,차대차 - 후진중충돌,안전운전불이행,건조,맑음,교차로 - 교차로부근,승용,여,55세,상해없음,화물,남,35세,경상
2017043000100186,2017년 4월 30일 11시,일요일,광주광역시 광산구 서봉동,경상사고,0,0,1,0,차대차 - 기타,안전거리미확보,건조,맑음,단일로 - 교량,승용,여,21세,상해없음,승용,남,26세,경상
2017043000100235,2017년 4월 30일 13시,일요일,광주광역시 서구 화정동,경상사고,0,0,1,0,차대차 - 기타,안전운전불이행,건조,맑음,단일로 - 기타,승합,남,55세,상해없음,승용,남,22세,경상
2017043000100236,2017년 4월 30일 13시,일요일,광주광역시 북구 오치동,경상사고,0,0,1,0,차대차 - 기타,안전운전불이행,건조,맑음,단일로 - 기타,승용,남,60세,상해없음,승용,남,35세,경상
2017043000100300,2017년 4월 30일 15시,일요일,광주광역시 서구 동천동,경상사고,0,0,2,0,차대차 - 측면충돌,안전운전불이행,건조,맑음,단일로 - 기타,승용,남,32세,상해없음,승용,남,36세,경상
2017043000100341,2017년 4월 30일 16시,일요일,광주광역시 동구 학동,경상사고,0,0,1,0,차대차 - 측면충돌,안전운전불이행,건조,맑음,교차로 - 교차로안,화물,남,53세,상해없음,이륜,남,36세,경상
2017043000100371,2017년 4월 30일 17시,일요일,광주광역시 남구 봉선동,경상사고,0,0,2,0,차대차 - 측면충돌,교차로운행방법위반,건조,맑음,교차로 - 교차로안,승용,남,18세,상해없음,승용,남,33세,경상
2017043000100395,2017년 4월 30일 18시,일요일,광주광역시 북구 삼각동,중상사고,0,1,7,0,차대차 - 측면충돌,안전운전불이행,건조,맑음,교차로 - 교차로안,승용,여,36세,경상,승용,남,33세,중상
2017043000100412,2017년 4월 30일 19시,일요일,광주광역시 북구 문흥동,경상사고,0,0,3,0,차대차 - 기타,안전운전불이행,건조,맑음,단일로 - 기타,승용,남,63세,상해없음,승용,남,24세,경상
2017043000100420,2017년 4월 30일 19시,일요일,광주광역시 서구 화정동,경상사고,0,0,2,0,차대차 - 측면충돌,신호위반,건조,맑음,교차로 - 교차로안,승용,여,40세,상해없음,승용,남,60세,경상
2017043000100450,2017년 4월 30일 20시,일요일,광주광역시 광산구 월계동,경상사고,0,0,1,0,차대사람 - 횡단중,안전운전불이행,건조,맑음,단일로 - 기타,승용,남,33세,상해없음,보행자,남,71세,경상
2017043000100474,2017년 4월 30일 21시,일요일,광주광역시 광산구 수완동,경상사고,0,0,1,0,차대사람 - 횡단중,안전운전불이행,건조,흐림,기타 - 기타,승용,남,29세,상해없음,보행자,남,52세,경상
2017043000100475,2017년 4월 30일 21시,일요일,광주광역시 광산구 지평동,사망사고,1,1,0,0,차대차 - 추돌,과속,건조,맑음,단일로 - 기타,승용,남,27세,상해없음,원동기,남,27세,중상
2017043000100493,2017년 4월 30일 22시,일요일,광주광역시 북구 운암동,중상사고,0,1,0,0,차대사람 - 횡단중,과속,건조,맑음,단일로 - 기타,승용,남,24세,상해없음,보행자,남,18세,중상
2017050100100053,2017년 5월 1일 04시,월요일,광주광역시 서구 유촌동,경상사고,0,0,2,0,차대차 - 추돌,안전운전불이행,건조,맑음,단일로 - 기타,승용,남,35세,상해없음,승용,남,35세,상해없음
2017050100100162,2017년 5월 1일 10시,월요일,광주광역시 광산구 산정동,경상사고,0,0,1,0,차대차 - 측면충돌,안전운전불이행,건조,맑음,교차로 - 교차로부근,승합,여,36세,상해없음,원동기,남,50세,경상
2017050100100191,2017년 5월 1일 11시,월요일,광주광역시 서구 광천동,경상사고,0,0,1,0,차대차 - 측면충돌,안전운전불이행,건조,맑음,단일로 - 기타,승용,남,24세,상해없음,승용,남,59세,경상
2017050100100192,2017년 5월 1일 11시,월요일,광주광역시 광산구 산정동,중상사고,0,1,0,0,차대차 - 측면충돌,안전거리미확보,건조,맑음,교차로 - 교차로부근,승용,여,40세,상해없음,이륜,남,40세,중상
2017050100100230,2017년 5월 1일 12시,월요일,광주광역시 남구 주월동,경상사고,0,0,1,0,차대차 - 측면충돌,안전거리미확보,건조,맑음,단일로 - 기타,승용,남,62세,상해없음,승합,남,59세,상해없음
2017050100100231,2017년 5월 1일 12시,월요일,광주광역시 북구 오치동,경상사고,0,0,1,0,차대사람 - 횡단중,보행자보호의무위반,건조,맑음,교차로 - 교차로횡단보도내,승용,남,46세,상해없음,보행자,남,53세,경상
2017050100100232,2017년 5월 1일 12시,월요일,광주광역시 북구 동림동,경상사고,0,0,2,0,차대차 - 측면충돌,안전운전불이행,건조,맑음,단일로 - 기타,승용,남,63세,경상,승용,남,38세,경상
2017050100100344,2017년 5월 1일 15시,월요일,광주광역시 서구 풍암동,중상사고,0,1,0,0,차대사람 - 횡단중,보행자보호의무위반,건조,맑음,단일로 - 기타,승용,남,54세,상해없음,보행자,여,64세,중상
2017050100100419,2017년 5월 1일 17시,월요일,광주광역시 남구 주월동,부상신고사고,0,0,0,1,차대차 - 측면충돌,안전운전불이행,건조,맑음,단일로 - 기타,승용,남,66세,상해없음,이륜,남,22세,부상신고
2017050100100420,2017년 5월 1일 17시,월요일,광주광역시 광산구 우산동,중상사고,0,1,0,0,차대차 - 기타,안전운전불이행,건조,맑음,단일로 - 기타,자전거,남,8세,중상,승용,남,44세,상해없음
2017050100100450,2017년 5월 1일 18시,월요일,광주광역시 동구 학동,경상사고,0,0,5,0,차대차 - 추돌,안전운전불이행,건조,맑음,단일로 - 기타,승용,남,54세,상해없음,승용,남,65세,경상
2017050100100451,2017년 5월 1일 18시,월요일,광주광역시 광산구 월계동,경상사고,0,0,1,0,차대사람 - 횡단중,보행자보호의무위반,건조,맑음,기타 - 기타,승용,남,30세,상해없음,보행자,남,43세,경상
2017050100100522,2017년 5월 1일 20시,월요일,광주광역시 남구 봉선동,경상사고,0,0,1,0,차대사람 - 횡단중,안전운전불이행,건조,맑음,단일로 - 기타,화물,남,58세,상해없음,보행자,남,42세,경상
2017050100100544,2017년 5월 1일 21시,월요일,광주광역시 남구 진월동,부상신고사고,0,0,0,1,차대차 - 측면충돌,안전거리미확보,건조,맑음,단일로 - 기타,승용,남,27세,상해없음,이륜,남,23세,부상신고
2017050100100545,2017년 5월 1일 21시,월요일,광주광역시 북구 운암동,사망사고,1,0,0,0,차대사람 - 기타,안전운전불이행,건조,맑음,기타 - 기타,승용,남,53세,상해없음,보행자,남,9세,사망
2017050100100569,2017년 5월 1일 22시,월요일,광주광역시 동구 서석동,중상사고,0,1,1,0,차대차 - 기타,안전운전불이행,건조,맑음,교차로 - 교차로안,승용,남,27세,상해없음,이륜,남,18세,경상
2017050200100071,2017년 5월 2일 06시,화요일,광주광역시 서구 화정동,중상사고,0,1,0,0,차대차 - 측면충돌,안전운전불이행,건조,맑음,교차로 - 교차로부근,승용,남,55세,상해없음,자전거,남,68세,중상
2017050200100072,2017년 5월 2일 06시,화요일,광주광역시 서구 풍암동,경상사고,0,0,1,0,차대차 - 측면충돌,안전운전불이행,건조,맑음,교차로 - 교차로부근,승용,남,44세,기타불명,화물,남,58세,상해없음
2017050200100101,2017년 5월 2일 07시,화요일,광주광역시 북구 풍향동,경상사고,0,0,1,0,차대차 - 측면충돌,안전운전불이행,건조,맑음,단일로 - 기타,자전거,남,14세,경상,승용,여,57세,상해없음
2017050200100140,2017년 5월 2일 08시,화요일,광주광역시 동구 소태동,중상사고,0,1,0,0,차대사람 - 횡단중,안전운전불이행,건조,맑음,단일로 - 기타,승용,여,40세,상해없음,보행자,여,79세,중상
2017050200100180,2017년 5월 2일 09시,화요일,광주광역시 남구 양림동,경상사고,0,0,1,0,차대차 - 측면충돌,교차로운행방법위반,건조,맑음,교차로 - 교차로안,승용,여,58세,상해없음,승용,여,31세,경상
2017050200100181,2017년 5월 2일 09시,화요일,광주광역시 북구 유동,중상사고,0,1,0,0,차대사람 - 횡단중,안전운전불이행,건조,맑음,단일로 - 기타,승용,남,74세,상해없음,보행자,여,69세,중상
2017050200100258,2017년 5월 2일 12시,화요일,광주광역시 광산구 운남동,경상사고,0,0,1,0,차대차 - 측면충돌,안전거리미확보,건조,맑음,단일로 - 기타,승용,남,23세,상해없음,원동기,남,34세,경상
2017050200100289,2017년 5월 2일 13시,화요일,광주광역시 남구 월산동,경상사고,0,0,3,0,차대차 - 추돌,안전거리미확보,건조,맑음,교차로 - 교차로부근,승용,여,34세,상해없음,이륜,남,30세,경상
2017050200100346,2017년 5월 2일 15시,화요일,광주광역시 서구 마륵동,경상사고,0,0,2,0,차대차 - 기타,안전운전불이행,건조,맑음,단일로 - 기타,승합,남,69세,상해없음,승용,남,40세,경상
2017050200100347,2017년 5월 2일 15시,화요일,광주광역시 서구 광천동,경상사고,0,0,1,0,차대차 - 기타,안전운전불이행,건조,맑음,단일로 - 기타,승용,남,46세,상해없음,승용,여,57세,경상
2017050200100387,2017년 5월 2일 16시,화요일,광주광역시 남구 백운동,경상사고,0,0,2,0,차대차 - 측면충돌,교차로운행방법위반,건조,맑음,교차로 - 교차로부근,승용,여,56세,상해없음,승용,남,68세,경상
2017050200100388,2017년 5월 2일 16시,화요일,광주광역시 북구 신용동,경상사고,0,0,2,0,차대차 - 측면충돌,안전운전불이행,건조,맑음,교차로 - 교차로부근,승용,남,55세,상해없음,자전거,남,13세,경상
2017050200100438,2017년 5월 2일 17시,화요일,광주광역시 동구 산수동,중상사고,0,1,1,0,차량단독 - 기타,안전운전불이행,건조,맑음,단일로 - 기타,승용,남,70세,경상,,,,
2017050200100439,2017년 5월 2일 17시,화요일,광주광역시 서구 금호동,경상사고,0,0,1,0,차대차 - 측면충돌,안전운전불이행,건조,맑음,단일로 - 기타,승용,남,45세,기타불명,자전거,남,13세,경상
2017050200100440,2017년 5월 2일 17시,화요일,광주광역시 광산구 산월동,경상사고,0,0,1,0,차대차 - 측면충돌,안전거리미확보,건조,맑음,단일로 - 기타,승용,남,39세,경상,승용,남,32세,상해없음
2017050200100523,2017년 5월 2일 19시,화요일,광주광역시 동구 소태동,경상사고,0,0,1,0,차대차 - 정면충돌,중앙선침범,건조,맑음,단일로 - 기타,승용,여,40세,상해없음,원동기,남,20세,경상
2017050200100524,2017년 5월 2일 19시,화요일,광주광역시 서구 광천동,경상사고,0,0,1,0,차대차 - 추돌,안전거리미확보,건조,맑음,단일로 - 기타,승용,남,54세,상해없음,승용,남,54세,상해없음
2017050200100525,2017년 5월 2일 19시,화요일,광주광역시 서구 치평동,경상사고,0,0,3,0,차대차 - 측면충돌,안전운전불이행,건조,맑음,단일로 - 기타,화물,남,28세,상해없음,승용,남,33세,경상
2017050200100558,2017년 5월 2일 20시,화요일,광주광역시 서구 쌍촌동,중상사고,0,1,0,0,차대차 - 기타,안전거리미확보,건조,맑음,단일로 - 기타,승용,남,62세,기타불명,이륜,남,25세,중상
2017050200100587,2017년 5월 2일 21시,화요일,광주광역시 남구 주월동,중상사고,0,1,0,0,차대차 - 정면충돌,중앙선침범,건조,맑음,단일로 - 기타,화물,남,67세,상해없음,원동기,남,30세,중상
2017050200100588,2017년 5월 2일 21시,화요일,광주광역시 북구 운암동,경상사고,0,0,2,0,차대차 - 측면충돌,안전거리미확보,건조,맑음,단일로 - 기타,승용,남,69세,경상,승용,남,38세,경상
2017050300100026,2017년 5월 3일 00시,수요일,광주광역시 남구 월산동,경상사고,0,0,1,0,차대차 - 추돌,안전운전불이행,건조,맑음,단일로 - 기타,승용,남,18세,상해없음,승용,남,38세,경상
2017050300100027,2017년 5월 3일 00시,수요일,광주광역시 북구 동림동,경상사고,0,0,1,0,차대차 - 추돌,안전거리미확보,건조,맑음,교차로 - 교차로부근,기타불명,기타불명,미분류,기타불명,승용,남,47세,경상
2017050300100028,2017년 5월 3일 00시,수요일,광주광역시 광산구 운남동,경상사고,0,0,1,0,차대차 - 추돌,기타,건조,맑음,단일로 - 기타,승용,남,42세,상해없음,승용,남,45세,경상
2017050300100053,2017년 5월 3일 02시,수요일,광주광역시 서구 농성동,경상사고,0,0,1,0,차대차 - 측면충돌,신호위반,건조,맑음,교차로 - 교차로안,승합,남,73세,상해없음,승용,남,31세,경상