사고번호,사고일시,요일,시군구,사고내용,사망자수,중상자수,경상자수,부상신고자수,사고유형,법규위반,노면상태,기상상태,도로형태,가해운전자 차종,가해운전자 성별,가해운전자 연령,가해운전자 상해정도,피해운전자 차종,피해운전자 성별,피해운전자 연령,피해운전자 상해정도
2017050300100064,2017년 5월 3일 03시,수요일,광주광역시 광산구 신창동,경상사고,0,0,1,0,차대차 - 기타,안전운전불이행,건조,맑음,단일로 - 기타,승용,남,45세,경상,승용,남,49세,기타불명
2017050300100065,2017년 5월 3일 03시,수요일,광주광역시 북구 오룡동,경상사고,0,0,1,0,차량단독 - 전도전복 - 전도,안전운전불이행,건조,맑음,단일로 - 기타,화물,여,46세,경상,,,,
2017050300100074,2017년 5월 3일 04시,수요일,광주광역시 북구 풍향동,경상사고,0,0,1,0,차대사람 - 횡단중,안전운전불이행,건조,맑음,단일로 - 기타,화물,남,59세,상해없음,보행자,남,38세,경상
2017050300100098,2017년 5월 3일 06시,수요일,광주광역시 북구 문흥동,중상사고,0,1,0,0,차대차 - 측면충돌,교차로운행방법위반,건조,맑음,교차로 - 교차로안,승용,남,69세,상해없음,자전거,남,70세,중상
2017050300100112,2017년 5월 3일 07시,수요일,광주광역시 서구 풍암동,부상신고사고,0,0,0,1,차대차 - 추돌,안전운전불이행,건조,맑음,단일로 - 기타,화물,남,49세,부상신고,화물,남,42세,기타불명
2017050300100176,2017년 5월 3일 10시,수요일,광주광역시 광산구 소촌동,경상사고,0,0,1,0,차대차 - 정면충돌,신호위반,건조,맑음,교차로 - 교차로부근,승용,여,42세,상해없음,이륜,남,64세,경상
2017050300100177,2017년 5월 3일 10시,수요일,광주광역시 광산구 월전동,경상사고,0,0,3,0,차대차 - 측면충돌,차로위반,건조,맑음,교차로 - 교차로부근,승합,남,23세,상해없음,승용,여,31세,경상
2017050300100207,2017년 5월 3일 11시,수요일,광주광역시 북구 두암동,중상사고,0,1,0,0,차대사람 - 횡단중,안전운전불이행,건조,맑음,단일로 - 기타,승용,여,60세,상해없음,보행자,여,69세,중상
2017050300100208,2017년 5월 3일 11시,수요일,광주광역시 광산구 월계동,경상사고,0,0,1,0,차대사람 - 횡단중,안전운전불이행,건조,맑음,단일로 - 기타,승용,남,59세,상해없음,보행자,여,11세,경상
2017050300100235,2017년 5월 3일 12시,수요일,광주광역시 서구 치평동,경상사고,0,0,1,0,차대차 - 측면충돌,안전운전불이행,건조,맑음,교차로 - 교차로부근,이륜,남,36세,상해없음,이륜,남,34세,경상
2017050300100302,2017년 5월 3일 14시,수요일,광주광역시 서구 금호동,경상사고,0,0,1,0,차대사람 - 횡단중,안전운전불이행,건조,맑음,단일로 - 기타,승합,남,57세,상해없음,보행자,남,66세,경상
2017050300100417,2017년 5월 3일 17시,수요일,광주광역시 서구 동천동,경상사고,0,0,3,0,차대차 - 측면충돌,직진우회전진행방해,건조,맑음,교차로 - 교차로안,승용,남,57세,경상,승용,남,61세,경상
2017050300100473,2017년 5월 3일 19시,수요일,광주광역시 서구 양동,경상사고,0,0,1,0,차대차 - 측면충돌,안전거리미확보,건조,맑음,단일로 - 기타,승용,여,65세,상해없음,원동기,남,46세,경상
2017050300100505,2017년 5월 3일 20시,수요일,광주광역시 서구 치평동,중상사고,0,3,0,0,차대차 - 측면충돌,교차로운행방법위반,건조,맑음,교차로 - 교차로안,승용,남,57세,상해없음,승용,남,53세,중상
2017050300100506,2017년 5월 3일 20시,수요일,광주광역시 광산구 수완동,중상사고,0,1,0,0,차대사람 - 횡단중,안전운전불이행,건조,맑음,단일로 - 기타,승용,여,33세,기타불명,보행자,여,65세,중상
2017050300100526,2017년 5월 3일 21시,수요일,광주광역시 광산구 장덕동,중상사고,0,1,0,0,차대차 - 측면충돌,안전운전불이행,건조,맑음,교차로 - 교차로안,승용,남,25세,상해없음,이륜,남,21세,중상
2017050300100551,2017년 5월 3일 22시,수요일,광주광역시 광산구 월계동,경상사고,0,0,1,0,차대차 - 추돌,안전운전불이행,건조,맑음,교차로 - 교차로부근,승용,남,49세,상해없음,화물,남,43세,경상
2017050400100072,2017년 5월 4일 05시,목요일,광주광역시 북구 각화동,사망사고,1,0,0,0,차대사람 - 횡단중,신호위반,건조,맑음,교차로 - 교차로부근,화물,남,58세,상해없음,보행자,여,77세,사망
2017050400100089,2017년 5월 4일 06시,목요일,광주광역시 광산구 우산동,사망사고,1,0,0,0,차대사람 - 횡단중,보행자보호의무위반,건조,맑음,교차로 - 교차로부근,화물,남,61세,상해없음,보행자,남,84세,사망
2017050400100139,2017년 5월 4일 08시,목요일,광주광역시 서구 광천동,경상사고,0,0,1,0,차대차 - 측면충돌,안전운전불이행,건조,맑음,단일로 - 기타,건설기계,남,56세,상해없음,승용,남,61세,경상
2017050400100140,2017년 5월 4일 08시,목요일,광주광역시 광산구 선암동,경상사고,0,0,4,0,차대차 - 측면충돌,교차로운행방법위반,건조,맑음,교차로 - 교차로안,승용,여,57세,경상,승용,여,58세,경상
2017050400100211,2017년 5월 4일 10시,목요일,광주광역시 광산구 신창동,중상사고,0,1,0,0,차대차 - 정면충돌,안전운전불이행,건조,맑음,교차로 - 교차로안,자전거,남,72세,중상,승용,남,47세,상해없음
2017050400100283,2017년 5월 4일 12시,목요일,광주광역시 북구 우산동,경상사고,0,0,1,0,차대사람 - 횡단중,안전운전불이행,건조,맑음,기타 - 기타,승용,여,59세,상해없음,보행자,남,57세,경상
2017050400100306,2017년 5월 4일 13시,목요일,광주광역시 동구 금남로5가,경상사고,0,0,1,0,차대차 - 기타,차로위반,건조,맑음,교차로 - 교차로안,승용,남,56세,상해없음,승용,여,33세,경상
2017050400100307,2017년 5월 4일 13시,목요일,광주광역시 서구 쌍촌동,경상사고,0,0,3,0,차대차 - 측면충돌,안전운전불이행,건조,맑음,단일로 - 기타,승용,여,29세,상해없음,승용,남,29세,경상
2017050400100425,2017년 5월 4일 16시,목요일,광주광역시 동구 지산동,경상사고,0,0,1,0,차량단독 - 공작물충돌,안전운전불이행,건조,맑음,단일로 - 기타,승용,남,37세,경상,,,,
2017050400100495,2017년 5월 4일 18시,목요일,광주광역시 동구 학동,경상사고,0,0,2,0,차대차 - 측면충돌,안전운전불이행,건조,맑음,단일로 - 기타,이륜,남,20세,경상,승용,여,32세,경상
2017050400100535,2017년 5월 4일 19시,목요일,광주광역시 서구 덕흥동,경상사고,0,0,1,0,차대차 - 측면충돌,중앙선침범,건조,맑음,단일로 - 기타,승용,여,48세,상해없음,승용,남,44세,경상
2017050400100565,2017년 5월 4일 20시,목요일,광주광역시 서구 금호동,경상사고,0,0,2,0,차대차 - 추돌,안전운전불이행,건조,맑음,교차로 - 교차로부근,승용,남,39세,기타불명,승용,여,55세,경상
2017050400100595,2017년 5월 4일 21시,목요일,광주광역시 서구 광천동,경상사고,0,0,1,0,차대사람 - 기타,기타,젖음/습기,비,단일로 - 기타,승합,남,37세,상해없음,보행자,여,21세,경상
2017050400100596,2017년 5월 4일 21시,목요일,광주광역시 남구 행암동,경상사고,0,0,1,0,차대차 - 추돌,차로위반,건조,맑음,단일로 - 기타,화물,여,46세,상해없음,승용,남,33세,경상
2017050400100619,2017년 5월 4일 22시,목요일,광주광역시 서구 쌍촌동,경상사고,0,0,1,0,차대사람 - 횡단중,안전운전불이행,건조,맑음,단일로 - 기타,승용,남,59세,상해없음,보행자,남,28세,경상
2017050400100620,2017년 5월 4일 22시,목요일,광주광역시 광산구 수완동,경상사고,0,0,1,0,차대차 - 정면충돌,불법유턴,건조,맑음,단일로 - 기타,승용,남,51세,상해없음,승용,남,25세,경상
2017050400100643,2017년 5월 4일 23시,목요일,광주광역시 광산구 신가동,경상사고,0,0,2,0,차대차 - 추돌,안전운전불이행,건조,맑음,교차로 - 교차로부근,승용,남,42세,상해없음,승용,남,34세,경상
2017050500100045,2017년 5월 5일 01시,금요일,광주광역시 동구 광산동,중상사고,0,1,0,0,차대사람 - 기타,안전운전불이행,젖음/습기,비,단일로 - 기타,승용,남,20세,상해없음,보행자,남,32세,중상
2017050500100058,2017년 5월 5일 02시,금요일,광주광역시 광산구 산정동,경상사고,0,0,2,0,차대차 - 측면충돌,교차로운행방법위반,건조,맑음,교차로 - 교차로안,승용,남,30세,상해없음,승용,남,43세,경상
2017050500100065,2017년 5월 5일 03시,금요일,광주광역시 광산구 우산동,경상사고,0,0,1,0,차대차 - 측면충돌,안전운전불이행,젖음/습기,비,교차로 - 교차로부근,승용,남,32세,상해없음,승용,여,21세,경상
2017050500100073,2017년 5월 5일 04시,금요일,광주광역시 광산구 월계동,중상사고,0,1,1,0,차대차 - 측면충돌,신호위반,건조,맑음,교차로 - 교차로안,승용,남,23세,상해없음,승용,남,40세,경상
2017050500100084,2017년 5월 5일 05시,금요일,광주광역시 북구 일곡동,경상사고,0,0,2,0,차량단독 - 공작물충돌,안전운전불이행,젖음/습기,맑음,단일로 - 기타,승용,남,22세,경상,,,,
2017050500100107,2017년 5월 5일 07시,금요일,광주광역시 광산구 산월동,경상사고,0,0,2,0,차대차 - 추돌,안전운전불이행,건조,맑음,교차로 - 교차로부근,승용,여,33세,경상,승용,남,47세,경상
2017050500100230,2017년 5월 5일 12시,금요일,광주광역시 북구 우산동,경상사고,0,0,1,0,차대차 - 측면충돌,안전거리미확보,건조,맑음,단일로 - 기타,이륜,남,67세,경상,승용,남,63세,상해없음
2017050500100290,2017년 5월 5일 14시,금요일,광주광역시 서구 화정동,중상사고,0,1,0,0,차대사람 - 횡단중,보행자보호의무위반,건조,맑음,교차로 - 교차로안,승합,남,29세,상해없음,보행자,남,4세,중상
2017050500100291,2017년 5월 5일 14시,금요일,광주광역시 서구 쌍촌동,경상사고,0,0,2,0,차대차 - 기타,안전운전불이행,건조,맑음,단일로 - 기타,승용,남,38세,상해없음,승용,남,25세,경상
2017050500100292,2017년 5월 5일 14시,금요일,광주광역시 광산구 송정동,경상사고,0,0,1,0,차대차 - 측면충돌,안전운전불이행,건조,맑음,단일로 - 기타,승용,남,38세,상해없음,자전거,남,13세,경상
2017050500100361,2017년 5월 5일 16시,금요일,광주광역시 동구 동명동,경상사고,0,0,1,0,차대차 - 측면충돌,불법유턴,젖음/습기,비,교차로 - 교차로횡단보도내,자전거,여,60세,경상,화물,남,34세,상해없음
2017050500100362,2017년 5월 5일 16시,금요일,광주광역시 북구 문흥동,경상사고,0,0,1,0,차대사람 - 횡단중,보행자보호의무위반,젖음/습기,비,교차로 - 교차로안,승용,남,69세,상해없음,보행자,여,12세,경상
2017050500100501,2017년 5월 5일 20시,금요일,광주광역시 동구 학동,중상사고,0,1,0,0,차대사람 - 횡단중,안전운전불이행,젖음/습기,비,교차로 - 교차로안,이륜,남,72세,상해없음,보행자,여,32세,중상
2017050500100502,2017년 5월 5일 20시,금요일,광주광역시 북구 중흥동,경상사고,0,0,1,0,차대차 - 측면충돌,안전운전불이행,젖음/습기,비,단일로 - 기타,이륜,남,47세,경상,승용,남,35세,상해없음
2017050500100503,2017년 5월 5일 20시,금요일,광주광역시 북구 두암동,경상사고,0,0,2,0,차대차 - 측면충돌,직진우회전진행방해,젖음/습기,비,교차로 - 교차로안,승용,여,31세,상해없음,승용,남,39세,경상
2017050500100504,2017년 5월 5일 20시,금요일,광주광역시 광산구 운남동,경상사고,0,0,2,0,차대차 - 정면충돌,안전거리미확보,젖음/습기,비,단일로 - 기타,화물,남,63세,상해없음,승용,남,28세,경상
2017050500100505,2017년 5월 5일 20시,금요일,광주광역시 광산구 흑석동,중상사고,0,1,0,0,차대사람 - 횡단중,신호위반,젖음/습기,비,교차로 - 교차로안,이륜,남,49세,상해없음,보행자,남,18세,중상
2017050500100534,2017년 5월 5일 21시,금요일,광주광역시 북구 용봉동,경상사고,0,0,1,0,차대사람 - 횡단중,안전운전불이행,건조,맑음,교차로 - 교차로부근,승용,남,68세,상해없음,보행자,여,73세,경상
2017050500100551,2017년 5월 5일 22시,금요일,광주광역시 광산구 수완동,경상사고,0,0,3,0,차대차 - 측면충돌,안전운전불이행,젖음/습기,비,단일로 - 기타,화물,남,42세,상해없음,승용,남,33세,경상
2017050600100015,2017년 5월 6일 00시,토요일,광주광역시 북구 양산동,경상사고,0,0,1,0,차대사람 - 횡단중,안전운전불이행,건조,맑음,단일로 - 기타,승용,남,41세,상해없음,보행자,남,49세,경상
2017050600100016,2017년 5월 6일 00시,토요일,광주광역시 북구 용봉동,부상신고사고,0,0,0,1,차대사람 - 횡단중,안전운전불이행,건조,맑음,단일로 - 기타,이륜,남,20세,상해없음,보행자,남,23세,부상신고
2017050600100046,2017년 5월 6일 03시,토요일,광주광역시 북구 용봉동,사망사고,1,0,0,0,차대사람 - 횡단중,과속,건조,흐림,교차로 - 교차로안,승용,남,21세,상해없음,보행자,남,20세,사망
2017050600100091,2017년 5월 6일 07시,토요일,광주광역시 광산구 신가동,경상사고,0,0,1,0,차대차 - 측면충돌,안전운전불이행,건조,맑음,교차로 - 교차로안,승용,남,33세,상해없음,자전거,남,75세,경상
2017050600100113,2017년 5월 6일 08시,토요일,광주광역시 서구 치평동,경상사고,0,0,1,0,차대차 - 측면충돌,교차로운행방법위반,건조,맑음,교차로 - 교차로안,승용,여,57세,상해없음,승용,남,45세,경상
2017050600100114,2017년 5월 6일 08시,토요일,광주광역시 북구 운암동,중상사고,0,1,1,0,차대차 - 측면충돌,신호위반,건조,맑음,교차로 - 교차로안,승용,여,49세,중상,화물,남,42세,경상
2017050600100141,2017년 5월 6일 09시,토요일,광주광역시 광산구 신가동,경상사고,0,0,1,0,차대차 - 측면충돌,안전운전불이행,건조,맑음,단일로 - 기타,이륜,남,18세,경상,승용,여,43세,상해없음
2017050600100166,2017년 5월 6일 10시,토요일,광주광역시 서구 금호동,경상사고,0,0,2,0,차대차 - 추돌,안전운전불이행,건조,맑음,교차로 - 교차로부근,승용,남,25세,상해없음,승용,여,37세,경상
2017050600100200,2017년 5월 6일 11시,토요일,광주광역시 북구 운암동,중상사고,0,1,0,0,차대사람 - 횡단중,안전운전불이행,건조,맑음,단일로 - 기타,승용,남,43세,상해없음,보행자,여,62세,중상
2017050600100252,2017년 5월 6일 13시,토요일,광주광역시 서구 화정동,경상사고,0,0,2,0,차대차 - 기타,안전운전불이행,건조,맑음,단일로 - 기타,승용,여,40세,상해없음,승용,남,24세,경상
2017050600100298,2017년 5월 6일 14시,토요일,광주광역시 북구 용봉동,경상사고,0,0,1,0,차대차 - 측면충돌,안전거리미확보,건조,맑음,단일로 - 기타,승용,남,56세,상해없음,승용,남,25세,경상
2017050600100333,2017년 5월 6일 15시,토요일,광주광역시 북구 용봉동,중상사고,0,1,7,0,차대차 - 측면충돌,안전운전불이행,건조,맑음,교차로 - 교차로안,승합,남,60세,경상,승용,남,56세,중상
2017050600100371,2017년 5월 6일 16시,토요일,광주광역시 서구 쌍촌동,경상사고,0,0,1,0,차대차 - 측면충돌,차로위반,건조,맑음,단일로 - 기타,승용,남,68세,상해없음,이륜,남,21세,경상
2017050600100372,2017년 5월 6일 16시,토요일,광주광역시 남구 봉선동,경상사고,0,0,1,0,차대사람 - 횡단중,안전운전불이행,건조,맑음,기타 - 기타,승용,남,60세,상해없음,보행자,남,42세,경상
2017050600100403,2017년 5월 6일 17시,토요일,광주광역시 북구 각화동,경상사고,0,0,1,0,차대차 - 정면충돌,안전운전불이행,건조,맑음,단일로 - 기타,승합,남,55세,상해없음,승용,남,73세,상해없음
2017050600100429,2017년 5월 6일 18시,토요일,광주광역시 북구 양산동,경상사고,0,0,1,0,차대차 - 측면충돌,차로위반,건조,맑음,단일로 - 기타,승용,남,63세,상해없음,승합,남,42세,상해없음
2017050600100461,2017년 5월 6일 19시,토요일,광주광역시 광산구 월계동,경상사고,0,0,1,0,차대사람 - 횡단중,안전운전불이행,건조,맑음,교차로 - 교차로안,승용,남,51세,상해없음,보행자,남,59세,경상
2017050600100521,2017년 5월 6일 21시,토요일,광주광역시 광산구 신창동,경상사고,0,0,2,0,차대사람 - 횡단중,안전운전불이행,건조,맑음,교차로 - 교차로부근,승용,남,23세,상해없음,보행자,남,32세,경상
2017050600100540,2017년 5월 6일 22시,토요일,광주광역시 동구 학동,경상사고,0,0,2,0,차대차 - 추돌,안전운전불이행,건조,맑음,단일로 - 기타,승용,여,45세,상해없음,화물,여,47세,경상
2017050600100554,2017년 5월 6일 23시,토요일,광주광역시 광산구 신창동,중상사고,0,1,0,0,차대차 - 측면충돌,안전운전불이행,건조,맑음,교차로 - 교차로안,승용,남,36세,상해없음,이륜,남,18세,중상
2017050700100047,2017년 5월 7일 02시,일요일,광주광역시 서구 금호동,중상사고,0,1,0,0,차량단독 - 공작물충돌,안전운전불이행,건조,기타,단일로 - 기타,승용,남,30세,중상,,,,
2017050700100053,2017년 5월 7일 03시,일요일,광주광역시 북구 풍향동,경상사고,0,0,2,0,차대차 - 정면충돌,신호위반,건조,맑음,교차로 - 교차로안,승용,남,19세,상해없음,승용,남,43세,경상
2017050700100175,2017년 5월 7일 12시,일요일,광주광역시 서구 치평동,중상사고,0,1,1,0,차대차 - 측면충돌,신호위반,건조,맑음,교차로 - 교차로안,이륜,남,40세,중상,승용,여,38세,경상
2017050700100196,2017년 5월 7일 13시,일요일,광주광역시 서구 치평동,경상사고,0,0,5,0,차대차 - 추돌,안전운전불이행,건조,맑음,교차로 - 교차로부근,승용,남,65세,상해없음,승용,남,62세,경상
2017050700100227,2017년 5월 7일 14시,일요일,광주광역시 남구 송하동,경상사고,0,0,1,0,차대차 - 측면충돌,안전거리미확보,건조,맑음,단일로 - 기타,승용,여,34세,상해없음,승용,남,38세,경상
2017050700100256,2017년 5월 7일 15시,일요일,광주광역시 북구 중흥동,경상사고,0,0,3,1,차대차 - 측면충돌,교차로운행방법위반,건조,맑음,교차로 - 교차로안,승용,남,34세,경상,승용,남,34세,경상
2017050700100311,2017년 5월 7일 17시,일요일,광주광역시 북구 문흥동,경상사고,0,0,1,0,차대차 - 기타,안전운전불이행,건조,맑음,단일로 - 기타,이륜,남,18세,경상,승용,남,64세,상해없음
2017050700100312,2017년 5월 7일 17시,일요일,광주광역시 광산구 송촌동,경상사고,0,0,1,0,차량단독 - 기타,안전운전불이행,건조,맑음,단일로 - 기타,이륜,남,28세,경상,,,,
2017050700100337,2017년 5월 7일 18시,일요일,광주광역시 광산구 송정동,중상사고,0,1,2,0,차대차 - 측면충돌,교차로운행방법위반,건조,맑음,교차로 - 교차로안,이륜,남,25세,중상,승용,여,43세,경상
2017050700100338,2017년 5월 7일 18시,일요일,광주광역시 광산구 송정동,경상사고,0,0,2,0,차대차 - 추돌,안전운전불이행,건조,맑음,단일로 - 지하차도(도로)내,승용,남,29세,상해없음,승용,남,47세,경상
2017050700100361,2017년 5월 7일 19시,일요일,광주광역시 서구 유촌동,경상사고,0,0,7,0,차대차 - 측면충돌,신호위반,건조,맑음,교차로 - 교차로안,승용,남,42세,경상,승용,남,28세,경상
2017050700100414,2017년 5월 7일 21시,일요일,광주광역시 광산구 신가동,경상사고,0,0,3,0,차대차 - 측면충돌,중앙선침범,건조,맑음,단일로 - 기타,승용,남,50세,경상,승용,남,34세,경상
2017050700100439,2017년 5월 7일 22시,일요일,광주광역시 북구 운암동,사망사고,1,0,0,0,차대사람 - 횡단중,안전운전불이행,건조,맑음,교차로 - 교차로부근,승합,남,60세,상해없음,보행자,남,73세,사망
2017050800100062,2017년 5월 8일 06시,월요일,광주광역시 서구 화정동,중상사고,0,1,0,0,차대차 - 측면충돌,차로위반,건조,맑음,단일로 - 기타,이륜,남,59세,중상,승용,남,54세,상해없음
2017050800100089,2017년 5월 8일 07시,월요일,광주광역시 북구 오치동,부상신고사고,0,0,0,1,차대차 - 추돌,안전운전불이행,건조,맑음,단일로 - 기타,승용,남,65세,상해없음,승용,남,57세,부상신고
2017050800100090,2017년 5월 8일 07시,월요일,광주광역시 북구 운암동,경상사고,0,0,1,0,차대사람 - 기타,안전운전불이행,건조,맑음,단일로 - 기타,승합,남,43세,상해없음,보행자,여,66세,경상
2017050800100136,2017년 5월 8일 08시,월요일,광주광역시 서구 쌍촌동,경상사고,0,0,2,0,차대차 - 기타,안전거리미확보,건조,맑음,교차로 - 교차로부근,화물,남,40세,경상,승용,남,31세,경상
2017050800100137,2017년 5월 8일 08시,월요일,광주광역시 북구 중흥동,경상사고,0,0,2,0,차대차 - 기타,신호위반,건조,맑음,교차로 - 교차로안,화물,남,69세,상해없음,승용,여,45세,경상
2017050800100138,2017년 5월 8일 08시,월요일,광주광역시 광산구 신가동,경상사고,0,0,1,0,차대사람 - 횡단중,안전운전불이행,건조,맑음,교차로 - 교차로부근,승용,여,25세,상해없음,보행자,여,42세,경상
2017050800100139,2017년 5월 8일 08시,월요일,광주광역시 광산구 산수동,중상사고,0,1,1,0,차대차 - 측면충돌,안전운전불이행,건조,맑음,단일로 - 기타,승용,여,39세,중상,화물,남,56세,경상
2017050800100177,2017년 5월 8일 09시,월요일,광주광역시 서구 쌍촌동,경상사고,0,0,1,0,차대사람 - 횡단중,중앙선침범,건조,맑음,단일로 - 기타,승용,여,35세,상해없음,보행자,여,34세,경상
2017050800100215,2017년 5월 8일 10시,월요일,광주광역시 광산구 선암동,중상사고,0,1,1,0,차대차 - 정면충돌,중앙선침범,건조,맑음,단일로 - 지하차도(도로)내,승용,남,37세,상해없음,승용,남,51세,중상
2017050800100245,2017년 5월 8일 11시,월요일,광주광역시 광산구 장덕동,경상사고,0,0,1,0,차대차 - 추돌,안전운전불이행,건조,맑음,교차로 - 교차로부근,기타불명,기타불명,미분류,기타불명,승용,여,51세,경상
2017050800100269,2017년 5월 8일 12시,월요일,광주광역시 서구 광천동,경상사고,0,0,1,0,차량단독 - 기타,안전운전불이행,건조,맑음,교차로 - 교차로부근,승합,남,48세,상해없음,,,,
2017050800100288,2017년 5월 8일 13시,월요일,광주광역시 광산구 운남동,중상사고,0,2,0,0,차대차 - 측면충돌,안전거리미확보,건조,맑음,교차로 - 교차로부근,승용,남,39세,상해없음,승용,남,62세,상해없음
2017050800100329,2017년 5월 8일 14시,월요일,광주광역시 광산구 우산동,경상사고,0,0,1,0,차대차 - 추돌,안전운전불이행,건조,맑음,단일로 - 기타,화물,남,62세,상해없음,화물,남,45세,경상
2017050800100372,2017년 5월 8일 15시,월요일,광주광역시 북구 양산동,경상사고,0,0,2,0,차대차 - 추돌,안전운전불이행,건조,맑음,단일로 - 기타,승용,남,60세,상해없음,승용,남,36세,경상
2017050800100413,2017년 5월 8일 16시,월요일,광주광역시 서구 풍암동,경상사고,0,0,3,0,차대차 - 측면충돌,교차로운행방법위반,건조,맑음,교차로 - 교차로안,승용,여,54세,경상,승용,여,45세,경상
2017050800100414,2017년 5월 8일 16시,월요일,광주광역시 서구 풍암동,경상사고,0,0,1,0,차대사람 - 횡단중,안전운전불이행,건조,맑음,단일로 - 기타,승용,여,47세,상해없음,보행자,여,39세,경상
2017050800100415,2017년 5월 8일 16시,월요일,광주광역시 북구 양산동,경상사고,0,0,1,0,차대차 - 측면충돌,차로위반,건조,맑음,단일로 - 기타,승용,남,32세,상해없음,승용,남,53세,경상
2017050800100416,2017년 5월 8일 16시,월요일,광주광역시 광산구 월곡동,중상사고,0,1,0,0,차대사람 - 횡단중,안전운전불이행,건조,맑음,교차로 - 교차로안,승합,남,61세,상해없음,보행자,남,80세,중상
2017050800100455,2017년 5월 8일 17시,월요일,광주광역시 동구 동명동,경상사고,0,0,2,0,차대차 - 추돌,안전거리미확보,건조,맑음,교차로 - 교차로부근,승용,남,47세,상해없음,승용,여,51세,경상
2017050800100456,2017년 5월 8일 17시,월요일,광주광역시 북구 두암동,경상사고,0,0,1,0,차대사람 - 횡단중,안전운전불이행,건조,맑음,단일로 - 기타,승합,남,52세,상해없음,보행자,남,19세,경상
2017050800100495,2017년 5월 8일 18시,월요일,광주광역시 북구 삼각동,중상사고,0,1,0,0,차대사람 - 횡단중,보행자보호의무위반,건조,맑음,교차로 - 교차로횡단보도내,승용,여,44세,상해없음,보행자,남,22세,중상
2017050800100533,2017년 5월 8일 19시,월요일,광주광역시 북구 용봉동,경상사고,0,0,1,0,차대사람 - 횡단중,안전운전불이행,건조,맑음,단일로 - 기타,승용,여,34세,상해없음,보행자,여,27세,경상
2017050800100598,2017년 5월 8일 21시,월요일,광주광역시 동구 산수동,경상사고,0,0,5,0,차대차 - 측면충돌,안전운전불이행,건조,맑음,단일로 - 기타,승용,남,42세,경상,승용,남,29세,경상
2017050800100599,2017년 5월 8일 21시,월요일,광주광역시 광산구 수완동,경상사고,0,0,1,0,차대차 - 정면충돌,안전운전불이행,건조,흐림,교차로 - 교차로안,이륜,남,54세,경상,승용,여,43세,상해없음
2017050800100640,2017년 5월 8일 23시,월요일,광주광역시 남구 구동,경상사고,0,0,7,0,차대차 - 추돌,안전거리미확보,젖음/습기,비,교차로 - 교차로부근,승용,남,33세,상해없음,승용,여,30세,경상
2017050800100641,2017년 5월 8일 23시,월요일,광주광역시 북구 운암동,중상사고,0,1,3,0,차대차 - 기타,신호위반,건조,맑음,교차로 - 교차로안,승용,남,64세,상해없음,승용,남,55세,경상
2017050900100042,2017년 5월 9일 01시,화요일,광주광역시 북구 두암동,경상사고,0,0,1,0,차대차 - 측면충돌,불법유턴,건조,맑음,단일로 - 기타,승용,남,59세,상해없음,원동기,남,16세,경상
2017050900100050,2017년 5월 9일 02시,화요일,광주광역시 광산구 하남동,중상사고,0,1,2,0,차대차 - 측면충돌,신호위반,젖음/습기,비,교차로 - 교차로안,승용,남,16세,경상,승합,남,38세,중상
2017050900100080,2017년 5월 9일 05시,화요일,광주광역시 광산구 서봉동,부상신고사고,0,0,0,1,차량단독 - 공작물충돌,안전운전불이행,젖음/습기,비,단일로 - 기타,승용,여,31세,부상신고,,,,
2017050900100134,2017년 5월 9일 08시,화요일,광주광역시 서구 농성동,중상사고,0,1,0,0,차대사람 - 길가장자리구역통행중,안전운전불이행,젖음/습기,비,교차로 - 교차로부근,승용,남,38세,상해없음,보행자,여,61세,중상
2017050900100226,2017년 5월 9일 12시,화요일,광주광역시 북구 각화동,경상사고,0,0,1,0,차대차 - 기타,안전운전불이행,건조,맑음,교차로 - 교차로안,승용,남,54세,상해없음,승용,남,25세,경상
2017050900100258,2017년 5월 9일 13시,화요일,광주광역시 북구 용봉동,경상사고,0,0,1,0,차대차 - 기타,안전운전불이행,젖음/습기,비,교차로 - 교차로부근,승용,남,68세,상해없음,이륜,남,53세,경상
2017050900100259,2017년 5월 9일 13시,화요일,광주광역시 광산구 수완동,중상사고,0,1,2,0,차대차 - 측면충돌,교차로운행방법위반,건조,맑음,교차로 - 교차로안,승용,남,62세,경상,승용,여,36세,경상
2017050900100285,2017년 5월 9일 14시,화요일,광주광역시 광산구 운수동,경상사고,0,0,1,0,차대차 - 측면충돌,신호위반,젖음/습기,비,교차로 - 교차로부근,화물,남,56세,상해없음,승용,남,37세,경상
2017050900100343,2017년 5월 9일 16시,화요일,광주광역시 광산구 우산동,경상사고,0,0,2,0,차대차 - 측면충돌,안전운전불이행,건조,맑음,교차로 - 교차로안,승용,남,68세,경상,승용,여,30세,경상
2017050900100439,2017년 5월 9일 19시,화요일,광주광역시 서구 동천동,경상사고,0,0,1,0,차대차 - 측면충돌,안전운전불이행,건조,맑음,교차로 - 교차로안,승용,남,39세,상해없음,승용,남,24세,경상
2017050900100487,2017년 5월 9일 20시,화요일,광주광역시 북구 양산동,경상사고,0,0,1,0,차대사람 - 횡단중,안전운전불이행,젖음/습기,비,단일로 - 기타,승용,남,36세,상해없음,보행자,여,16세,경상
2017050900100488,2017년 5월 9일 20시,화요일,광주광역시 북구 용봉동,경상사고,0,0,1,0,차대사람 - 기타,안전운전불이행,젖음/습기,흐림,단일로 - 기타,승용,여,49세,상해없음,보행자,남,44세,경상