사고번호,사고일시,요일,시군구,사고내용,사망자수,중상자수,경상자수,부상신고자수,사고유형,법규위반,노면상태,기상상태,도로형태,가해운전자 차종,가해운전자 성별,가해운전자 연령,가해운전자 상해정도,피해운전자 차종,피해운전자 성별,피해운전자 연령,피해운전자 상해정도
2017051500100425,2017년 5월 15일 16시,월요일,광주광역시 광산구 우산동,경상사고,0,0,1,0,차대사람 - 기타,안전운전불이행,건조,맑음,단일로 - 기타,승용,남,74세,상해없음,보행자,남,62세,경상
2017051500100472,2017년 5월 15일 17시,월요일,광주광역시 서구 치평동,경상사고,0,0,1,0,차대차 - 기타,안전운전불이행,건조,맑음,교차로 - 교차로부근,승용,여,43세,상해없음,승용,남,39세,경상
2017051500100473,2017년 5월 15일 17시,월요일,광주광역시 북구 동림동,경상사고,0,0,1,0,차대차 - 측면충돌,안전거리미확보,건조,맑음,단일로 - 기타,승용,여,50세,상해없음,승용,남,40세,경상
2017051500100474,2017년 5월 15일 17시,월요일,광주광역시 광산구 장록동,중상사고,0,1,0,0,차대차 - 정면충돌,안전운전불이행,건조,맑음,단일로 - 기타,승용,남,26세,상해없음,자전거,남,60세,중상
2017051500100513,2017년 5월 15일 18시,월요일,광주광역시 남구 봉선동,경상사고,0,0,1,0,차대사람 - 기타,안전운전불이행,건조,맑음,단일로 - 기타,승용,여,49세,상해없음,보행자,남,5세,경상
2017051500100541,2017년 5월 15일 19시,월요일,광주광역시 서구 화정동,경상사고,0,0,1,0,차대사람 - 횡단중,보행자보호의무위반,건조,맑음,교차로 - 교차로횡단보도내,이륜,남,31세,상해없음,보행자,여,43세,경상
2017051500100542,2017년 5월 15일 19시,월요일,광주광역시 남구 월산동,중상사고,0,1,0,0,차대사람 - 횡단중,보행자보호의무위반,건조,맑음,교차로 - 교차로횡단보도내,승용,남,66세,상해없음,보행자,남,10세,중상
2017051500100543,2017년 5월 15일 19시,월요일,광주광역시 북구 운암동,중상사고,0,1,0,0,차대사람 - 횡단중,보행자보호의무위반,건조,맑음,교차로 - 교차로안,승합,남,66세,상해없음,보행자,남,29세,중상
2017051500100544,2017년 5월 15일 19시,월요일,광주광역시 북구 오치동,부상신고사고,0,0,0,1,차대사람 - 횡단중,안전운전불이행,건조,맑음,교차로 - 교차로부근,기타불명,기타불명,미분류,기타불명,보행자,여,32세,부상신고
2017051500100545,2017년 5월 15일 19시,월요일,광주광역시 광산구 하산동,중상사고,0,1,0,0,차대사람 - 횡단중,안전운전불이행,건조,맑음,교차로 - 교차로안,승용,남,64세,상해없음,보행자,여,73세,중상
2017051500100595,2017년 5월 15일 21시,월요일,광주광역시 북구 동림동,중상사고,0,1,0,0,차대차 - 측면충돌,교차로운행방법위반,건조,맑음,교차로 - 교차로안,승용,남,50세,상해없음,승합,남,48세,상해없음
2017051500100623,2017년 5월 15일 22시,월요일,광주광역시 남구 구동,경상사고,0,0,1,0,차대사람 - 기타,안전운전불이행,건조,맑음,주차장 - 주차장,승용,남,32세,상해없음,보행자,남,47세,경상
2017051600100029,2017년 5월 16일 00시,화요일,광주광역시 북구 운암동,경상사고,0,0,1,0,차대차 - 측면충돌,안전운전불이행,건조,맑음,단일로 - 기타,승용,남,28세,상해없음,화물,남,34세,경상
2017051600100065,2017년 5월 16일 04시,화요일,광주광역시 북구 동림동,중상사고,0,1,0,0,차대사람 - 횡단중,보행자보호의무위반,건조,맑음,교차로 - 교차로횡단보도내,승합,남,61세,상해없음,보행자,여,54세,중상
2017051600100076,2017년 5월 16일 05시,화요일,광주광역시 서구 쌍촌동,경상사고,0,0,1,0,차대차 - 측면충돌,신호위반,건조,맑음,교차로 - 교차로안,승용,남,21세,상해없음,화물,남,45세,경상
2017051600100111,2017년 5월 16일 07시,화요일,광주광역시 서구 화정동,경상사고,0,0,2,0,차대차 - 기타,안전운전불이행,건조,맑음,교차로 - 교차로부근,승용,남,24세,상해없음,승용,남,62세,경상
2017051600100155,2017년 5월 16일 08시,화요일,광주광역시 광산구 우산동,경상사고,0,0,1,0,차대차 - 측면충돌,차로위반,건조,맑음,단일로 - 기타,승용,여,51세,경상,특수,남,48세,상해없음
2017051600100194,2017년 5월 16일 09시,화요일,광주광역시 서구 내방동,경상사고,0,0,1,0,차대차 - 측면충돌,신호위반,건조,맑음,교차로 - 교차로안,승용,남,70세,상해없음,승용,여,51세,경상
2017051600100195,2017년 5월 16일 09시,화요일,광주광역시 광산구 월곡동,경상사고,0,0,2,0,차대차 - 추돌,안전운전불이행,건조,맑음,단일로 - 고가도로위,승용,여,30세,상해없음,승용,여,51세,경상
2017051600100273,2017년 5월 16일 12시,화요일,광주광역시 동구 학동,경상사고,0,0,1,0,차대차 - 측면충돌,신호위반,건조,맑음,단일로 - 기타,승용,남,44세,상해없음,이륜,남,51세,경상
2017051600100274,2017년 5월 16일 12시,화요일,광주광역시 서구 화정동,경상사고,0,0,1,0,차대사람 - 횡단중,안전운전불이행,건조,맑음,단일로 - 기타,기타불명,기타불명,미분류,기타불명,보행자,여,80세,경상
2017051600100275,2017년 5월 16일 12시,화요일,광주광역시 서구 치평동,경상사고,0,0,2,0,차대차 - 추돌,안전운전불이행,건조,맑음,단일로 - 기타,승용,남,61세,상해없음,승용,여,35세,경상
2017051600100303,2017년 5월 16일 13시,화요일,광주광역시 남구 월산동,중상사고,0,3,0,0,차대차 - 정면충돌,안전운전불이행,건조,맑음,단일로 - 기타,승용,남,75세,상해없음,승용,남,47세,중상
2017051600100333,2017년 5월 16일 14시,화요일,광주광역시 광산구 월곡동,경상사고,0,0,1,0,차대차 - 측면충돌,중앙선침범,건조,맑음,단일로 - 기타,승용,남,47세,상해없음,승합,남,37세,경상
2017051600100363,2017년 5월 16일 15시,화요일,광주광역시 서구 마륵동,중상사고,0,1,0,0,차대사람 - 횡단중,안전운전불이행,건조,맑음,교차로 - 교차로안,승용,남,54세,상해없음,보행자,여,50세,중상
2017051600100364,2017년 5월 16일 15시,화요일,광주광역시 북구 일곡동,경상사고,0,0,1,0,차대차 - 정면충돌,안전운전불이행,건조,맑음,교차로 - 교차로부근,승용,남,76세,상해없음,자전거,남,11세,경상
2017051600100365,2017년 5월 16일 15시,화요일,광주광역시 광산구 송정동,경상사고,0,0,1,0,차대차 - 추돌,안전운전불이행,건조,맑음,교차로 - 교차로부근,승합,남,68세,상해없음,승용,여,70세,경상
2017051600100402,2017년 5월 16일 16시,화요일,광주광역시 동구 학동,경상사고,0,0,1,0,차대사람 - 횡단중,안전운전불이행,건조,맑음,단일로 - 기타,승용,남,46세,상해없음,보행자,여,70세,경상
2017051600100440,2017년 5월 16일 17시,화요일,광주광역시 서구 금호동,경상사고,0,0,1,0,차대차 - 기타,기타,건조,맑음,단일로 - 기타,화물,남,37세,상해없음,승용,여,47세,경상
2017051600100481,2017년 5월 16일 18시,화요일,광주광역시 서구 광천동,경상사고,0,0,1,0,차대차 - 측면충돌,안전운전불이행,건조,맑음,단일로 - 기타,승용,남,27세,상해없음,승용,남,54세,상해없음
2017051600100482,2017년 5월 16일 18시,화요일,광주광역시 광산구 월곡동,경상사고,0,0,3,0,차대차 - 측면충돌,신호위반,건조,맑음,교차로 - 교차로안,승용,여,39세,경상,승합,남,26세,경상
2017051600100483,2017년 5월 16일 18시,화요일,광주광역시 광산구 우산동,경상사고,0,0,3,0,차대차 - 측면충돌,안전운전불이행,건조,맑음,단일로 - 기타,승용,여,44세,경상,승용,남,43세,경상
2017051600100557,2017년 5월 16일 21시,화요일,광주광역시 서구 쌍촌동,경상사고,0,0,1,0,차대사람 - 횡단중,안전운전불이행,건조,맑음,단일로 - 기타,이륜,남,18세,상해없음,보행자,여,58세,경상
2017051600100558,2017년 5월 16일 21시,화요일,광주광역시 서구 화정동,경상사고,0,0,1,0,차량단독 - 전도전복 - 전도,안전운전불이행,건조,기타,단일로 - 기타,이륜,남,39세,경상,,,,
2017051600100586,2017년 5월 16일 22시,화요일,광주광역시 남구 구동,경상사고,0,0,1,0,차대차 - 측면충돌,신호위반,건조,맑음,교차로 - 교차로부근,이륜,남,29세,상해없음,승용,남,66세,경상
2017051600100587,2017년 5월 16일 22시,화요일,광주광역시 북구 우산동,부상신고사고,0,0,0,1,차대차 - 기타,신호위반,건조,맑음,교차로 - 교차로안,승용,여,46세,상해없음,자전거,남,23세,부상신고
2017051700100036,2017년 5월 17일 00시,수요일,광주광역시 북구 오치동,중상사고,0,1,1,0,차대차 - 기타,안전운전불이행,건조,맑음,교차로 - 교차로안,승용,남,24세,상해없음,원동기,남,18세,중상
2017051700100099,2017년 5월 17일 07시,수요일,광주광역시 서구 치평동,경상사고,0,0,1,0,차대차 - 기타,교차로운행방법위반,건조,맑음,교차로 - 교차로안,승용,남,57세,상해없음,승용,남,42세,경상
2017051700100149,2017년 5월 17일 08시,수요일,광주광역시 남구 월산동,경상사고,0,0,1,0,차대차 - 후진중충돌,안전운전불이행,건조,맑음,단일로 - 기타,승용,남,48세,상해없음,승용,남,34세,경상
2017051700100150,2017년 5월 17일 08시,수요일,광주광역시 광산구 우산동,중상사고,0,1,2,0,차대차 - 추돌,안전운전불이행,건조,맑음,기타 - 기타,승용,남,51세,상해없음,승용,여,32세,중상
2017051700100237,2017년 5월 17일 11시,수요일,광주광역시 북구 두암동,경상사고,0,0,4,0,차대차 - 측면충돌,교차로운행방법위반,건조,맑음,교차로 - 교차로안,승용,남,74세,상해없음,화물,남,66세,경상
2017051700100300,2017년 5월 17일 13시,수요일,광주광역시 광산구 운수동,경상사고,0,0,1,0,차량단독 - 기타,안전운전불이행,건조,맑음,단일로 - 기타,원동기,남,74세,경상,,,,
2017051700100357,2017년 5월 17일 15시,수요일,광주광역시 남구 주월동,경상사고,0,0,2,0,차대차 - 측면충돌,안전운전불이행,건조,맑음,단일로 - 기타,승용,남,66세,상해없음,화물,남,52세,경상
2017051700100437,2017년 5월 17일 17시,수요일,광주광역시 서구 동천동,경상사고,0,0,1,0,차대사람 - 횡단중,신호위반,건조,맑음,단일로 - 기타,승용,여,50세,상해없음,보행자,남,9세,경상
2017051700100438,2017년 5월 17일 17시,수요일,광주광역시 북구 용봉동,경상사고,0,0,1,0,차대차 - 측면충돌,안전운전불이행,건조,맑음,단일로 - 기타,승용,남,38세,상해없음,승합,남,44세,경상
2017051700100439,2017년 5월 17일 17시,수요일,광주광역시 광산구 수완동,경상사고,0,0,2,0,차대차 - 추돌,차로위반,건조,맑음,단일로 - 기타,화물,여,65세,상해없음,승용,여,27세,경상
2017051700100490,2017년 5월 17일 18시,수요일,광주광역시 북구 중흥동,경상사고,0,0,1,0,차대사람 - 횡단중,안전운전불이행,건조,맑음,교차로 - 교차로횡단보도내,승용,남,28세,상해없음,보행자,여,28세,경상
2017051700100491,2017년 5월 17일 18시,수요일,광주광역시 북구 각화동,경상사고,0,0,3,0,차대차 - 측면충돌,안전운전불이행,건조,맑음,단일로 - 기타,승용,남,41세,상해없음,승용,여,52세,경상
2017051700100525,2017년 5월 17일 19시,수요일,광주광역시 서구 농성동,경상사고,0,0,2,0,차대차 - 후진중충돌,안전운전불이행,건조,맑음,교차로 - 교차로부근,승용,남,69세,상해없음,승용,남,40세,경상
2017051700100557,2017년 5월 17일 20시,수요일,광주광역시 서구 금호동,중상사고,0,1,0,0,차대차 - 측면충돌,교차로운행방법위반,건조,맑음,교차로 - 교차로안,승용,여,41세,상해없음,이륜,남,25세,중상
2017051700100558,2017년 5월 17일 20시,수요일,광주광역시 광산구 신창동,경상사고,0,0,1,0,차대사람 - 차도통행중,안전운전불이행,건조,맑음,단일로 - 기타,기타불명,기타불명,미분류,기타불명,보행자,남,16세,경상
2017051700100583,2017년 5월 17일 21시,수요일,광주광역시 서구 쌍촌동,경상사고,0,0,1,0,차대사람 - 횡단중,안전운전불이행,건조,맑음,교차로 - 교차로안,승용,남,47세,상해없음,보행자,여,61세,경상
2017051700100584,2017년 5월 17일 21시,수요일,광주광역시 남구 백운동,경상사고,0,0,4,0,차대차 - 측면충돌,안전거리미확보,건조,맑음,단일로 - 기타,승용,남,51세,상해없음,승용,남,21세,경상
2017051700100622,2017년 5월 17일 23시,수요일,광주광역시 광산구 월계동,경상사고,0,0,2,0,차대차 - 추돌,안전운전불이행,건조,맑음,교차로 - 교차로부근,승용,여,38세,상해없음,승용,남,47세,경상
2017051800100043,2017년 5월 18일 01시,목요일,광주광역시 광산구 우산동,경상사고,0,0,3,0,차대차 - 정면충돌,신호위반,건조,맑음,교차로 - 교차로안,승용,남,66세,상해없음,승용,남,65세,경상
2017051800100186,2017년 5월 18일 09시,목요일,광주광역시 북구 운정동,경상사고,0,0,2,0,차대차 - 측면충돌,안전운전불이행,건조,맑음,단일로 - 기타,승용,남,56세,경상,승용,남,67세,경상
2017051800100219,2017년 5월 18일 10시,목요일,광주광역시 서구 광천동,경상사고,0,0,1,0,차대차 - 측면충돌,안전운전불이행,건조,맑음,교차로 - 교차로안,승용,여,34세,상해없음,승용,여,33세,경상
2017051800100249,2017년 5월 18일 11시,목요일,광주광역시 남구 주월동,중상사고,0,1,0,0,차대차 - 정면충돌,교차로운행방법위반,건조,맑음,교차로 - 교차로안,원동기,남,51세,중상,승용,남,72세,상해없음
2017051800100304,2017년 5월 18일 13시,목요일,광주광역시 북구 용봉동,경상사고,0,0,1,0,차대차 - 추돌,안전운전불이행,건조,맑음,단일로 - 기타,승용,여,25세,상해없음,승용,남,25세,경상
2017051800100338,2017년 5월 18일 14시,목요일,광주광역시 광산구 월계동,경상사고,0,0,1,0,차대차 - 측면충돌,교차로운행방법위반,건조,맑음,교차로 - 교차로안,이륜,남,79세,경상,승용,남,59세,상해없음
2017051800100409,2017년 5월 18일 16시,목요일,광주광역시 남구 주월동,경상사고,0,0,1,0,차대사람 - 횡단중,보행자보호의무위반,건조,맑음,교차로 - 교차로부근,이륜,남,57세,상해없음,보행자,남,12세,경상
2017051800100501,2017년 5월 18일 18시,목요일,광주광역시 북구 용봉동,경상사고,0,0,1,0,차대차 - 측면충돌,안전운전불이행,건조,맑음,교차로 - 교차로안,승용,남,59세,상해없음,승용,여,28세,경상
2017051800100567,2017년 5월 18일 20시,목요일,광주광역시 동구 서석동,중상사고,0,1,1,0,차대차 - 측면충돌,신호위반,건조,맑음,교차로 - 교차로안,이륜,남,18세,경상,승합,남,70세,상해없음
2017051800100604,2017년 5월 18일 21시,목요일,광주광역시 서구 동천동,경상사고,0,0,1,0,차대차 - 기타,직진우회전진행방해,건조,맑음,교차로 - 교차로안,승용,여,40세,상해없음,이륜,남,18세,경상
2017051800100605,2017년 5월 18일 21시,목요일,광주광역시 남구 봉선동,경상사고,0,0,1,0,차대사람 - 횡단중,안전운전불이행,건조,맑음,기타 - 기타,승용,남,33세,상해없음,보행자,남,40세,경상
2017051800100635,2017년 5월 18일 22시,목요일,광주광역시 북구 매곡동,중상사고,0,1,0,0,차대사람 - 횡단중,안전운전불이행,건조,맑음,교차로 - 교차로부근,승용,여,56세,상해없음,보행자,남,65세,중상
2017051800100663,2017년 5월 18일 23시,목요일,광주광역시 남구 송하동,경상사고,0,0,2,0,차대차 - 정면충돌,안전운전불이행,건조,맑음,단일로 - 기타,승용,여,46세,상해없음,승용,남,32세,경상
2017051900100031,2017년 5월 19일 00시,금요일,광주광역시 서구 치평동,경상사고,0,0,2,0,차대차 - 추돌,안전운전불이행,건조,맑음,단일로 - 기타,승용,남,30세,경상,승용,남,63세,경상
2017051900100050,2017년 5월 19일 01시,금요일,광주광역시 북구 유동,경상사고,0,0,1,3,차대차 - 측면충돌,신호위반,건조,맑음,교차로 - 교차로안,승용,남,54세,상해없음,승용,남,55세,상해없음
2017051900100060,2017년 5월 19일 02시,금요일,광주광역시 서구 쌍촌동,경상사고,0,0,1,0,차대차 - 측면충돌,직진우회전진행방해,건조,맑음,교차로 - 교차로안,원동기,남,19세,경상,승용,남,31세,상해없음
2017051900100061,2017년 5월 19일 02시,금요일,광주광역시 서구 광천동,경상사고,0,0,1,0,차대차 - 추돌,안전거리미확보,건조,맑음,단일로 - 기타,승용,남,58세,상해없음,승용,여,25세,경상
2017051900100072,2017년 5월 19일 04시,금요일,광주광역시 광산구 오선동,경상사고,0,0,1,0,차대차 - 측면충돌,신호위반,건조,맑음,교차로 - 교차로안,화물,남,51세,상해없음,승용,남,23세,경상
2017051900100079,2017년 5월 19일 05시,금요일,광주광역시 동구 서석동,사망사고,1,1,1,0,차대차 - 측면충돌,중앙선침범,건조,맑음,단일로 - 기타,승용,남,70세,경상,승용,남,20세,사망
2017051900100094,2017년 5월 19일 06시,금요일,광주광역시 북구 삼각동,경상사고,0,0,2,0,차대차 - 정면충돌,안전운전불이행,건조,맑음,단일로 - 기타,이륜,여,61세,상해없음,승용,남,22세,경상
2017051900100112,2017년 5월 19일 07시,금요일,광주광역시 서구 농성동,경상사고,0,0,1,0,차대차 - 추돌,안전운전불이행,건조,맑음,단일로 - 기타,승용,남,20세,상해없음,승용,남,55세,경상
2017051900100113,2017년 5월 19일 07시,금요일,광주광역시 서구 매월동,중상사고,0,1,1,0,차대차 - 측면충돌,신호위반,건조,맑음,교차로 - 교차로안,화물,남,49세,경상,화물,여,45세,중상
2017051900100114,2017년 5월 19일 07시,금요일,광주광역시 광산구 송정동,중상사고,0,1,0,0,차대사람 - 기타,안전운전불이행,건조,맑음,단일로 - 기타,승용,남,56세,상해없음,보행자,남,68세,중상
2017051900100171,2017년 5월 19일 08시,금요일,광주광역시 서구 쌍촌동,경상사고,0,0,1,0,차대사람 - 횡단중,보행자보호의무위반,건조,맑음,교차로 - 교차로횡단보도내,화물,남,56세,상해없음,보행자,여,15세,경상
2017051900100215,2017년 5월 19일 09시,금요일,광주광역시 서구 풍암동,경상사고,0,0,1,0,차대차 - 후진중충돌,안전운전불이행,건조,맑음,교차로 - 교차로부근,화물,남,54세,상해없음,승용,여,45세,경상
2017051900100216,2017년 5월 19일 09시,금요일,광주광역시 북구 운암동,경상사고,0,0,3,1,차대차 - 측면충돌,안전거리미확보,건조,맑음,교차로 - 교차로안,화물,남,37세,경상,화물,남,56세,상해없음
2017051900100250,2017년 5월 19일 10시,금요일,광주광역시 북구 중흥동,부상신고사고,0,0,0,1,차대차 - 측면충돌,직진우회전진행방해,건조,맑음,교차로 - 교차로안,자전거,남,22세,부상신고,승용,남,63세,상해없음
2017051900100289,2017년 5월 19일 11시,금요일,광주광역시 북구 오치동,부상신고사고,0,0,0,1,차대사람 - 횡단중,안전운전불이행,건조,맑음,교차로 - 교차로부근,승용,남,20세,상해없음,보행자,여,35세,부상신고
2017051900100318,2017년 5월 19일 12시,금요일,광주광역시 서구 화정동,경상사고,0,0,4,0,차대차 - 기타,안전거리미확보,건조,맑음,단일로 - 기타,화물,남,54세,상해없음,승합,남,64세,상해없음
2017051900100360,2017년 5월 19일 13시,금요일,광주광역시 광산구 오선동,경상사고,0,0,1,0,차대차 - 측면충돌,교차로운행방법위반,건조,맑음,교차로 - 교차로부근,특수,남,58세,상해없음,승용,남,30세,경상
2017051900100390,2017년 5월 19일 14시,금요일,광주광역시 동구 대인동,중상사고,0,1,0,0,차량단독 - 기타,기타,건조,맑음,단일로 - 기타,승합,남,55세,상해없음,,,,
2017051900100425,2017년 5월 19일 15시,금요일,광주광역시 동구 동명동,경상사고,0,0,1,0,차대차 - 측면충돌,직진우회전진행방해,건조,맑음,교차로 - 교차로안,승용,여,38세,경상,승용,남,79세,상해없음
2017051900100426,2017년 5월 19일 15시,금요일,광주광역시 서구 풍암동,경상사고,0,0,1,0,차대차 - 측면충돌,안전거리미확보,건조,맑음,단일로 - 기타,승용,여,61세,상해없음,승용,남,23세,경상
2017051900100427,2017년 5월 19일 15시,금요일,광주광역시 남구 봉선동,중상사고,0,1,0,0,차대차 - 측면충돌,교차로운행방법위반,건조,맑음,교차로 - 교차로안,승용,여,39세,상해없음,이륜,남,30세,중상
2017051900100428,2017년 5월 19일 15시,금요일,광주광역시 북구 신안동,경상사고,0,0,2,0,차대차 - 측면충돌,안전거리미확보,건조,맑음,단일로 - 기타,승용,남,32세,상해없음,승용,남,45세,경상
2017051900100429,2017년 5월 19일 15시,금요일,광주광역시 북구 풍향동,중상사고,0,1,0,0,차대차 - 측면충돌,불법유턴,건조,맑음,단일로 - 기타,화물,남,52세,상해없음,이륜,남,25세,중상
2017051900100556,2017년 5월 19일 18시,금요일,광주광역시 남구 송하동,경상사고,0,0,1,0,차대차 - 측면충돌,안전운전불이행,건조,맑음,교차로 - 교차로부근,승용,남,54세,상해없음,승용,여,46세,경상
2017051900100557,2017년 5월 19일 18시,금요일,광주광역시 남구 진월동,경상사고,0,0,1,0,차대차 - 측면충돌,기타,건조,맑음,주차장 - 주차장,승합,남,43세,상해없음,승용,여,38세,경상
2017051900100558,2017년 5월 19일 18시,금요일,광주광역시 광산구 신가동,중상사고,0,1,1,0,차대차 - 기타,신호위반,건조,맑음,교차로 - 교차로안,이륜,남,23세,상해없음,승용,남,30세,중상
2017051900100685,2017년 5월 19일 21시,금요일,광주광역시 북구 신안동,부상신고사고,0,0,0,1,차대차 - 추돌,안전운전불이행,건조,맑음,교차로 - 교차로안,승용,남,36세,부상신고,승용,남,45세,상해없음
2017051900100686,2017년 5월 19일 21시,금요일,광주광역시 북구 유동,경상사고,0,0,2,0,차대차 - 기타,교차로운행방법위반,건조,맑음,교차로 - 교차로안,이륜,남,39세,경상,이륜,남,32세,경상
2017051900100715,2017년 5월 19일 22시,금요일,광주광역시 동구 용산동,경상사고,0,0,1,0,차량단독 - 기타,안전운전불이행,건조,맑음,단일로 - 기타,승용,남,63세,상해없음,,,,
2017051900100731,2017년 5월 19일 23시,금요일,광주광역시 동구 금동,경상사고,0,0,1,0,차대차 - 기타,안전운전불이행,건조,맑음,교차로 - 교차로안,승용,남,37세,상해없음,승용,여,43세,경상
2017051900100732,2017년 5월 19일 23시,금요일,광주광역시 북구 용봉동,경상사고,0,0,1,0,차대차 - 정면충돌,교차로운행방법위반,건조,맑음,교차로 - 교차로안,승용,여,36세,상해없음,승용,남,66세,상해없음
2017052000100040,2017년 5월 20일 00시,토요일,광주광역시 광산구 신가동,경상사고,0,0,2,0,차대차 - 측면충돌,안전거리미확보,건조,맑음,교차로 - 교차로부근,승용,여,45세,상해없음,승용,남,31세,경상
2017052000100060,2017년 5월 20일 01시,토요일,광주광역시 서구 쌍촌동,경상사고,0,0,2,0,차대차 - 측면충돌,신호위반,건조,맑음,교차로 - 교차로안,승용,남,36세,상해없음,승용,남,20세,경상
2017052000100081,2017년 5월 20일 03시,토요일,광주광역시 북구 용봉동,경상사고,0,0,2,0,차대차 - 기타,안전운전불이행,건조,맑음,교차로 - 교차로안,승용,여,25세,상해없음,승용,남,32세,경상
2017052000100116,2017년 5월 20일 05시,토요일,광주광역시 서구 치평동,경상사고,0,0,1,0,차대차 - 측면충돌,안전운전불이행,건조,맑음,단일로 - 기타,승용,남,24세,상해없음,승용,남,43세,상해없음
2017052000100161,2017년 5월 20일 08시,토요일,광주광역시 광산구 오선동,경상사고,0,0,1,0,차대차 - 측면충돌,안전거리미확보,건조,맑음,교차로 - 교차로부근,화물,남,31세,상해없음,이륜,남,53세,경상
2017052000100185,2017년 5월 20일 09시,토요일,광주광역시 북구 두암동,경상사고,0,0,1,0,차대차 - 추돌,안전운전불이행,건조,맑음,단일로 - 기타,승용,남,70세,상해없음,승용,남,61세,상해없음
2017052000100186,2017년 5월 20일 09시,토요일,광주광역시 광산구 수완동,경상사고,0,0,1,0,차대차 - 측면충돌,안전운전불이행,건조,맑음,교차로 - 교차로안,승합,남,50세,상해없음,승용,여,36세,경상
2017052000100210,2017년 5월 20일 10시,토요일,광주광역시 남구 행암동,중상사고,0,1,0,0,차대차 - 추돌,신호위반,건조,맑음,단일로 - 기타,승합,남,64세,상해없음,자전거,여,9세,중상
2017052000100277,2017년 5월 20일 12시,토요일,광주광역시 북구 본촌동,경상사고,0,0,1,0,차대차 - 측면충돌,직진우회전진행방해,건조,맑음,교차로 - 교차로안,이륜,남,82세,경상,승용,여,52세,상해없음
2017052000100310,2017년 5월 20일 13시,토요일,광주광역시 서구 금호동,경상사고,0,0,1,0,차대차 - 추돌,안전운전불이행,건조,흐림,단일로 - 기타,승용,남,59세,상해없음,승용,남,53세,경상
2017052000100311,2017년 5월 20일 13시,토요일,광주광역시 남구 방림동,경상사고,0,0,1,0,차대차 - 추돌,안전운전불이행,건조,맑음,단일로 - 기타,승용,남,28세,상해없음,승용,남,35세,경상
2017052000100312,2017년 5월 20일 13시,토요일,광주광역시 북구 일곡동,경상사고,0,0,1,0,차대차 - 측면충돌,안전운전불이행,건조,맑음,단일로 - 기타,승용,남,56세,상해없음,이륜,남,24세,경상
2017052000100390,2017년 5월 20일 15시,토요일,광주광역시 남구 백운동,경상사고,0,0,2,0,차대차 - 측면충돌,안전거리미확보,건조,맑음,단일로 - 기타,승용,남,61세,상해없음,승용,남,49세,경상
2017052000100391,2017년 5월 20일 15시,토요일,광주광역시 북구 용두동,경상사고,0,0,4,0,차대차 - 측면충돌,차로위반,건조,맑음,단일로 - 기타,화물,남,35세,상해없음,승용,남,44세,경상
2017052000100460,2017년 5월 20일 17시,토요일,광주광역시 서구 풍암동,경상사고,0,0,1,0,차대차 - 측면충돌,안전운전불이행,건조,맑음,교차로 - 교차로안,승용,여,46세,상해없음,이륜,남,37세,경상
2017052000100461,2017년 5월 20일 17시,토요일,광주광역시 서구 양동,경상사고,0,0,2,0,차대차 - 측면충돌,안전거리미확보,건조,맑음,단일로 - 기타,승용,남,29세,상해없음,승용,남,59세,경상
2017052000100462,2017년 5월 20일 17시,토요일,광주광역시 광산구 수완동,중상사고,0,1,0,0,차대차 - 기타,안전거리미확보,건조,맑음,단일로 - 기타,승용,남,23세,상해없음,자전거,남,50세,중상
2017052000100504,2017년 5월 20일 18시,토요일,광주광역시 북구 운암동,경상사고,0,0,3,0,차대차 - 기타,안전운전불이행,건조,맑음,교차로 - 교차로안,승용,남,55세,상해없음,화물,남,43세,경상
2017052000100532,2017년 5월 20일 19시,토요일,광주광역시 북구 신용동,경상사고,0,0,3,0,차대차 - 측면충돌,안전거리미확보,건조,맑음,단일로 - 기타,승용,남,46세,상해없음,승용,남,37세,경상
2017052000100569,2017년 5월 20일 20시,토요일,광주광역시 북구 임동,경상사고,0,0,1,0,차대사람 - 횡단중,안전운전불이행,건조,맑음,단일로 - 기타,승용,남,68세,상해없음,보행자,남,66세,경상
2017052000100570,2017년 5월 20일 20시,토요일,광주광역시 북구 운암동,부상신고사고,0,0,0,1,차대차 - 기타,안전거리미확보,건조,맑음,단일로 - 기타,원동기,남,22세,부상신고,승용,남,47세,상해없음
2017052000100592,2017년 5월 20일 21시,토요일,광주광역시 동구 학동,중상사고,0,1,0,0,차대차 - 측면충돌,중앙선침범,건조,흐림,교차로 - 교차로부근,자전거,남,13세,중상,승용,남,64세,상해없음
2017052000100593,2017년 5월 20일 21시,토요일,광주광역시 북구 운암동,부상신고사고,0,0,0,1,차대차 - 기타,안전거리미확보,건조,맑음,단일로 - 기타,이륜,남,18세,부상신고,승용,남,55세,상해없음
2017052000100644,2017년 5월 20일 23시,토요일,광주광역시 북구 중흥동,경상사고,0,0,2,0,차대차 - 추돌,안전운전불이행,건조,맑음,교차로 - 교차로부근,승용,남,28세,상해없음,승용,여,27세,경상
2017052100100046,2017년 5월 21일 01시,일요일,광주광역시 광산구 복룡동,경상사고,0,0,1,0,차대차 - 측면충돌,안전거리미확보,건조,맑음,단일로 - 기타,승용,남,74세,상해없음,승용,남,59세,상해없음