사고번호,사고일시,요일,시군구,사고내용,사망자수,중상자수,경상자수,부상신고자수,사고유형,법규위반,노면상태,기상상태,도로형태,가해운전자 차종,가해운전자 성별,가해운전자 연령,가해운전자 상해정도,피해운전자 차종,피해운전자 성별,피해운전자 연령,피해운전자 상해정도
2017052100100060,2017년 5월 21일 02시,일요일,광주광역시 광산구 쌍암동,경상사고,0,0,5,0,차대차 - 측면충돌,신호위반,건조,맑음,교차로 - 교차로안,승용,남,25세,경상,승용,남,54세,경상
2017052100100107,2017년 5월 21일 06시,일요일,광주광역시 광산구 수완동,경상사고,0,0,1,0,차대차 - 기타,안전거리미확보,건조,맑음,단일로 - 기타,승용,남,19세,상해없음,승용,남,39세,경상
2017052100100142,2017년 5월 21일 08시,일요일,광주광역시 서구 쌍촌동,중상사고,0,1,0,0,차량단독 - 기타,안전운전불이행,건조,맑음,주차장 - 주차장,승용,남,81세,중상,,,,
2017052100100143,2017년 5월 21일 08시,일요일,광주광역시 광산구 소촌동,중상사고,0,1,0,0,차대사람 - 길가장자리구역통행중,기타,건조,맑음,기타 - 기타,승용,남,64세,상해없음,보행자,여,62세,중상
2017052100100161,2017년 5월 21일 09시,일요일,광주광역시 북구 일곡동,경상사고,0,0,2,0,차대차 - 측면충돌,중앙선침범,건조,맑음,단일로 - 기타,승용,남,52세,상해없음,승용,남,50세,경상
2017052100100305,2017년 5월 21일 14시,일요일,광주광역시 북구 임동,경상사고,0,0,1,0,차대차 - 정면충돌,신호위반,건조,맑음,교차로 - 교차로안,승용,여,29세,상해없음,승용,남,30세,경상
2017052100100340,2017년 5월 21일 15시,일요일,광주광역시 북구 풍향동,경상사고,0,0,3,0,차대차 - 추돌,안전거리미확보,건조,맑음,단일로 - 기타,승용,남,52세,상해없음,승용,남,41세,경상
2017052100100397,2017년 5월 21일 17시,일요일,광주광역시 서구 광천동,중상사고,0,1,0,0,차대차 - 측면충돌,안전운전불이행,건조,맑음,교차로 - 교차로부근,승용,여,29세,상해없음,이륜,남,53세,중상
2017052100100428,2017년 5월 21일 18시,일요일,광주광역시 광산구 장덕동,경상사고,0,0,1,0,차대사람 - 횡단중,안전운전불이행,건조,맑음,단일로 - 기타,승용,여,32세,상해없음,보행자,남,16세,경상
2017052100100498,2017년 5월 21일 21시,일요일,광주광역시 북구 운암동,경상사고,0,0,1,0,차대차 - 측면충돌,안전운전불이행,건조,맑음,단일로 - 기타,승용,남,62세,상해없음,이륜,남,50세,경상
2017052100100517,2017년 5월 21일 22시,일요일,광주광역시 북구 중흥동,경상사고,0,0,3,0,차대차 - 측면충돌,신호위반,건조,맑음,교차로 - 교차로안,승합,남,45세,상해없음,이륜,남,16세,경상
2017052200100023,2017년 5월 22일 00시,월요일,광주광역시 동구 금남로5가,경상사고,0,0,4,0,차대차 - 기타,안전거리미확보,건조,맑음,단일로 - 기타,승용,남,19세,상해없음,승용,여,35세,경상
2017052200100032,2017년 5월 22일 01시,월요일,광주광역시 서구 쌍촌동,경상사고,0,0,4,0,차대차 - 측면충돌,신호위반,건조,맑음,교차로 - 교차로안,이륜,남,16세,상해없음,승용,남,18세,경상
2017052200100057,2017년 5월 22일 05시,월요일,광주광역시 서구 치평동,경상사고,0,0,1,0,차대차 - 측면충돌,신호위반,건조,맑음,교차로 - 교차로안,승용,남,44세,상해없음,이륜,남,40세,경상
2017052200100161,2017년 5월 22일 08시,월요일,광주광역시 서구 금호동,부상신고사고,0,0,0,1,차대사람 - 횡단중,안전운전불이행,건조,맑음,단일로 - 기타,기타불명,기타불명,미분류,기타불명,보행자,남,7세,부상신고
2017052200100162,2017년 5월 22일 08시,월요일,광주광역시 서구 금호동,경상사고,0,0,1,0,차대차 - 측면충돌,안전운전불이행,건조,맑음,단일로 - 기타,승용,여,35세,상해없음,승용,남,34세,상해없음
2017052200100163,2017년 5월 22일 08시,월요일,광주광역시 북구 두암동,경상사고,0,0,1,0,차대차 - 기타,안전운전불이행,건조,맑음,단일로 - 기타,승용,여,54세,상해없음,승합,남,52세,상해없음
2017052200100199,2017년 5월 22일 09시,월요일,광주광역시 광산구 월계동,경상사고,0,0,1,0,차대차 - 측면충돌,안전운전불이행,건조,맑음,단일로 - 기타,승용,여,43세,상해없음,승용,여,49세,경상
2017052200100229,2017년 5월 22일 10시,월요일,광주광역시 서구 화정동,중상사고,0,1,0,0,차대차 - 추돌,안전운전불이행,건조,맑음,단일로 - 기타,승용,남,57세,상해없음,승용,남,53세,중상
2017052200100355,2017년 5월 22일 14시,월요일,광주광역시 북구 중흥동,경상사고,0,0,1,0,차대차 - 측면충돌,안전거리미확보,건조,맑음,단일로 - 기타,승용,여,21세,상해없음,승용,남,40세,경상
2017052200100426,2017년 5월 22일 16시,월요일,광주광역시 북구 오치동,중상사고,0,1,0,0,차대사람 - 기타,안전운전불이행,건조,맑음,단일로 - 기타,승합,남,58세,상해없음,보행자,남,57세,중상
2017052200100524,2017년 5월 22일 18시,월요일,광주광역시 서구 쌍촌동,경상사고,0,0,2,0,차대사람 - 횡단중,안전운전불이행,건조,맑음,교차로 - 교차로부근,이륜,남,25세,경상,보행자,여,60세,경상
2017052200100525,2017년 5월 22일 18시,월요일,광주광역시 서구 금호동,경상사고,0,0,1,0,차대차 - 기타,안전운전불이행,건조,맑음,단일로 - 기타,승합,남,79세,상해없음,화물,남,59세,경상
2017052200100526,2017년 5월 22일 18시,월요일,광주광역시 광산구 송정동,경상사고,0,0,1,0,차대차 - 추돌,안전거리미확보,건조,맑음,교차로 - 교차로부근,승용,남,44세,상해없음,승용,여,37세,경상
2017052200100565,2017년 5월 22일 19시,월요일,광주광역시 북구 운암동,경상사고,0,0,1,0,차대사람 - 횡단중,안전운전불이행,건조,맑음,단일로 - 기타,승용,여,32세,상해없음,보행자,여,74세,경상
2017052300100117,2017년 5월 23일 07시,화요일,광주광역시 광산구 하남동,경상사고,0,0,1,0,차대사람 - 횡단중,보행자보호의무위반,건조,맑음,교차로 - 교차로부근,승합,남,44세,상해없음,보행자,남,40세,경상
2017052300100156,2017년 5월 23일 08시,화요일,광주광역시 서구 치평동,경상사고,0,0,1,0,차대사람 - 횡단중,안전운전불이행,건조,맑음,단일로 - 기타,승용,남,48세,상해없음,보행자,남,14세,경상
2017052300100226,2017년 5월 23일 10시,화요일,광주광역시 광산구 선동,경상사고,0,0,1,0,차량단독 - 전도전복 - 전도,안전운전불이행,건조,맑음,교차로 - 교차로부근,화물,남,30세,경상,,,,
2017052300100254,2017년 5월 23일 11시,화요일,광주광역시 광산구 도천동,경상사고,0,0,1,0,차대차 - 추돌,기타,건조,맑음,단일로 - 교량,화물,남,54세,경상,화물,남,49세,상해없음
2017052300100313,2017년 5월 23일 13시,화요일,광주광역시 광산구 도산동,경상사고,0,0,1,0,차대차 - 정면충돌,안전운전불이행,건조,맑음,단일로 - 기타,승용,남,69세,상해없음,승합,남,57세,경상
2017052300100314,2017년 5월 23일 13시,화요일,광주광역시 광산구 하남동,경상사고,0,0,1,0,차대차 - 후진중충돌,안전운전불이행,건조,맑음,교차로 - 교차로안,화물,여,51세,상해없음,승용,여,26세,경상
2017052300100373,2017년 5월 23일 15시,화요일,광주광역시 광산구 송정동,경상사고,0,0,1,0,차대차 - 추돌,안전거리미확보,건조,맑음,교차로 - 교차로안,건설기계,남,61세,상해없음,승용,남,65세,경상
2017052300100374,2017년 5월 23일 15시,화요일,광주광역시 광산구 도천동,중상사고,0,1,0,0,차대사람 - 횡단중,과속,건조,맑음,단일로 - 기타,승용,남,49세,상해없음,보행자,남,70세,중상
2017052300100408,2017년 5월 23일 16시,화요일,광주광역시 서구 풍암동,경상사고,0,0,1,0,차대차 - 기타,안전운전불이행,건조,맑음,교차로 - 교차로부근,승용,남,30세,상해없음,승합,여,50세,경상
2017052300100409,2017년 5월 23일 16시,화요일,광주광역시 서구 풍암동,경상사고,0,0,3,0,차대차 - 측면충돌,중앙선침범,건조,맑음,교차로 - 교차로부근,이륜,남,21세,상해없음,승용,남,30세,경상
2017052300100410,2017년 5월 23일 16시,화요일,광주광역시 광산구 하산동,경상사고,0,0,1,0,차대차 - 추돌,안전운전불이행,건조,맑음,교차로 - 교차로부근,화물,남,63세,상해없음,화물,남,61세,경상
2017052300100448,2017년 5월 23일 17시,화요일,광주광역시 서구 풍암동,경상사고,0,0,1,0,차대차 - 측면충돌,안전거리미확보,건조,맑음,단일로 - 기타,승용,남,61세,상해없음,승합,남,56세,상해없음
2017052300100449,2017년 5월 23일 17시,화요일,광주광역시 서구 화정동,경상사고,0,0,1,0,차대차 - 측면충돌,안전운전불이행,건조,맑음,교차로 - 교차로안,승용,남,55세,상해없음,승용,여,29세,경상
2017052300100450,2017년 5월 23일 17시,화요일,광주광역시 남구 방림동,경상사고,0,0,1,0,차대차 - 측면충돌,교차로운행방법위반,건조,맑음,교차로 - 교차로안,승용,여,23세,기타불명,승용,남,27세,경상
2017052300100485,2017년 5월 23일 18시,화요일,광주광역시 남구 봉선동,경상사고,0,0,1,0,차대사람 - 횡단중,안전운전불이행,건조,맑음,단일로 - 기타,승용,여,41세,상해없음,보행자,여,17세,경상
2017052300100486,2017년 5월 23일 18시,화요일,광주광역시 북구 양산동,경상사고,0,0,1,0,차대차 - 측면충돌,안전운전불이행,건조,맑음,교차로 - 교차로안,승용,여,47세,상해없음,이륜,남,28세,경상
2017052300100519,2017년 5월 23일 19시,화요일,광주광역시 서구 유촌동,중상사고,0,1,1,0,차대차 - 기타,안전거리미확보,건조,맑음,단일로 - 기타,승용,남,26세,상해없음,승용,남,58세,경상
2017052300100520,2017년 5월 23일 19시,화요일,광주광역시 북구 신안동,경상사고,0,0,1,0,차대차 - 측면충돌,안전운전불이행,건조,맑음,교차로 - 교차로안,승용,남,31세,상해없음,화물,남,33세,경상
2017052300100561,2017년 5월 23일 20시,화요일,광주광역시 서구 금호동,경상사고,0,0,1,0,차대차 - 추돌,안전운전불이행,건조,맑음,교차로 - 교차로부근,승용,여,25세,상해없음,승용,여,32세,경상
2017052300100590,2017년 5월 23일 21시,화요일,광주광역시 서구 치평동,중상사고,0,1,0,0,차대사람 - 횡단중,안전운전불이행,건조,맑음,단일로 - 기타,승용,여,52세,상해없음,보행자,남,54세,중상
2017052300100591,2017년 5월 23일 21시,화요일,광주광역시 북구 용봉동,경상사고,0,0,2,0,차대차 - 추돌,안전거리미확보,건조,맑음,교차로 - 교차로안,승용,남,61세,상해없음,승용,남,31세,경상
2017052300100592,2017년 5월 23일 21시,화요일,광주광역시 광산구 산월동,경상사고,0,0,2,0,차대차 - 추돌,안전거리미확보,건조,흐림,교차로 - 교차로부근,승용,남,53세,상해없음,승용,남,23세,경상
2017052300100616,2017년 5월 23일 22시,화요일,광주광역시 남구 봉선동,경상사고,0,0,1,0,차대차 - 측면충돌,안전운전불이행,건조,맑음,교차로 - 교차로안,승용,남,43세,상해없음,자전거,남,14세,경상
2017052300100617,2017년 5월 23일 22시,화요일,광주광역시 광산구 월계동,경상사고,0,0,1,0,차대사람 - 횡단중,안전운전불이행,건조,맑음,교차로 - 교차로부근,승용,남,23세,상해없음,보행자,남,35세,경상
2017052400100040,2017년 5월 24일 00시,수요일,광주광역시 광산구 수완동,경상사고,0,0,1,0,차대차 - 측면충돌,신호위반,건조,맑음,교차로 - 교차로안,승용,남,25세,상해없음,화물,남,26세,경상
2017052400100070,2017년 5월 24일 03시,수요일,광주광역시 광산구 월곡동,경상사고,0,0,1,0,차대차 - 정면충돌,안전운전불이행,건조,맑음,단일로 - 기타,승용,남,28세,기타불명,이륜,남,30세,기타불명
2017052400100076,2017년 5월 24일 04시,수요일,광주광역시 서구 풍암동,중상사고,0,1,1,0,차대차 - 기타,신호위반,건조,맑음,교차로 - 교차로안,승용,여,27세,경상,승용,남,59세,중상
2017052400100077,2017년 5월 24일 04시,수요일,광주광역시 북구 운암동,경상사고,0,0,1,0,차대차 - 측면충돌,안전거리미확보,건조,맑음,단일로 - 고가도로위,승용,남,23세,상해없음,승용,남,35세,경상
2017052400100078,2017년 5월 24일 04시,수요일,광주광역시 광산구 비아동,경상사고,0,0,1,0,차대차 - 정면충돌,안전운전불이행,건조,맑음,교차로 - 교차로부근,승용,남,29세,상해없음,승용,여,60세,경상
2017052400100125,2017년 5월 24일 07시,수요일,광주광역시 서구 금호동,경상사고,0,0,1,0,차대차 - 기타,안전운전불이행,건조,맑음,단일로 - 기타,승용,남,49세,상해없음,승용,남,39세,경상
2017052400100161,2017년 5월 24일 08시,수요일,광주광역시 광산구 신창동,경상사고,0,0,1,0,차대차 - 정면충돌,안전운전불이행,건조,맑음,단일로 - 기타,승용,남,49세,상해없음,자전거,남,13세,경상
2017052400100162,2017년 5월 24일 08시,수요일,광주광역시 광산구 소촌동,경상사고,0,0,1,0,차대차 - 측면충돌,중앙선침범,건조,맑음,교차로 - 교차로안,승용,기타불명,미분류,기타불명,원동기,남,18세,경상
2017052400100163,2017년 5월 24일 08시,수요일,광주광역시 광산구 우산동,경상사고,0,0,2,0,차대차 - 측면충돌,안전거리미확보,건조,맑음,단일로 - 기타,화물,남,38세,상해없음,승용,남,51세,경상
2017052400100164,2017년 5월 24일 08시,수요일,광주광역시 광산구 우산동,경상사고,0,0,2,0,차대차 - 추돌,안전운전불이행,건조,맑음,단일로 - 기타,승합,남,54세,상해없음,승용,남,40세,경상
2017052400100197,2017년 5월 24일 09시,수요일,광주광역시 북구 매곡동,경상사고,0,0,1,0,차대차 - 측면충돌,안전운전불이행,건조,맑음,단일로 - 기타,승용,여,49세,상해없음,승용,여,61세,경상
2017052400100246,2017년 5월 24일 11시,수요일,광주광역시 서구 매월동,경상사고,0,0,1,0,차량단독 - 공작물충돌,안전운전불이행,건조,맑음,주차장 - 주차장,승용,여,35세,경상,,,,
2017052400100285,2017년 5월 24일 12시,수요일,광주광역시 북구 문흥동,중상사고,0,1,0,0,차대사람 - 횡단중,보행자보호의무위반,건조,맑음,교차로 - 교차로안,승용,남,41세,상해없음,보행자,여,77세,중상
2017052400100312,2017년 5월 24일 13시,수요일,광주광역시 북구 용봉동,중상사고,0,1,0,0,차대사람 - 횡단중,안전운전불이행,건조,맑음,단일로 - 기타,승용,남,37세,상해없음,보행자,여,7세,중상
2017052400100347,2017년 5월 24일 14시,수요일,광주광역시 광산구 운남동,부상신고사고,0,0,0,1,차대사람 - 횡단중,안전운전불이행,건조,맑음,교차로 - 교차로안,화물,남,53세,상해없음,보행자,여,11세,부상신고
2017052400100378,2017년 5월 24일 15시,수요일,광주광역시 광산구 신창동,부상신고사고,0,0,0,1,차대사람 - 횡단중,안전운전불이행,건조,맑음,단일로 - 기타,자전거,남,미분류,상해없음,보행자,남,10세,부상신고
2017052400100417,2017년 5월 24일 16시,수요일,광주광역시 남구 주월동,경상사고,0,0,1,0,차대차 - 측면충돌,안전거리미확보,건조,맑음,단일로 - 기타,승용,남,50세,상해없음,승용,남,62세,경상
2017052400100542,2017년 5월 24일 19시,수요일,광주광역시 서구 치평동,경상사고,0,0,1,0,차대차 - 측면충돌,안전운전불이행,건조,맑음,교차로 - 교차로부근,승용,남,50세,상해없음,승용,여,23세,경상
2017052400100543,2017년 5월 24일 19시,수요일,광주광역시 북구 우산동,경상사고,0,0,1,0,차대차 - 정면충돌,안전운전불이행,건조,맑음,단일로 - 기타,자전거,남,68세,경상,화물,남,52세,기타불명
2017052400100575,2017년 5월 24일 20시,수요일,광주광역시 서구 세하동,경상사고,0,0,1,0,차대사람 - 횡단중,보행자보호의무위반,건조,맑음,교차로 - 교차로부근,승용,남,51세,상해없음,보행자,남,28세,경상
2017052400100602,2017년 5월 24일 21시,수요일,광주광역시 북구 신안동,중상사고,0,1,0,0,차대차 - 기타,안전거리미확보,건조,맑음,단일로 - 기타,화물,남,39세,상해없음,이륜,남,38세,중상
2017052400100624,2017년 5월 24일 22시,수요일,광주광역시 광산구 산정동,경상사고,0,0,1,0,차대사람 - 횡단중,보행자보호의무위반,건조,맑음,교차로 - 교차로횡단보도내,승용,여,34세,상해없음,보행자,남,37세,경상
2017052500100054,2017년 5월 25일 01시,목요일,광주광역시 서구 풍암동,경상사고,0,0,1,0,차대차 - 추돌,안전운전불이행,건조,맑음,교차로 - 교차로부근,승용,여,46세,상해없음,승용,남,59세,경상
2017052500100079,2017년 5월 25일 05시,목요일,광주광역시 서구 광천동,중상사고,0,1,3,0,차대차 - 추돌,신호위반,건조,맑음,교차로 - 교차로안,화물,남,56세,상해없음,이륜,남,15세,중상
2017052500100162,2017년 5월 25일 08시,목요일,광주광역시 북구 우산동,경상사고,0,0,1,0,차대차 - 측면충돌,안전운전불이행,건조,맑음,단일로 - 기타,자전거,남,74세,경상,승용,남,63세,상해없음
2017052500100163,2017년 5월 25일 08시,목요일,광주광역시 광산구 신가동,경상사고,0,0,1,0,차대사람 - 횡단중,안전운전불이행,건조,맑음,기타 - 기타,승용,남,35세,상해없음,보행자,여,66세,경상
2017052500100194,2017년 5월 25일 09시,목요일,광주광역시 남구 월산동,경상사고,0,0,1,0,차대사람 - 횡단중,안전운전불이행,건조,맑음,단일로 - 기타,승용,남,40세,상해없음,보행자,남,72세,경상
2017052500100195,2017년 5월 25일 09시,목요일,광주광역시 북구 신안동,부상신고사고,0,0,0,1,차대차 - 측면충돌,중앙선침범,건조,맑음,교차로 - 교차로안,자전거,남,62세,부상신고,승용,남,68세,상해없음
2017052500100196,2017년 5월 25일 09시,목요일,광주광역시 광산구 도천동,경상사고,0,0,1,0,차대차 - 정면충돌,중앙선침범,건조,맑음,교차로 - 교차로부근,승용,남,55세,상해없음,화물,남,44세,상해없음
2017052500100218,2017년 5월 25일 10시,목요일,광주광역시 서구 쌍촌동,경상사고,0,0,2,0,차대차 - 측면충돌,중앙선침범,건조,맑음,교차로 - 교차로부근,승용,남,62세,상해없음,승용,여,36세,경상
2017052500100219,2017년 5월 25일 10시,목요일,광주광역시 남구 송하동,경상사고,0,0,1,0,차대차 - 측면충돌,교차로운행방법위반,건조,맑음,교차로 - 교차로안,승용,여,19세,상해없음,승용,여,45세,경상
2017052500100255,2017년 5월 25일 11시,목요일,광주광역시 동구 용산동,경상사고,0,0,1,0,차대차 - 측면충돌,안전거리미확보,건조,맑음,기타 - 기타,화물,남,52세,상해없음,승용,남,40세,경상
2017052500100294,2017년 5월 25일 12시,목요일,광주광역시 서구 풍암동,중상사고,0,1,0,0,차대사람 - 횡단중,신호위반,건조,맑음,교차로 - 교차로횡단보도내,승용,여,54세,기타불명,보행자,여,60세,중상
2017052500100295,2017년 5월 25일 12시,목요일,광주광역시 남구 월산동,경상사고,0,0,3,0,차대차 - 측면충돌,교차로운행방법위반,건조,맑음,교차로 - 교차로안,승용,남,78세,상해없음,승용,남,33세,경상
2017052500100296,2017년 5월 25일 12시,목요일,광주광역시 북구 두암동,경상사고,0,0,1,0,차대사람 - 횡단중,안전운전불이행,건조,맑음,단일로 - 기타,승용,남,71세,상해없음,보행자,남,71세,경상
2017052500100297,2017년 5월 25일 12시,목요일,광주광역시 북구 대촌동,경상사고,0,0,1,0,차대차 - 측면충돌,기타,건조,맑음,교차로 - 교차로안,화물,남,34세,상해없음,이륜,남,24세,경상
2017052500100354,2017년 5월 25일 14시,목요일,광주광역시 서구 금호동,경상사고,0,0,1,1,차대차 - 측면충돌,안전운전불이행,건조,맑음,단일로 - 기타,승용,남,47세,부상신고,승용,남,33세,경상
2017052500100421,2017년 5월 25일 16시,목요일,광주광역시 남구 봉선동,경상사고,0,0,1,0,차대차 - 기타,교차로운행방법위반,건조,맑음,교차로 - 교차로부근,승용,여,39세,상해없음,승용,여,26세,경상
2017052500100473,2017년 5월 25일 17시,목요일,광주광역시 북구 삼각동,중상사고,0,2,0,0,차대차 - 측면충돌,중앙선침범,건조,맑음,단일로 - 기타,승용,여,27세,중상,승용,남,58세,중상
2017052500100474,2017년 5월 25일 17시,목요일,광주광역시 북구 임동,경상사고,0,0,2,0,차대차 - 기타,안전운전불이행,건조,맑음,단일로 - 기타,승용,남,53세,경상,승용,남,39세,경상
2017052500100475,2017년 5월 25일 17시,목요일,광주광역시 광산구 신창동,경상사고,0,0,1,0,차대사람 - 횡단중,안전운전불이행,건조,맑음,단일로 - 기타,승용,남,74세,상해없음,보행자,남,16세,경상
2017052500100510,2017년 5월 25일 18시,목요일,광주광역시 북구 문흥동,경상사고,0,0,1,0,차대사람 - 횡단중,안전운전불이행,건조,맑음,단일로 - 기타,승용,여,35세,상해없음,보행자,남,10세,경상
2017052500100539,2017년 5월 25일 19시,목요일,광주광역시 서구 금호동,경상사고,0,0,1,0,차대사람 - 횡단중,안전운전불이행,건조,맑음,교차로 - 교차로안,승용,여,35세,상해없음,보행자,여,7세,경상
2017052500100540,2017년 5월 25일 19시,목요일,광주광역시 서구 화정동,부상신고사고,0,0,0,1,차대차 - 측면충돌,안전운전불이행,건조,맑음,단일로 - 기타,승용,여,48세,상해없음,자전거,여,7세,부상신고
2017052500100541,2017년 5월 25일 19시,목요일,광주광역시 서구 유촌동,경상사고,0,0,1,0,차대차 - 기타,직진우회전진행방해,건조,맑음,교차로 - 교차로안,승용,남,48세,상해없음,승용,남,33세,경상
2017052500100542,2017년 5월 25일 19시,목요일,광주광역시 북구 중흥동,경상사고,0,0,1,0,차대사람 - 횡단중,안전운전불이행,건조,맑음,단일로 - 기타,기타불명,기타불명,미분류,기타불명,보행자,남,69세,경상
2017052500100565,2017년 5월 25일 20시,목요일,광주광역시 북구 양산동,경상사고,0,0,1,0,차대차 - 측면충돌,안전운전불이행,건조,맑음,교차로 - 교차로안,승용,남,32세,상해없음,이륜,남,30세,경상
2017052500100592,2017년 5월 25일 21시,목요일,광주광역시 동구 산수동,부상신고사고,0,0,0,2,차대차 - 추돌,안전거리미확보,건조,맑음,단일로 - 기타,승용,남,19세,상해없음,승용,남,52세,부상신고
2017052500100593,2017년 5월 25일 21시,목요일,광주광역시 북구 운암동,중상사고,0,1,0,0,차대사람 - 횡단중,안전운전불이행,건조,맑음,단일로 - 기타,승용,남,29세,기타불명,보행자,여,72세,중상
2017052500100620,2017년 5월 25일 22시,목요일,광주광역시 남구 봉선동,경상사고,0,0,2,0,차대차 - 측면충돌,안전운전불이행,건조,맑음,교차로 - 교차로안,승용,남,30세,경상,승용,여,26세,경상
2017052500100641,2017년 5월 25일 23시,목요일,광주광역시 북구 신안동,경상사고,0,0,1,0,차대사람 - 횡단중,안전운전불이행,건조,맑음,단일로 - 기타,승용,여,51세,상해없음,보행자,남,64세,경상
2017052600100034,2017년 5월 26일 00시,금요일,광주광역시 동구 동명동,경상사고,0,0,1,0,차대사람 - 횡단중,안전운전불이행,건조,맑음,교차로 - 교차로횡단보도내,승용,남,57세,상해없음,보행자,남,21세,경상
2017052600100053,2017년 5월 26일 01시,금요일,광주광역시 광산구 신가동,경상사고,0,0,1,0,차대차 - 정면충돌,안전운전불이행,건조,맑음,교차로 - 교차로부근,승용,남,36세,상해없음,승용,남,56세,경상
2017052600100182,2017년 5월 26일 08시,금요일,광주광역시 북구 용봉동,경상사고,0,0,1,0,차대차 - 측면충돌,교차로운행방법위반,건조,맑음,교차로 - 교차로안,화물,남,61세,상해없음,승용,여,40세,경상
2017052600100183,2017년 5월 26일 08시,금요일,광주광역시 북구 신용동,경상사고,0,0,2,0,차대사람 - 횡단중,보행자보호의무위반,건조,맑음,교차로 - 교차로안,승용,남,39세,상해없음,보행자,남,7세,경상
2017052600100184,2017년 5월 26일 08시,금요일,광주광역시 광산구 운수동,경상사고,0,0,1,0,차대차 - 추돌,안전거리미확보,건조,맑음,단일로 - 기타,승용,남,59세,상해없음,승용,남,37세,상해없음
2017052600100259,2017년 5월 26일 10시,금요일,광주광역시 서구 동천동,경상사고,0,0,2,0,차대차 - 측면충돌,교차로운행방법위반,건조,맑음,교차로 - 교차로안,승용,남,42세,경상,승용,남,66세,경상
2017052600100363,2017년 5월 26일 13시,금요일,광주광역시 서구 농성동,경상사고,0,0,1,0,차대사람 - 횡단중,안전운전불이행,건조,맑음,교차로 - 교차로안,기타불명,기타불명,미분류,기타불명,보행자,여,35세,경상
2017052600100427,2017년 5월 26일 15시,금요일,광주광역시 광산구 장덕동,경상사고,0,0,3,0,차대차 - 측면충돌,안전거리미확보,건조,맑음,단일로 - 기타,승용,남,31세,상해없음,승용,여,61세,경상
2017052600100463,2017년 5월 26일 16시,금요일,광주광역시 서구 양동,경상사고,0,0,2,0,차대차 - 측면충돌,중앙선침범,건조,맑음,교차로 - 교차로부근,승용,남,70세,상해없음,화물,남,41세,경상
2017052600100464,2017년 5월 26일 16시,금요일,광주광역시 북구 신안동,중상사고,0,1,0,0,차대차 - 측면충돌,안전거리미확보,건조,맑음,단일로 - 기타,승용,남,59세,상해없음,이륜,남,22세,중상
2017052600100561,2017년 5월 26일 18시,금요일,광주광역시 동구 학동,경상사고,0,0,1,0,차대차 - 측면충돌,신호위반,건조,맑음,교차로 - 교차로안,승용,여,60세,상해없음,승용,여,60세,경상
2017052600100562,2017년 5월 26일 18시,금요일,광주광역시 북구 양산동,경상사고,0,0,1,0,차대차 - 정면충돌,안전거리미확보,건조,맑음,교차로 - 교차로부근,승용,남,25세,상해없음,승용,여,49세,경상
2017052600100563,2017년 5월 26일 18시,금요일,광주광역시 북구 두암동,경상사고,0,0,3,0,차대차 - 추돌,안전운전불이행,건조,맑음,단일로 - 기타,승용,남,40세,상해없음,승용,남,59세,경상
2017052600100564,2017년 5월 26일 18시,금요일,광주광역시 광산구 월곡동,경상사고,0,0,1,0,차대차 - 추돌,불법유턴,건조,맑음,단일로 - 기타,승합,남,55세,상해없음,원동기,남,17세,경상
2017052600100602,2017년 5월 26일 19시,금요일,광주광역시 북구 각화동,경상사고,0,0,1,0,차대차 - 정면충돌,차로위반,건조,맑음,교차로 - 교차로부근,화물,남,75세,상해없음,이륜,남,16세,경상
2017052600100647,2017년 5월 26일 20시,금요일,광주광역시 북구 오치동,경상사고,0,0,1,0,차대차 - 측면충돌,안전운전불이행,건조,맑음,교차로 - 교차로횡단보도내,승용,남,27세,상해없음,자전거,남,9세,경상
2017052600100680,2017년 5월 26일 21시,금요일,광주광역시 광산구 신가동,경상사고,0,0,1,0,차대사람 - 횡단중,신호위반,건조,맑음,단일로 - 기타,이륜,남,37세,상해없음,보행자,여,12세,경상
2017052600100710,2017년 5월 26일 22시,금요일,광주광역시 동구 금남로1가,중상사고,0,1,0,0,차대사람 - 보도통행중,보행자보호의무위반,건조,맑음,기타 - 기타,승용,남,25세,상해없음,보행자,여,57세,중상
2017052600100711,2017년 5월 26일 22시,금요일,광주광역시 광산구 수완동,경상사고,0,0,1,0,차대차 - 기타,안전운전불이행,건조,맑음,단일로 - 기타,승용,남,38세,상해없음,승용,남,42세,상해없음
2017052600100741,2017년 5월 26일 23시,금요일,광주광역시 동구 서석동,경상사고,0,0,2,0,차대차 - 측면충돌,신호위반,건조,맑음,교차로 - 교차로안,화물,남,55세,경상,승용,여,54세,경상
2017052600100742,2017년 5월 26일 23시,금요일,광주광역시 서구 치평동,경상사고,0,0,2,0,차대차 - 측면충돌,신호위반,건조,맑음,교차로 - 교차로안,승용,남,34세,상해없음,승용,여,26세,경상
2017052700100043,2017년 5월 27일 00시,토요일,광주광역시 서구 금호동,경상사고,0,0,1,0,차대차 - 추돌,안전운전불이행,건조,맑음,단일로 - 기타,승용,남,63세,상해없음,승용,남,43세,경상
2017052700100088,2017년 5월 27일 03시,토요일,광주광역시 서구 화정동,경상사고,0,0,4,0,차대차 - 추돌,안전운전불이행,건조,맑음,교차로 - 교차로부근,승용,남,61세,상해없음,승용,남,32세,경상