사고번호,사고일시,요일,시군구,사고내용,사망자수,중상자수,경상자수,부상신고자수,사고유형,법규위반,노면상태,기상상태,도로형태,가해운전자 차종,가해운전자 성별,가해운전자 연령,가해운전자 상해정도,피해운전자 차종,피해운전자 성별,피해운전자 연령,피해운전자 상해정도
2017060200100280,2017년 6월 2일 11시,금요일,광주광역시 광산구 수완동,경상사고,0,0,1,0,차대차 - 측면충돌,교차로운행방법위반,건조,맑음,교차로 - 교차로안,화물,남,69세,상해없음,승용,여,36세,경상
2017060200100327,2017년 6월 2일 13시,금요일,광주광역시 서구 치평동,경상사고,0,0,4,0,차대차 - 측면충돌,신호위반,건조,맑음,교차로 - 교차로부근,승용,여,28세,경상,승용,여,37세,경상
2017060200100357,2017년 6월 2일 14시,금요일,광주광역시 북구 중흥동,경상사고,0,0,1,0,차대차 - 측면충돌,안전운전불이행,건조,맑음,교차로 - 교차로안,화물,남,58세,상해없음,승용,남,40세,경상
2017060200100389,2017년 6월 2일 15시,금요일,광주광역시 북구 신용동,경상사고,0,0,3,0,차대차 - 정면충돌,안전운전불이행,건조,맑음,교차로 - 교차로안,승용,여,41세,상해없음,승용,남,58세,경상
2017060200100434,2017년 6월 2일 16시,금요일,광주광역시 서구 쌍촌동,경상사고,0,0,1,0,차대차 - 측면충돌,안전운전불이행,건조,맑음,단일로 - 기타,승용,남,67세,상해없음,특수,남,52세,경상
2017060200100435,2017년 6월 2일 16시,금요일,광주광역시 광산구 산정동,경상사고,0,0,1,0,차대차 - 측면충돌,중앙선침범,건조,맑음,단일로 - 기타,승용,남,49세,상해없음,승용,여,31세,경상
2017060200100436,2017년 6월 2일 16시,금요일,광주광역시 광산구 수완동,경상사고,0,0,1,0,차대차 - 측면충돌,기타,건조,맑음,주차장 - 주차장,승용,남,67세,상해없음,승용,남,41세,경상
2017060200100471,2017년 6월 2일 17시,금요일,광주광역시 서구 화정동,경상사고,0,0,1,0,차대차 - 측면충돌,안전운전불이행,건조,맑음,교차로 - 교차로안,승합,남,51세,상해없음,승용,남,47세,경상
2017060200100472,2017년 6월 2일 17시,금요일,광주광역시 북구 오치동,경상사고,0,0,1,0,차대차 - 측면충돌,신호위반,건조,맑음,교차로 - 교차로안,승용,여,56세,상해없음,승용,남,40세,경상
2017060200100473,2017년 6월 2일 17시,금요일,광주광역시 광산구 우산동,중상사고,0,1,0,0,차대사람 - 횡단중,안전운전불이행,건조,맑음,교차로 - 교차로안,승용,여,52세,상해없음,보행자,여,57세,중상
2017060200100520,2017년 6월 2일 18시,금요일,광주광역시 동구 장동,중상사고,0,1,0,0,차대사람 - 횡단중,안전운전불이행,건조,맑음,단일로 - 기타,승합,남,56세,상해없음,보행자,여,84세,중상
2017060200100521,2017년 6월 2일 18시,금요일,광주광역시 광산구 황룡동,경상사고,0,0,2,0,차대차 - 측면충돌,중앙선침범,건조,맑음,기타 - 기타,승용,남,47세,상해없음,승용,여,44세,경상
2017060200100597,2017년 6월 2일 20시,금요일,광주광역시 동구 학동,부상신고사고,0,0,0,1,차대사람 - 횡단중,안전운전불이행,건조,맑음,단일로 - 기타,승용,남,31세,기타불명,보행자,여,60세,부상신고
2017060200100598,2017년 6월 2일 20시,금요일,광주광역시 광산구 신가동,경상사고,0,0,1,0,차대차 - 측면충돌,안전거리미확보,건조,맑음,단일로 - 기타,승용,여,32세,상해없음,승용,남,50세,상해없음
2017060200100625,2017년 6월 2일 21시,금요일,광주광역시 광산구 우산동,경상사고,0,0,2,0,차대차 - 측면충돌,교차로운행방법위반,건조,맑음,교차로 - 교차로안,승용,남,56세,경상,승용,남,30세,경상
2017060200100660,2017년 6월 2일 22시,금요일,광주광역시 서구 치평동,경상사고,0,0,1,0,차대사람 - 기타,안전운전불이행,건조,맑음,교차로 - 교차로안,승용,여,31세,상해없음,보행자,남,18세,경상
2017060200100661,2017년 6월 2일 22시,금요일,광주광역시 광산구 하남동,경상사고,0,0,1,0,차대차 - 측면충돌,안전운전불이행,건조,맑음,교차로 - 교차로안,이륜,남,16세,경상,승용,남,37세,상해없음
2017060200100662,2017년 6월 2일 22시,금요일,광주광역시 광산구 하남동,중상사고,0,1,0,0,차량단독 - 기타,안전운전불이행,건조,맑음,단일로 - 기타,승용,남,62세,상해없음,,,,
2017060300100039,2017년 6월 3일 00시,토요일,광주광역시 북구 일곡동,경상사고,0,0,2,0,차대차 - 추돌,안전운전불이행,건조,맑음,단일로 - 기타,승용,남,39세,상해없음,승용,남,55세,경상
2017060300100077,2017년 6월 3일 02시,토요일,광주광역시 북구 신안동,경상사고,0,0,2,0,차대차 - 측면충돌,안전운전불이행,건조,맑음,교차로 - 교차로안,승용,남,35세,상해없음,승용,남,68세,경상
2017060300100097,2017년 6월 3일 04시,토요일,광주광역시 북구 동림동,경상사고,0,0,1,0,차대차 - 정면충돌,안전운전불이행,건조,맑음,단일로 - 기타,승용,남,39세,상해없음,승용,남,58세,상해없음
2017060300100214,2017년 6월 3일 10시,토요일,광주광역시 북구 문흥동,경상사고,0,0,1,0,차대차 - 추돌,안전운전불이행,건조,맑음,단일로 - 기타,승용,남,60세,상해없음,승용,여,43세,경상
2017060300100259,2017년 6월 3일 11시,토요일,광주광역시 남구 송하동,경상사고,0,0,4,0,차대차 - 정면충돌,안전거리미확보,건조,맑음,단일로 - 기타,승용,남,44세,상해없음,승용,남,43세,경상
2017060300100260,2017년 6월 3일 11시,토요일,광주광역시 북구 중흥동,경상사고,0,0,1,0,차대차 - 기타,안전운전불이행,건조,맑음,단일로 - 기타,승용,남,32세,상해없음,승용,남,36세,경상
2017060300100292,2017년 6월 3일 12시,토요일,광주광역시 서구 풍암동,경상사고,0,0,1,0,차대차 - 측면충돌,안전운전불이행,건조,맑음,단일로 - 기타,원동기,남,52세,경상,승용,남,54세,상해없음
2017060300100293,2017년 6월 3일 12시,토요일,광주광역시 서구 풍암동,경상사고,0,0,1,0,차대차 - 추돌,안전거리미확보,건조,맑음,단일로 - 기타,승용,남,47세,상해없음,승용,남,52세,경상
2017060300100331,2017년 6월 3일 13시,토요일,광주광역시 광산구 쌍암동,경상사고,0,0,2,0,차대차 - 측면충돌,안전운전불이행,건조,맑음,주차장 - 주차장,승용,여,49세,상해없음,승용,남,34세,경상
2017060300100368,2017년 6월 3일 14시,토요일,광주광역시 서구 유촌동,경상사고,0,0,1,0,차대차 - 측면충돌,교차로운행방법위반,건조,맑음,교차로 - 교차로안,승용,여,47세,상해없음,승용,여,53세,경상
2017060300100369,2017년 6월 3일 14시,토요일,광주광역시 서구 양동,경상사고,0,0,1,0,차대차 - 추돌,안전운전불이행,건조,맑음,단일로 - 기타,승용,남,68세,상해없음,승용,남,36세,상해없음
2017060300100403,2017년 6월 3일 15시,토요일,광주광역시 동구 금남로5가,경상사고,0,0,5,0,차대차 - 기타,안전거리미확보,건조,맑음,단일로 - 기타,승합,남,51세,상해없음,승합,남,49세,상해없음
2017060300100404,2017년 6월 3일 15시,토요일,광주광역시 남구 도금동,경상사고,0,0,2,0,차대차 - 기타,기타,건조,맑음,기타 - 기타,건설기계,남,43세,상해없음,화물,남,57세,경상
2017060300100405,2017년 6월 3일 15시,토요일,광주광역시 남구 봉선동,경상사고,0,0,1,0,차대차 - 기타,안전운전불이행,건조,맑음,교차로 - 교차로부근,승용,여,46세,상해없음,화물,남,39세,경상
2017060300100442,2017년 6월 3일 16시,토요일,광주광역시 서구 풍암동,경상사고,0,0,1,0,차대차 - 측면충돌,중앙선침범,건조,맑음,단일로 - 기타,승용,남,44세,상해없음,자전거,남,33세,경상
2017060300100443,2017년 6월 3일 16시,토요일,광주광역시 남구 양림동,경상사고,0,0,1,0,차대차 - 기타,교차로운행방법위반,건조,맑음,교차로 - 교차로안,승용,여,37세,상해없음,자전거,남,77세,경상
2017060300100505,2017년 6월 3일 17시,토요일,광주광역시 서구 금호동,경상사고,0,0,1,0,차대차 - 추돌,안전거리미확보,건조,맑음,교차로 - 교차로안,승용,남,43세,상해없음,기타불명,기타불명,미분류,기타불명
2017060300100506,2017년 6월 3일 17시,토요일,광주광역시 남구 백운동,부상신고사고,0,0,0,1,차대차 - 정면충돌,안전거리미확보,건조,맑음,기타 - 기타,승용,남,18세,상해없음,승용,여,38세,부상신고
2017060300100507,2017년 6월 3일 17시,토요일,광주광역시 북구 두암동,경상사고,0,0,1,0,차대차 - 기타,안전운전불이행,건조,맑음,교차로 - 교차로안,승용,여,31세,상해없음,자전거,남,15세,경상
2017060300100601,2017년 6월 3일 20시,토요일,광주광역시 서구 유촌동,중상사고,0,1,2,0,차대차 - 추돌,교차로운행방법위반,건조,맑음,교차로 - 교차로안,승용,여,34세,경상,승용,남,46세,중상
2017060300100602,2017년 6월 3일 20시,토요일,광주광역시 북구 용봉동,경상사고,0,0,2,0,차대차 - 기타,안전운전불이행,건조,맑음,단일로 - 기타,승용,남,58세,상해없음,이륜,남,19세,경상
2017060300100603,2017년 6월 3일 20시,토요일,광주광역시 광산구 하산동,경상사고,0,0,3,0,차대차 - 추돌,안전거리미확보,건조,맑음,교차로 - 교차로부근,승용,여,42세,상해없음,승용,여,39세,경상
2017060300100678,2017년 6월 3일 23시,토요일,광주광역시 남구 주월동,경상사고,0,0,1,0,차대사람 - 기타,안전운전불이행,건조,맑음,단일로 - 기타,승용,남,42세,상해없음,보행자,남,62세,경상
2017060400100030,2017년 6월 4일 00시,일요일,광주광역시 서구 치평동,경상사고,0,0,2,0,차대차 - 측면충돌,안전운전불이행,건조,맑음,교차로 - 교차로안,승용,남,56세,상해없음,승용,남,57세,상해없음
2017060400100031,2017년 6월 4일 00시,일요일,광주광역시 북구 임동,경상사고,0,0,2,0,차대차 - 추돌,안전운전불이행,건조,맑음,교차로 - 교차로안,승용,남,26세,상해없음,승용,여,34세,경상
2017060400100032,2017년 6월 4일 00시,일요일,광주광역시 광산구 쌍암동,경상사고,0,0,1,1,차대차 - 측면충돌,불법유턴,건조,맑음,교차로 - 교차로부근,승용,남,31세,상해없음,이륜,남,18세,경상
2017060400100041,2017년 6월 4일 01시,일요일,광주광역시 북구 용봉동,중상사고,0,1,1,0,차대차 - 측면충돌,안전운전불이행,건조,맑음,교차로 - 교차로부근,승용,남,47세,경상,이륜,남,20세,중상
2017060400100057,2017년 6월 4일 02시,일요일,광주광역시 서구 치평동,경상사고,0,0,2,0,차대차 - 측면충돌,신호위반,건조,맑음,교차로 - 교차로안,승용,남,47세,상해없음,승용,남,35세,경상
2017060400100078,2017년 6월 4일 04시,일요일,광주광역시 광산구 신가동,경상사고,0,0,1,0,차대차 - 측면충돌,안전운전불이행,건조,맑음,단일로 - 기타,승용,남,32세,상해없음,승용,여,26세,경상
2017060400100099,2017년 6월 4일 06시,일요일,광주광역시 광산구 복룡동,중상사고,0,1,3,0,차대차 - 추돌,안전거리미확보,건조,맑음,단일로 - 기타,승용,남,21세,상해없음,화물,남,70세,경상
2017060400100130,2017년 6월 4일 08시,일요일,광주광역시 서구 풍암동,경상사고,0,0,1,0,차대차 - 기타,안전운전불이행,건조,맑음,교차로 - 교차로안,승용,여,42세,상해없음,자전거,남,86세,경상
2017060400100174,2017년 6월 4일 10시,일요일,광주광역시 북구 우산동,경상사고,0,0,1,0,차대차 - 측면충돌,차로위반,건조,맑음,교차로 - 교차로안,승용,여,45세,경상,승용,남,67세,상해없음
2017060400100428,2017년 6월 4일 19시,일요일,광주광역시 광산구 신가동,중상사고,0,1,0,0,차대차 - 측면충돌,안전운전불이행,건조,맑음,교차로 - 교차로안,화물,남,65세,상해없음,이륜,남,17세,중상
2017060400100450,2017년 6월 4일 20시,일요일,광주광역시 광산구 월계동,중상사고,0,1,3,0,차대차 - 측면충돌,신호위반,건조,맑음,교차로 - 교차로안,화물,남,45세,상해없음,승용,남,58세,중상
2017060400100508,2017년 6월 4일 23시,일요일,광주광역시 광산구 도산동,경상사고,0,0,2,0,차대차 - 측면충돌,교차로운행방법위반,건조,맑음,교차로 - 교차로안,승용,남,26세,경상,승용,남,54세,경상
2017060500100030,2017년 6월 5일 00시,월요일,광주광역시 광산구 신가동,중상사고,0,1,0,0,차대사람 - 횡단중,과속,건조,맑음,교차로 - 교차로횡단보도내,승용,여,35세,상해없음,보행자,남,52세,중상
2017060500100049,2017년 6월 5일 02시,월요일,광주광역시 동구 금남로4가,중상사고,0,1,0,0,차대차 - 기타,신호위반,건조,맑음,교차로 - 교차로안,이륜,남,25세,상해없음,승용,남,67세,상해없음
2017060500100054,2017년 6월 5일 03시,월요일,광주광역시 동구 대인동,경상사고,0,0,1,0,차대차 - 추돌,안전운전불이행,건조,맑음,단일로 - 기타,승용,남,72세,상해없음,승용,남,35세,상해없음
2017060500100055,2017년 6월 5일 04시,월요일,광주광역시 동구 호남동,경상사고,0,0,2,0,차대차 - 측면충돌,교차로운행방법위반,건조,맑음,교차로 - 교차로안,승용,남,21세,경상,승용,남,60세,경상
2017060500100064,2017년 6월 5일 05시,월요일,광주광역시 광산구 하남동,경상사고,0,0,1,0,차대차 - 측면충돌,중앙선침범,건조,맑음,기타 - 기타,승용,여,30세,상해없음,승용,남,55세,경상
2017060500100096,2017년 6월 5일 07시,월요일,광주광역시 서구 농성동,경상사고,0,0,3,0,차대차 - 측면충돌,안전운전불이행,건조,맑음,교차로 - 교차로안,화물,남,51세,경상,승용,여,29세,경상
2017060500100132,2017년 6월 5일 08시,월요일,광주광역시 북구 임동,경상사고,0,0,1,0,차대차 - 측면충돌,교차로운행방법위반,건조,맑음,교차로 - 교차로안,승합,남,50세,상해없음,승용,남,44세,경상
2017060500100133,2017년 6월 5일 08시,월요일,광주광역시 광산구 신가동,경상사고,0,0,3,0,차대차 - 기타,안전운전불이행,건조,맑음,단일로 - 기타,승용,여,40세,상해없음,승용,여,41세,경상
2017060500100172,2017년 6월 5일 09시,월요일,광주광역시 서구 쌍촌동,경상사고,0,0,1,0,차대차 - 측면충돌,안전운전불이행,건조,맑음,단일로 - 기타,승용,남,64세,상해없음,이륜,남,40세,경상
2017060500100173,2017년 6월 5일 09시,월요일,광주광역시 남구 송하동,중상사고,0,1,0,0,차대차 - 추돌,안전거리미확보,건조,맑음,단일로 - 기타,화물,남,24세,상해없음,승합,남,59세,상해없음
2017060500100233,2017년 6월 5일 11시,월요일,광주광역시 광산구 비아동,경상사고,0,0,1,0,차대차 - 추돌,안전거리미확보,건조,맑음,단일로 - 기타,승용,여,22세,상해없음,승용,남,61세,경상
2017060500100261,2017년 6월 5일 12시,월요일,광주광역시 광산구 송정동,중상사고,0,1,0,0,차대사람 - 기타,안전운전불이행,건조,맑음,단일로 - 기타,승용,남,51세,상해없음,보행자,남,55세,중상
2017060500100351,2017년 6월 5일 15시,월요일,광주광역시 광산구 신가동,경상사고,0,0,1,0,차대사람 - 횡단중,안전운전불이행,건조,맑음,단일로 - 기타,승용,여,48세,상해없음,보행자,여,9세,경상
2017060500100405,2017년 6월 5일 16시,월요일,광주광역시 북구 문흥동,경상사고,0,0,1,0,차대사람 - 횡단중,신호위반,건조,맑음,교차로 - 교차로횡단보도내,이륜,남,58세,기타불명,보행자,여,9세,경상
2017060500100406,2017년 6월 5일 16시,월요일,광주광역시 북구 용봉동,경상사고,0,0,4,0,차대차 - 추돌,안전운전불이행,건조,맑음,교차로 - 교차로안,승용,여,47세,기타불명,승용,남,29세,경상
2017060500100443,2017년 6월 5일 17시,월요일,광주광역시 남구 봉선동,중상사고,0,1,0,0,차량단독 - 기타,안전운전불이행,건조,맑음,기타 - 기타,기타불명,기타불명,미분류,기타불명,,,,
2017060500100444,2017년 6월 5일 17시,월요일,광주광역시 광산구 산월동,부상신고사고,0,0,0,1,차대사람 - 횡단중,보행자보호의무위반,건조,맑음,교차로 - 교차로안,기타불명,기타불명,미분류,기타불명,보행자,남,17세,부상신고
2017060500100490,2017년 6월 5일 18시,월요일,광주광역시 동구 수기동,경상사고,0,0,1,0,차대차 - 측면충돌,교차로운행방법위반,건조,맑음,교차로 - 교차로안,승용,남,46세,상해없음,승용,남,51세,경상
2017060500100491,2017년 6월 5일 18시,월요일,광주광역시 광산구 쌍암동,부상신고사고,0,0,0,1,차대사람 - 횡단중,안전운전불이행,건조,맑음,단일로 - 기타,기타불명,기타불명,미분류,기타불명,보행자,남,28세,부상신고
2017060500100526,2017년 6월 5일 19시,월요일,광주광역시 북구 오치동,경상사고,0,0,1,0,차대차 - 정면충돌,중앙선침범,건조,맑음,단일로 - 기타,자전거,남,74세,경상,승용,남,35세,상해없음
2017060500100568,2017년 6월 5일 20시,월요일,광주광역시 광산구 장록동,경상사고,0,0,1,0,차대차 - 측면충돌,신호위반,건조,맑음,교차로 - 교차로안,승용,남,58세,상해없음,승용,남,33세,경상
2017060500100599,2017년 6월 5일 21시,월요일,광주광역시 북구 용두동,경상사고,0,0,4,0,차대차 - 정면충돌,안전운전불이행,건조,맑음,교차로 - 교차로부근,승용,남,54세,상해없음,승용,여,44세,경상
2017060500100623,2017년 6월 5일 22시,월요일,광주광역시 동구 산수동,중상사고,0,1,0,0,차대차 - 측면충돌,안전운전불이행,건조,맑음,단일로 - 기타,승용,남,56세,상해없음,자전거,남,13세,중상
2017060500100624,2017년 6월 5일 22시,월요일,광주광역시 서구 치평동,중상사고,0,1,0,0,차대사람 - 횡단중,중앙선침범,건조,맑음,단일로 - 기타,승용,남,23세,상해없음,보행자,여,23세,중상
2017060500100625,2017년 6월 5일 22시,월요일,광주광역시 광산구 수완동,경상사고,0,0,1,0,차대차 - 측면충돌,안전운전불이행,건조,맑음,교차로 - 교차로부근,승용,남,24세,상해없음,승용,여,32세,경상
2017060500100658,2017년 6월 5일 23시,월요일,광주광역시 북구 신안동,경상사고,0,0,2,0,차대차 - 추돌,안전거리미확보,건조,맑음,단일로 - 기타,승용,남,67세,상해없음,승용,남,22세,경상
2017060600100026,2017년 6월 6일 00시,화요일,광주광역시 서구 마륵동,부상신고사고,0,0,0,1,차량단독 - 전도전복 - 전도,안전운전불이행,건조,맑음,교차로 - 교차로부근,승용,여,53세,부상신고,,,,
2017060600100129,2017년 6월 6일 09시,화요일,광주광역시 북구 용전동,중상사고,0,3,1,0,차대차 - 측면충돌,안전운전불이행,건조,맑음,교차로 - 교차로안,승용,여,54세,중상,승용,남,49세,경상
2017060600100262,2017년 6월 6일 14시,화요일,광주광역시 동구 대인동,경상사고,0,0,1,0,차대사람 - 기타,안전운전불이행,젖음/습기,비,교차로 - 교차로안,승합,남,52세,상해없음,보행자,남,79세,경상
2017060600100263,2017년 6월 6일 14시,화요일,광주광역시 동구 선교동,중상사고,0,1,0,0,차대차 - 측면충돌,안전운전불이행,젖음/습기,비,단일로 - 기타,승용,남,29세,상해없음,이륜,남,76세,중상
2017060600100494,2017년 6월 6일 21시,화요일,광주광역시 동구 학동,경상사고,0,0,1,0,차대차 - 추돌,안전거리미확보,젖음/습기,맑음,단일로 - 기타,승용,남,67세,상해없음,승용,남,28세,경상
2017060600100495,2017년 6월 6일 21시,화요일,광주광역시 북구 운암동,경상사고,0,0,2,0,차대차 - 추돌,안전운전불이행,젖음/습기,비,단일로 - 기타,화물,남,49세,상해없음,승용,남,27세,경상
2017060600100532,2017년 6월 6일 22시,화요일,광주광역시 동구 불로동,중상사고,0,1,0,0,차대차 - 측면충돌,신호위반,젖음/습기,비,교차로 - 교차로안,승용,남,44세,상해없음,승용,남,47세,중상
2017060700100104,2017년 6월 7일 06시,수요일,광주광역시 남구 주월동,중상사고,0,1,0,0,차대사람 - 기타,안전운전불이행,건조,맑음,교차로 - 교차로안,승합,남,32세,상해없음,보행자,여,90세 이상,중상
2017060700100105,2017년 6월 7일 06시,수요일,광주광역시 북구 운암동,경상사고,0,0,1,0,차대차 - 추돌,안전운전불이행,젖음/습기,비,단일로 - 기타,승용,남,68세,상해없음,승용,여,61세,경상
2017060700100124,2017년 6월 7일 07시,수요일,광주광역시 광산구 장덕동,경상사고,0,0,1,0,차대차 - 측면충돌,직진우회전진행방해,건조,맑음,교차로 - 교차로안,승용,남,27세,상해없음,승용,남,38세,경상
2017060700100152,2017년 6월 7일 08시,수요일,광주광역시 남구 주월동,경상사고,0,0,1,0,차대차 - 측면충돌,안전거리미확보,젖음/습기,흐림,단일로 - 기타,승용,여,42세,상해없음,승용,남,23세,경상
2017060700100153,2017년 6월 7일 08시,수요일,광주광역시 북구 신안동,경상사고,0,0,1,0,차대차 - 측면충돌,안전운전불이행,건조,맑음,단일로 - 기타,승용,여,51세,상해없음,자전거,남,74세,경상
2017060700100209,2017년 6월 7일 10시,수요일,광주광역시 서구 화정동,경상사고,0,0,1,0,차대사람 - 횡단중,신호위반,건조,맑음,교차로 - 교차로부근,승용,남,42세,상해없음,보행자,여,33세,경상
2017060700100301,2017년 6월 7일 13시,수요일,광주광역시 광산구 우산동,경상사고,0,0,2,0,차대차 - 측면충돌,안전거리미확보,건조,맑음,단일로 - 기타,화물,남,25세,상해없음,승용,남,41세,경상
2017060700100333,2017년 6월 7일 14시,수요일,광주광역시 동구 금동,경상사고,0,0,1,0,차대사람 - 횡단중,안전운전불이행,건조,맑음,교차로 - 교차로안,승용,남,68세,상해없음,보행자,여,58세,경상
2017060700100334,2017년 6월 7일 14시,수요일,광주광역시 북구 매곡동,경상사고,0,0,1,0,차대사람 - 기타,안전운전불이행,건조,맑음,교차로 - 교차로부근,화물,남,66세,상해없음,보행자,남,68세,경상
2017060700100424,2017년 6월 7일 17시,수요일,광주광역시 동구 지산동,경상사고,0,0,1,0,차대사람 - 횡단중,보행자보호의무위반,건조,맑음,단일로 - 기타,승용,남,48세,상해없음,보행자,남,7세,경상
2017060700100461,2017년 6월 7일 18시,수요일,광주광역시 북구 대촌동,경상사고,0,0,1,0,차대차 - 측면충돌,기타,건조,맑음,단일로 - 기타,화물,남,48세,상해없음,승용,여,36세,경상
2017060700100510,2017년 6월 7일 20시,수요일,광주광역시 북구 오룡동,경상사고,0,0,1,0,차대차 - 추돌,안전운전불이행,건조,맑음,기타 - 기타,이륜,남,44세,상해없음,승용,남,33세,상해없음
2017060700100511,2017년 6월 7일 20시,수요일,광주광역시 광산구 쌍암동,중상사고,0,2,0,0,차대차 - 정면충돌,안전운전불이행,건조,맑음,교차로 - 교차로안,승용,남,67세,상해없음,원동기,남,17세,중상
2017060700100570,2017년 6월 7일 22시,수요일,광주광역시 남구 월산동,부상신고사고,0,0,0,1,차대사람 - 기타,안전운전불이행,건조,맑음,단일로 - 기타,자전거,남,33세,상해없음,보행자,여,49세,부상신고
2017060700100582,2017년 6월 7일 23시,수요일,광주광역시 북구 용봉동,경상사고,0,0,1,0,차대사람 - 기타,안전운전불이행,건조,맑음,교차로 - 교차로부근,승용,여,31세,상해없음,보행자,남,24세,경상
2017060800100034,2017년 6월 8일 00시,목요일,광주광역시 남구 방림동,경상사고,0,0,1,0,차대차 - 정면충돌,안전거리미확보,건조,맑음,단일로 - 기타,승용,남,57세,상해없음,원동기,남,23세,경상
2017060800100046,2017년 6월 8일 01시,목요일,광주광역시 남구 진월동,경상사고,0,0,3,0,차대차 - 정면충돌,안전거리미확보,건조,맑음,단일로 - 기타,승용,남,56세,경상,승용,여,27세,경상
2017060800100047,2017년 6월 8일 01시,목요일,광주광역시 남구 방림동,경상사고,0,0,1,0,차대차 - 측면충돌,안전운전불이행,건조,맑음,단일로 - 기타,승용,여,28세,상해없음,승용,여,47세,경상
2017060800100048,2017년 6월 8일 01시,목요일,광주광역시 북구 우산동,경상사고,0,0,1,0,차대차 - 정면충돌,안전운전불이행,건조,맑음,단일로 - 기타,승용,여,35세,상해없음,승용,남,69세,경상
2017060800100062,2017년 6월 8일 03시,목요일,광주광역시 광산구 월계동,경상사고,0,0,1,0,차대차 - 측면충돌,신호위반,건조,맑음,교차로 - 교차로안,화물,남,40세,상해없음,승용,남,19세,경상
2017060800100080,2017년 6월 8일 05시,목요일,광주광역시 서구 매월동,경상사고,0,0,2,0,차대차 - 기타,안전운전불이행,건조,맑음,단일로 - 기타,승용,남,57세,경상,승용,남,28세,경상
2017060800100106,2017년 6월 8일 07시,목요일,광주광역시 서구 화정동,경상사고,0,0,1,0,차대차 - 기타,교차로운행방법위반,건조,맑음,교차로 - 교차로안,승용,남,25세,경상,승합,남,59세,상해없음
2017060800100107,2017년 6월 8일 07시,목요일,광주광역시 남구 방림동,경상사고,0,0,1,0,차대사람 - 기타,안전운전불이행,건조,맑음,단일로 - 기타,승용,남,63세,상해없음,보행자,여,24세,경상
2017060800100192,2017년 6월 8일 10시,목요일,광주광역시 북구 신안동,경상사고,0,0,5,0,차대차 - 측면충돌,차로위반,건조,맑음,단일로 - 기타,승용,남,40세,상해없음,승용,남,22세,경상
2017060800100193,2017년 6월 8일 10시,목요일,광주광역시 광산구 송정동,경상사고,0,0,1,0,차대차 - 측면충돌,안전운전불이행,건조,맑음,단일로 - 기타,승용,남,42세,상해없음,원동기,남,16세,경상
2017060800100252,2017년 6월 8일 12시,목요일,광주광역시 서구 유촌동,중상사고,0,1,0,0,차대차 - 측면충돌,안전거리미확보,건조,맑음,교차로 - 교차로안,승용,남,66세,상해없음,승용,남,55세,상해없음
2017060800100253,2017년 6월 8일 12시,목요일,광주광역시 서구 양동,중상사고,0,1,0,0,차대차 - 추돌,안전운전불이행,건조,맑음,단일로 - 기타,승용,남,73세,상해없음,자전거,남,81세,중상
2017060800100254,2017년 6월 8일 12시,목요일,광주광역시 북구 매곡동,경상사고,0,0,2,0,차대사람 - 기타,안전운전불이행,건조,맑음,기타 - 기타,승용,여,56세,상해없음,보행자,여,18세,경상
2017060800100280,2017년 6월 8일 13시,목요일,광주광역시 북구 양산동,경상사고,0,0,3,0,차대차 - 측면충돌,안전운전불이행,건조,맑음,교차로 - 교차로안,승합,남,47세,경상,화물,남,53세,경상
2017060800100339,2017년 6월 8일 15시,목요일,광주광역시 서구 유촌동,경상사고,0,0,1,0,차대차 - 추돌,안전운전불이행,건조,맑음,단일로 - 기타,화물,남,25세,상해없음,승용,남,68세,경상
2017060800100422,2017년 6월 8일 17시,목요일,광주광역시 서구 치평동,경상사고,0,0,1,0,차대차 - 기타,신호위반,건조,맑음,교차로 - 교차로부근,승용,여,53세,상해없음,자전거,남,16세,경상
2017060800100423,2017년 6월 8일 17시,목요일,광주광역시 서구 광천동,경상사고,0,0,1,0,차대차 - 추돌,안전운전불이행,건조,맑음,교차로 - 교차로부근,승용,남,45세,상해없음,승용,남,45세,경상
2017060800100424,2017년 6월 8일 17시,목요일,광주광역시 북구 두암동,중상사고,0,1,0,0,차대사람 - 횡단중,안전운전불이행,건조,맑음,교차로 - 교차로부근,승용,여,64세,기타불명,보행자,여,80세,중상
2017060800100464,2017년 6월 8일 18시,목요일,광주광역시 광산구 쌍암동,경상사고,0,0,3,0,차대차 - 측면충돌,교차로운행방법위반,건조,맑음,교차로 - 교차로안,승용,여,45세,경상,승용,남,53세,경상
2017060800100521,2017년 6월 8일 20시,목요일,광주광역시 서구 화정동,부상신고사고,0,0,0,1,차대차 - 측면충돌,중앙선침범,건조,맑음,단일로 - 기타,승용,남,31세,상해없음,승용,남,38세,부상신고
2017060800100522,2017년 6월 8일 20시,목요일,광주광역시 서구 농성동,경상사고,0,0,3,0,차대차 - 측면충돌,교차로운행방법위반,건조,맑음,교차로 - 교차로안,승용,여,57세,상해없음,승용,여,47세,상해없음
2017060800100540,2017년 6월 8일 21시,목요일,광주광역시 북구 운암동,경상사고,0,0,1,0,차대차 - 측면충돌,안전운전불이행,건조,맑음,단일로 - 기타,승용,남,26세,상해없음,이륜,남,29세,경상
2017060800100584,2017년 6월 8일 23시,목요일,광주광역시 북구 운암동,중상사고,0,1,1,0,차대사람 - 횡단중,안전운전불이행,건조,맑음,단일로 - 고가도로위,승용,남,48세,상해없음,보행자,남,17세,중상