사고번호,사고일시,요일,시군구,사고내용,사망자수,중상자수,경상자수,부상신고자수,사고유형,법규위반,노면상태,기상상태,도로형태,가해운전자 차종,가해운전자 성별,가해운전자 연령,가해운전자 상해정도,피해운전자 차종,피해운전자 성별,피해운전자 연령,피해운전자 상해정도
2017060900100032,2017년 6월 9일 00시,금요일,광주광역시 서구 농성동,경상사고,0,0,1,0,차대사람 - 횡단중,신호위반,건조,맑음,교차로 - 교차로안,승용,남,73세,상해없음,보행자,남,38세,경상
2017060900100033,2017년 6월 9일 00시,금요일,광주광역시 서구 광천동,경상사고,0,0,1,0,차대차 - 추돌,안전운전불이행,건조,맑음,교차로 - 교차로부근,승용,남,39세,상해없음,원동기,남,25세,경상
2017060900100044,2017년 6월 9일 01시,금요일,광주광역시 북구 삼각동,경상사고,0,0,1,0,차대사람 - 횡단중,안전운전불이행,건조,맑음,단일로 - 기타,승용,남,34세,상해없음,보행자,남,19세,경상
2017060900100058,2017년 6월 9일 04시,금요일,광주광역시 북구 누문동,경상사고,0,0,4,0,차대차 - 기타,교차로운행방법위반,건조,맑음,교차로 - 교차로안,화물,남,47세,경상,승용,남,21세,경상
2017060900100146,2017년 6월 9일 08시,금요일,광주광역시 광산구 운수동,경상사고,0,0,1,0,차대차 - 기타,안전운전불이행,건조,맑음,교차로 - 교차로부근,승용,남,33세,상해없음,승용,남,44세,경상
2017060900100251,2017년 6월 9일 12시,금요일,광주광역시 북구 문흥동,중상사고,0,1,0,0,차대차 - 측면충돌,중앙선침범,건조,맑음,단일로 - 기타,자전거,남,88세,중상,승용,여,34세,상해없음
2017060900100274,2017년 6월 9일 13시,금요일,광주광역시 남구 송하동,경상사고,0,0,1,0,차대차 - 기타,안전운전불이행,건조,맑음,교차로 - 교차로안,승용,남,43세,상해없음,승용,남,46세,경상
2017060900100275,2017년 6월 9일 13시,금요일,광주광역시 북구 삼각동,경상사고,0,0,1,0,차대차 - 정면충돌,교차로운행방법위반,건조,맑음,교차로 - 교차로안,승용,여,34세,상해없음,화물,남,38세,경상
2017060900100310,2017년 6월 9일 14시,금요일,광주광역시 남구 주월동,중상사고,0,1,3,0,차대차 - 측면충돌,중앙선침범,건조,맑음,단일로 - 기타,승용,남,68세,상해없음,승용,여,31세,경상
2017060900100311,2017년 6월 9일 14시,금요일,광주광역시 북구 풍향동,경상사고,0,0,1,0,차대차 - 측면충돌,안전운전불이행,건조,맑음,단일로 - 기타,승용,남,61세,상해없음,이륜,남,63세,경상
2017060900100349,2017년 6월 9일 15시,금요일,광주광역시 남구 백운동,중상사고,0,1,0,0,차대차 - 측면충돌,신호위반,건조,맑음,단일로 - 기타,승용,남,71세,상해없음,자전거,남,64세,중상
2017060900100350,2017년 6월 9일 15시,금요일,광주광역시 북구 용봉동,경상사고,0,0,1,0,차대차 - 정면충돌,안전운전불이행,건조,맑음,단일로 - 기타,승용,남,25세,상해없음,승용,여,52세,경상
2017060900100389,2017년 6월 9일 16시,금요일,광주광역시 북구 신안동,경상사고,0,0,2,0,차대차 - 추돌,안전운전불이행,건조,맑음,교차로 - 교차로부근,승용,남,29세,상해없음,승용,남,34세,경상
2017060900100482,2017년 6월 9일 18시,금요일,광주광역시 남구 월산동,경상사고,0,0,1,0,차대사람 - 기타,안전운전불이행,건조,맑음,단일로 - 기타,승용,남,53세,상해없음,보행자,여,55세,경상
2017060900100483,2017년 6월 9일 18시,금요일,광주광역시 남구 백운동,경상사고,0,0,3,0,차대차 - 측면충돌,안전운전불이행,건조,맑음,단일로 - 기타,승용,여,62세,경상,승용,남,27세,경상
2017060900100484,2017년 6월 9일 18시,금요일,광주광역시 광산구 운남동,경상사고,0,0,1,0,차대차 - 추돌,안전거리미확보,건조,맑음,교차로 - 교차로부근,승용,남,24세,상해없음,승용,남,29세,경상
2017060900100514,2017년 6월 9일 19시,금요일,광주광역시 북구 문흥동,경상사고,0,0,2,0,차대사람 - 횡단중,안전운전불이행,건조,맑음,단일로 - 기타,승용,남,22세,상해없음,보행자,여,6세,경상
2017060900100544,2017년 6월 9일 20시,금요일,광주광역시 동구 충장로2가,경상사고,0,0,1,0,차대사람 - 길가장자리구역통행중,신호위반,건조,맑음,교차로 - 교차로안,화물,남,59세,상해없음,보행자,남,17세,경상
2017060900100545,2017년 6월 9일 20시,금요일,광주광역시 남구 봉선동,경상사고,0,0,1,0,차대사람 - 기타,안전운전불이행,건조,맑음,단일로 - 기타,기타불명,기타불명,미분류,기타불명,보행자,남,44세,경상
2017060900100622,2017년 6월 9일 23시,금요일,광주광역시 서구 쌍촌동,경상사고,0,0,1,0,차대사람 - 횡단중,안전운전불이행,건조,맑음,단일로 - 기타,기타불명,기타불명,미분류,기타불명,보행자,남,47세,경상
2017061000100033,2017년 6월 10일 00시,토요일,광주광역시 광산구 수완동,중상사고,0,1,0,0,차대차 - 측면충돌,안전운전불이행,건조,맑음,교차로 - 교차로횡단보도내,승용,남,45세,상해없음,자전거,여,25세,중상
2017061000100062,2017년 6월 10일 02시,토요일,광주광역시 북구 두암동,경상사고,0,0,3,0,차대차 - 측면충돌,신호위반,건조,맑음,교차로 - 교차로안,승용,남,27세,상해없음,승용,남,39세,경상
2017061000100085,2017년 6월 10일 04시,토요일,광주광역시 서구 치평동,중상사고,0,1,0,0,차대사람 - 횡단중,보행자보호의무위반,건조,맑음,교차로 - 교차로횡단보도내,승용,남,30세,상해없음,보행자,여,35세,중상
2017061000100252,2017년 6월 10일 11시,토요일,광주광역시 서구 농성동,경상사고,0,0,2,0,차대차 - 추돌,안전운전불이행,건조,맑음,단일로 - 기타,승용,남,38세,상해없음,화물,남,38세,경상
2017061000100288,2017년 6월 10일 12시,토요일,광주광역시 서구 금호동,경상사고,0,0,1,0,차대차 - 추돌,안전운전불이행,건조,맑음,단일로 - 기타,승용,남,54세,상해없음,승용,여,64세,경상
2017061000100289,2017년 6월 10일 12시,토요일,광주광역시 광산구 도산동,중상사고,0,2,4,0,차대차 - 정면충돌,중앙선침범,건조,맑음,단일로 - 교량,승용,남,22세,상해없음,승용,여,34세,중상
2017061000100374,2017년 6월 10일 14시,토요일,광주광역시 동구 광산동,중상사고,0,1,0,0,차대사람 - 횡단중,보행자보호의무위반,건조,맑음,단일로 - 기타,승용,여,41세,상해없음,보행자,남,25세,중상
2017061000100401,2017년 6월 10일 15시,토요일,광주광역시 남구 송하동,경상사고,0,0,3,0,차대차 - 추돌,안전운전불이행,건조,맑음,단일로 - 기타,승용,여,41세,상해없음,승용,남,54세,경상
2017061000100428,2017년 6월 10일 16시,토요일,광주광역시 북구 운암동,중상사고,0,1,0,0,차대사람 - 횡단중,신호위반,건조,맑음,단일로 - 기타,승용,여,54세,상해없음,보행자,여,16세,중상
2017061000100473,2017년 6월 10일 17시,토요일,광주광역시 서구 쌍촌동,부상신고사고,0,0,0,1,차대차 - 기타,안전운전불이행,건조,기타,교차로 - 교차로부근,자전거,남,7세,부상신고,승용,남,29세,상해없음
2017061000100474,2017년 6월 10일 17시,토요일,광주광역시 북구 삼각동,경상사고,0,0,1,0,차대차 - 후진중충돌,안전운전불이행,건조,맑음,단일로 - 기타,승용,남,42세,상해없음,이륜,남,75세,경상
2017061000100527,2017년 6월 10일 19시,토요일,광주광역시 동구 산수동,부상신고사고,0,0,0,1,차대사람 - 기타,안전운전불이행,건조,맑음,단일로 - 기타,승용,남,34세,상해없음,보행자,남,52세,부상신고
2017061000100528,2017년 6월 10일 19시,토요일,광주광역시 남구 월산동,경상사고,0,0,3,0,차대차 - 측면충돌,안전운전불이행,건조,맑음,단일로 - 기타,승용,여,33세,상해없음,승용,남,30세,경상
2017061000100558,2017년 6월 10일 20시,토요일,광주광역시 서구 쌍촌동,경상사고,0,0,1,0,차대차 - 측면충돌,안전운전불이행,건조,맑음,교차로 - 교차로안,화물,남,59세,상해없음,승용,여,37세,경상
2017061000100589,2017년 6월 10일 21시,토요일,광주광역시 남구 월산동,중상사고,0,1,0,0,차대사람 - 횡단중,안전운전불이행,건조,맑음,단일로 - 기타,승용,남,25세,상해없음,보행자,남,59세,중상
2017061000100608,2017년 6월 10일 22시,토요일,광주광역시 서구 벽진동,중상사고,0,1,1,0,차대차 - 측면충돌,신호위반,건조,맑음,교차로 - 교차로안,이륜,남,54세,중상,승용,여,59세,경상
2017061000100609,2017년 6월 10일 22시,토요일,광주광역시 북구 동림동,경상사고,0,0,1,0,차대차 - 정면충돌,중앙선침범,건조,맑음,교차로 - 교차로부근,승용,남,39세,상해없음,승용,여,41세,경상
2017061100100030,2017년 6월 11일 00시,일요일,광주광역시 남구 서동,중상사고,0,1,0,0,차대사람 - 기타,안전운전불이행,건조,맑음,단일로 - 기타,승용,남,63세,상해없음,보행자,남,58세,중상
2017061100100073,2017년 6월 11일 03시,일요일,광주광역시 광산구 신창동,경상사고,0,0,1,0,차대사람 - 횡단중,안전운전불이행,건조,흐림,단일로 - 기타,승용,남,48세,상해없음,보행자,남,39세,경상
2017061100100113,2017년 6월 11일 06시,일요일,광주광역시 북구 망월동,경상사고,0,0,2,0,차대차 - 추돌,안전거리미확보,건조,맑음,교차로 - 교차로부근,승용,남,28세,상해없음,화물,남,44세,경상
2017061100100144,2017년 6월 11일 08시,일요일,광주광역시 동구 호남동,중상사고,0,1,0,0,차대사람 - 횡단중,보행자보호의무위반,건조,맑음,교차로 - 교차로부근,승용,여,22세,상해없음,보행자,남,67세,중상
2017061100100145,2017년 6월 11일 08시,일요일,광주광역시 남구 방림동,경상사고,0,0,3,0,차대차 - 측면충돌,신호위반,건조,맑음,교차로 - 교차로안,승용,여,56세,경상,승용,남,54세,경상
2017061100100226,2017년 6월 11일 12시,일요일,광주광역시 북구 동림동,경상사고,0,0,1,0,차대차 - 추돌,안전운전불이행,건조,맑음,단일로 - 기타,승용,남,70세,상해없음,승합,남,27세,경상
2017061100100289,2017년 6월 11일 14시,일요일,광주광역시 서구 세하동,경상사고,0,0,1,0,차대차 - 추돌,안전운전불이행,건조,맑음,단일로 - 기타,승용,남,51세,상해없음,승용,남,24세,경상
2017061100100290,2017년 6월 11일 14시,일요일,광주광역시 북구 두암동,중상사고,0,1,5,0,차대차 - 추돌,안전거리미확보,건조,맑음,단일로 - 기타,승용,남,76세,상해없음,승용,여,55세,경상
2017061100100315,2017년 6월 11일 15시,일요일,광주광역시 동구 계림동,사망사고,1,0,0,0,차대차 - 측면충돌,불법유턴,건조,맑음,교차로 - 교차로안,자전거,남,13세,사망,승합,남,37세,상해없음
2017061100100316,2017년 6월 11일 15시,일요일,광주광역시 광산구 서봉동,경상사고,0,0,1,0,차대차 - 추돌,안전거리미확보,건조,맑음,교차로 - 교차로부근,화물,여,58세,상해없음,승용,남,60세,경상
2017061100100354,2017년 6월 11일 16시,일요일,광주광역시 남구 양과동,중상사고,0,1,5,2,차대차 - 기타,신호위반,건조,맑음,교차로 - 교차로안,승용,남,59세,상해없음,승합,남,36세,상해없음
2017061100100421,2017년 6월 11일 18시,일요일,광주광역시 서구 치평동,중상사고,0,1,0,0,차대차 - 측면충돌,안전운전불이행,건조,맑음,교차로 - 교차로부근,승용,남,34세,상해없음,이륜,남,21세,중상
2017061100100422,2017년 6월 11일 18시,일요일,광주광역시 남구 방림동,중상사고,0,1,0,0,차대사람 - 횡단중,안전운전불이행,건조,맑음,교차로 - 교차로부근,화물,남,38세,상해없음,보행자,여,83세,중상
2017061100100457,2017년 6월 11일 19시,일요일,광주광역시 동구 학동,경상사고,0,0,1,0,차대차 - 측면충돌,신호위반,건조,맑음,교차로 - 교차로안,화물,남,50세,상해없음,승용,남,59세,경상
2017061100100458,2017년 6월 11일 19시,일요일,광주광역시 북구 우산동,경상사고,0,0,1,0,차대사람 - 횡단중,안전운전불이행,건조,맑음,단일로 - 기타,승용,남,65세,상해없음,보행자,여,59세,경상
2017061100100459,2017년 6월 11일 19시,일요일,광주광역시 북구 중흥동,경상사고,0,0,1,0,차대사람 - 횡단중,안전운전불이행,건조,맑음,기타 - 기타,승용,남,61세,상해없음,보행자,남,15세,경상
2017061100100483,2017년 6월 11일 20시,일요일,광주광역시 북구 임동,중상사고,0,1,1,0,차대차 - 정면충돌,중앙선침범,건조,맑음,단일로 - 기타,승용,남,37세,상해없음,승용,남,47세,경상
2017061100100484,2017년 6월 11일 20시,일요일,광주광역시 광산구 산정동,경상사고,0,0,1,0,차대차 - 기타,안전운전불이행,건조,맑음,단일로 - 기타,승용,여,57세,상해없음,승용,남,25세,경상
2017061100100504,2017년 6월 11일 21시,일요일,광주광역시 북구 풍향동,중상사고,0,1,0,0,차대차 - 기타,신호위반,건조,맑음,교차로 - 교차로안,이륜,남,26세,중상,승용,남,42세,상해없음
2017061100100520,2017년 6월 11일 22시,일요일,광주광역시 북구 신용동,경상사고,0,0,1,0,차대차 - 기타,안전거리미확보,건조,맑음,단일로 - 기타,화물,남,56세,상해없음,이륜,남,23세,경상
2017061100100534,2017년 6월 11일 23시,일요일,광주광역시 북구 중흥동,경상사고,0,0,1,0,차대차 - 기타,안전거리미확보,건조,맑음,단일로 - 기타,승용,남,23세,상해없음,이륜,남,28세,경상
2017061100100535,2017년 6월 11일 23시,일요일,광주광역시 북구 중흥동,경상사고,0,0,2,0,차대차 - 측면충돌,신호위반,건조,맑음,교차로 - 교차로안,승용,남,24세,상해없음,승용,남,34세,경상
2017061200100034,2017년 6월 12일 02시,월요일,광주광역시 북구 장등동,경상사고,0,0,1,0,차대차 - 추돌,차로위반,건조,맑음,단일로 - 기타,승용,남,57세,상해없음,승용,남,38세,경상
2017061200100045,2017년 6월 12일 04시,월요일,광주광역시 서구 치평동,경상사고,0,0,1,0,차대사람 - 기타,안전운전불이행,건조,맑음,단일로 - 기타,승용,남,46세,상해없음,보행자,남,46세,경상
2017061200100072,2017년 6월 12일 06시,월요일,광주광역시 광산구 도천동,경상사고,0,0,2,0,차대차 - 추돌,안전거리미확보,건조,맑음,교차로 - 교차로부근,승용,남,26세,상해없음,승용,남,32세,경상
2017061200100098,2017년 6월 12일 07시,월요일,광주광역시 서구 매월동,경상사고,0,0,1,0,차대차 - 측면충돌,안전거리미확보,건조,맑음,단일로 - 기타,건설기계,남,54세,상해없음,승용,여,47세,경상
2017061200100145,2017년 6월 12일 08시,월요일,광주광역시 서구 내방동,경상사고,0,0,1,0,차대차 - 추돌,안전운전불이행,건조,맑음,단일로 - 기타,승용,남,52세,상해없음,승용,남,58세,경상
2017061200100146,2017년 6월 12일 08시,월요일,광주광역시 북구 풍향동,경상사고,0,0,1,0,차대차 - 측면충돌,신호위반,건조,맑음,교차로 - 교차로안,승용,남,26세,상해없음,승용,남,57세,경상
2017061200100238,2017년 6월 12일 11시,월요일,광주광역시 남구 행암동,경상사고,0,0,2,0,차대차 - 추돌,안전운전불이행,건조,맑음,교차로 - 교차로부근,원동기,남,18세,상해없음,승용,여,44세,경상
2017061200100260,2017년 6월 12일 12시,월요일,광주광역시 북구 양산동,경상사고,0,0,1,0,차대차 - 정면충돌,안전운전불이행,건조,맑음,교차로 - 교차로부근,승용,남,29세,상해없음,원동기,남,31세,경상
2017061200100261,2017년 6월 12일 12시,월요일,광주광역시 광산구 월곡동,중상사고,0,3,0,0,차대차 - 추돌,안전운전불이행,건조,맑음,교차로 - 교차로부근,승용,남,55세,상해없음,승용,여,36세,중상
2017061200100328,2017년 6월 12일 14시,월요일,광주광역시 서구 광천동,경상사고,0,0,1,0,차대차 - 측면충돌,안전운전불이행,건조,맑음,교차로 - 교차로안,승용,남,24세,상해없음,화물,남,36세,경상
2017061200100329,2017년 6월 12일 14시,월요일,광주광역시 북구 장등동,경상사고,0,0,2,0,차대차 - 측면충돌,안전운전불이행,건조,맑음,교차로 - 교차로부근,화물,남,62세,상해없음,승용,남,63세,경상
2017061200100330,2017년 6월 12일 14시,월요일,광주광역시 북구 용봉동,경상사고,0,0,1,0,차량단독 - 기타,안전운전불이행,건조,맑음,단일로 - 기타,승합,남,55세,상해없음,,,,
2017061200100331,2017년 6월 12일 14시,월요일,광주광역시 북구 용봉동,경상사고,0,0,1,0,차대차 - 측면충돌,안전운전불이행,건조,맑음,교차로 - 교차로안,승용,남,26세,상해없음,화물,남,49세,경상
2017061200100371,2017년 6월 12일 15시,월요일,광주광역시 남구 주월동,중상사고,0,1,0,0,차대차 - 측면충돌,안전운전불이행,건조,맑음,단일로 - 기타,승용,여,48세,상해없음,원동기,남,20세,중상
2017061200100372,2017년 6월 12일 15시,월요일,광주광역시 북구 신용동,경상사고,0,0,2,0,차대차 - 정면충돌,중앙선침범,건조,맑음,교차로 - 교차로부근,승용,여,39세,기타불명,승용,여,41세,경상
2017061200100373,2017년 6월 12일 15시,월요일,광주광역시 북구 신안동,경상사고,0,0,3,0,차대차 - 추돌,안전운전불이행,건조,맑음,단일로 - 기타,승용,남,63세,경상,승용,남,34세,경상
2017061200100374,2017년 6월 12일 15시,월요일,광주광역시 광산구 수완동,경상사고,0,0,2,1,차대차 - 추돌,안전운전불이행,건조,맑음,교차로 - 교차로부근,승용,여,44세,부상신고,승용,남,25세,경상
2017061200100441,2017년 6월 12일 17시,월요일,광주광역시 동구 불로동,경상사고,0,0,2,0,차대차 - 기타,신호위반,건조,맑음,교차로 - 교차로안,승용,여,40세,상해없음,승용,남,58세,경상
2017061200100495,2017년 6월 12일 19시,월요일,광주광역시 북구 오치동,경상사고,0,0,1,0,차대사람 - 길가장자리구역통행중,안전운전불이행,건조,맑음,단일로 - 기타,승용,여,55세,상해없음,보행자,남,58세,경상
2017061200100496,2017년 6월 12일 19시,월요일,광주광역시 광산구 월계동,경상사고,0,0,3,0,차대차 - 측면충돌,신호위반,건조,맑음,교차로 - 교차로안,이륜,남,17세,상해없음,승용,남,33세,상해없음
2017061200100524,2017년 6월 12일 20시,월요일,광주광역시 북구 신안동,경상사고,0,0,1,0,차대차 - 측면충돌,신호위반,건조,맑음,교차로 - 교차로안,원동기,남,53세,경상,승합,남,56세,상해없음
2017061200100576,2017년 6월 12일 22시,월요일,광주광역시 남구 주월동,경상사고,0,0,1,0,차대사람 - 횡단중,안전운전불이행,건조,맑음,단일로 - 기타,화물,남,57세,상해없음,보행자,남,30세,경상
2017061200100577,2017년 6월 12일 22시,월요일,광주광역시 광산구 비아동,경상사고,0,0,1,0,차대차 - 기타,안전운전불이행,건조,맑음,교차로 - 교차로부근,승용,남,51세,상해없음,승용,남,54세,경상
2017061200100589,2017년 6월 12일 23시,월요일,광주광역시 광산구 월곡동,중상사고,0,1,0,0,차대차 - 정면충돌,교차로운행방법위반,건조,맑음,교차로 - 교차로안,승용,남,67세,상해없음,자전거,남,43세,중상
2017061300100063,2017년 6월 13일 06시,화요일,광주광역시 북구 문흥동,경상사고,0,0,3,0,차대차 - 후진중충돌,안전운전불이행,건조,맑음,교차로 - 교차로부근,화물,남,23세,상해없음,승용,남,35세,경상
2017061300100085,2017년 6월 13일 07시,화요일,광주광역시 서구 농성동,중상사고,0,1,0,0,차대차 - 측면충돌,안전운전불이행,건조,맑음,단일로 - 기타,승합,남,56세,상해없음,자전거,남,47세,중상
2017061300100086,2017년 6월 13일 07시,화요일,광주광역시 광산구 장수동,중상사고,0,1,1,0,차대차 - 측면충돌,신호위반,건조,맑음,교차로 - 교차로안,승용,여,49세,중상,승용,남,54세,경상
2017061300100129,2017년 6월 13일 08시,화요일,광주광역시 북구 운암동,경상사고,0,0,3,0,차대차 - 기타,안전거리미확보,건조,맑음,교차로 - 교차로부근,승용,여,21세,경상,기타불명,기타불명,미분류,기타불명
2017061300100130,2017년 6월 13일 08시,화요일,광주광역시 광산구 산월동,경상사고,0,0,1,0,차대차 - 추돌,안전운전불이행,건조,맑음,단일로 - 교량,승용,여,61세,상해없음,승용,여,39세,경상
2017061300100131,2017년 6월 13일 08시,화요일,광주광역시 광산구 장덕동,중상사고,0,1,0,0,차대차 - 측면충돌,안전운전불이행,건조,맑음,단일로 - 기타,승용,남,39세,상해없음,자전거,남,81세,중상
2017061300100168,2017년 6월 13일 09시,화요일,광주광역시 북구 신안동,중상사고,0,1,1,1,차대차 - 측면충돌,직진우회전진행방해,건조,맑음,교차로 - 교차로안,승용,남,59세,부상신고,승용,남,31세,중상
2017061300100190,2017년 6월 13일 10시,화요일,광주광역시 광산구 도천동,경상사고,0,0,2,0,차대차 - 측면충돌,안전운전불이행,건조,맑음,교차로 - 교차로안,화물,남,41세,경상,승용,여,24세,상해없음
2017061300100210,2017년 6월 13일 11시,화요일,광주광역시 광산구 우산동,경상사고,0,0,1,0,차대차 - 후진중충돌,안전운전불이행,건조,맑음,기타 - 기타,화물,남,48세,상해없음,승용,남,55세,경상
2017061300100236,2017년 6월 13일 12시,화요일,광주광역시 서구 광천동,경상사고,0,0,1,0,차대사람 - 횡단중,신호위반,건조,맑음,교차로 - 교차로부근,승용,남,61세,상해없음,보행자,여,37세,경상
2017061300100502,2017년 6월 13일 19시,화요일,광주광역시 동구 충장로4가,중상사고,0,1,0,0,차대사람 - 횡단중,안전운전불이행,건조,흐림,교차로 - 교차로부근,승용,남,28세,상해없음,보행자,여,61세,중상
2017061300100503,2017년 6월 13일 19시,화요일,광주광역시 남구 사동,경상사고,0,0,1,0,차대차 - 측면충돌,차로위반,건조,맑음,교차로 - 교차로안,원동기,남,61세,상해없음,승용,남,22세,상해없음
2017061300100568,2017년 6월 13일 21시,화요일,광주광역시 남구 송하동,중상사고,0,1,3,0,차대차 - 추돌,안전거리미확보,건조,맑음,단일로 - 기타,승용,여,56세,상해없음,승용,남,51세,경상
2017061300100623,2017년 6월 13일 23시,화요일,광주광역시 북구 일곡동,경상사고,0,0,2,0,차대차 - 정면충돌,중앙선침범,건조,맑음,단일로 - 기타,승용,남,59세,상해없음,승용,남,53세,경상
2017061400100036,2017년 6월 14일 00시,수요일,광주광역시 동구 소태동,경상사고,0,0,1,0,차량단독 - 공작물충돌,신호위반,건조,맑음,단일로 - 기타,승용,남,28세,경상,,,,
2017061400100055,2017년 6월 14일 01시,수요일,광주광역시 서구 쌍촌동,경상사고,0,0,3,0,차대차 - 측면충돌,신호위반,건조,맑음,교차로 - 교차로안,승합,남,37세,상해없음,승용,남,56세,경상
2017061400100073,2017년 6월 14일 04시,수요일,광주광역시 서구 쌍촌동,경상사고,0,0,2,0,차대차 - 측면충돌,직진우회전진행방해,건조,맑음,교차로 - 교차로안,승용,남,26세,상해없음,승용,남,46세,경상
2017061400100164,2017년 6월 14일 08시,수요일,광주광역시 북구 용두동,경상사고,0,0,2,0,차대차 - 측면충돌,안전운전불이행,건조,맑음,단일로 - 기타,승용,남,44세,상해없음,화물,남,22세,상해없음
2017061400100165,2017년 6월 14일 08시,수요일,광주광역시 광산구 신창동,경상사고,0,0,1,0,차대차 - 기타,안전운전불이행,건조,맑음,교차로 - 교차로안,기타불명,기타불명,미분류,기타불명,자전거,여,51세,경상
2017061400100196,2017년 6월 14일 09시,수요일,광주광역시 서구 광천동,경상사고,0,0,1,0,차대사람 - 횡단중,안전운전불이행,건조,맑음,단일로 - 기타,승용,남,60세,상해없음,보행자,남,59세,경상
2017061400100320,2017년 6월 14일 13시,수요일,광주광역시 북구 유동,경상사고,0,0,2,0,차대차 - 추돌,안전운전불이행,건조,맑음,단일로 - 기타,승용,남,55세,상해없음,승용,남,32세,경상
2017061400100321,2017년 6월 14일 13시,수요일,광주광역시 광산구 비아동,경상사고,0,0,1,0,차대사람 - 기타,안전운전불이행,건조,맑음,단일로 - 기타,승용,남,56세,상해없음,보행자,남,3세,경상
2017061400100322,2017년 6월 14일 13시,수요일,광주광역시 광산구 송촌동,경상사고,0,0,2,0,차대차 - 기타,차로위반,건조,맑음,단일로 - 기타,화물,남,49세,상해없음,승용,여,46세,경상
2017061400100391,2017년 6월 14일 15시,수요일,광주광역시 북구 두암동,경상사고,0,0,1,0,차대사람 - 횡단중,안전운전불이행,건조,맑음,교차로 - 교차로안,화물,남,29세,상해없음,보행자,여,61세,경상
2017061400100440,2017년 6월 14일 16시,수요일,광주광역시 동구 동명동,경상사고,0,0,1,0,차대차 - 기타,교차로운행방법위반,건조,맑음,교차로 - 교차로안,승용,남,56세,상해없음,이륜,남,56세,경상
2017061400100441,2017년 6월 14일 16시,수요일,광주광역시 서구 금호동,경상사고,0,0,1,0,차대차 - 측면충돌,안전거리미확보,건조,맑음,단일로 - 기타,화물,남,22세,상해없음,승용,남,52세,경상
2017061400100486,2017년 6월 14일 17시,수요일,광주광역시 서구 치평동,경상사고,0,0,1,0,차대차 - 측면충돌,안전운전불이행,건조,맑음,교차로 - 교차로안,승용,남,54세,상해없음,승용,남,32세,경상
2017061400100487,2017년 6월 14일 17시,수요일,광주광역시 북구 신안동,중상사고,0,1,0,0,차대사람 - 횡단중,신호위반,건조,맑음,교차로 - 교차로횡단보도내,화물,남,59세,상해없음,보행자,여,80세,중상
2017061400100532,2017년 6월 14일 18시,수요일,광주광역시 광산구 신가동,경상사고,0,0,1,0,차대차 - 측면충돌,안전운전불이행,건조,맑음,교차로 - 교차로횡단보도내,승용,남,63세,상해없음,자전거,남,10세,경상
2017061400100564,2017년 6월 14일 19시,수요일,광주광역시 북구 일곡동,경상사고,0,0,1,0,차대사람 - 횡단중,신호위반,건조,맑음,교차로 - 교차로횡단보도내,승용,남,52세,상해없음,보행자,여,17세,경상
2017061400100565,2017년 6월 14일 19시,수요일,광주광역시 북구 양산동,중상사고,0,1,0,0,차대사람 - 횡단중,안전운전불이행,건조,맑음,단일로 - 기타,승용,남,49세,상해없음,보행자,남,13세,중상
2017061400100604,2017년 6월 14일 20시,수요일,광주광역시 동구 산수동,경상사고,0,0,1,0,차대차 - 기타,기타,건조,맑음,교차로 - 교차로안,승용,남,63세,상해없음,이륜,남,25세,경상
2017061400100605,2017년 6월 14일 20시,수요일,광주광역시 서구 화정동,중상사고,0,1,0,0,차대차 - 기타,안전거리미확보,건조,맑음,단일로 - 기타,화물,남,65세,상해없음,자전거,남,65세,중상
2017061400100606,2017년 6월 14일 20시,수요일,광주광역시 북구 두암동,중상사고,0,1,0,0,차대차 - 기타,교차로운행방법위반,건조,맑음,교차로 - 교차로부근,기타불명,기타불명,미분류,기타불명,자전거,여,46세,중상
2017061500100052,2017년 6월 15일 02시,목요일,광주광역시 남구 월산동,중상사고,0,1,3,0,차대차 - 측면충돌,안전운전불이행,건조,맑음,단일로 - 기타,승용,남,27세,경상,승용,남,28세,기타불명
2017061500100057,2017년 6월 15일 03시,목요일,광주광역시 북구 임동,경상사고,0,0,2,0,차대차 - 측면충돌,신호위반,건조,맑음,교차로 - 교차로안,승용,남,24세,상해없음,승용,남,27세,경상
2017061500100107,2017년 6월 15일 07시,목요일,광주광역시 서구 금호동,경상사고,0,0,1,0,차대차 - 측면충돌,안전운전불이행,건조,맑음,교차로 - 교차로부근,이륜,남,72세,경상,승용,여,58세,상해없음
2017061500100108,2017년 6월 15일 07시,목요일,광주광역시 광산구 우산동,경상사고,0,0,1,0,차대차 - 추돌,안전운전불이행,건조,맑음,단일로 - 터널,승용,남,63세,상해없음,화물,남,42세,경상
2017061500100149,2017년 6월 15일 08시,목요일,광주광역시 서구 광천동,경상사고,0,0,1,0,차대차 - 측면충돌,교차로운행방법위반,건조,맑음,교차로 - 교차로안,건설기계,남,40세,상해없음,승용,여,29세,경상
2017061500100150,2017년 6월 15일 08시,목요일,광주광역시 광산구 우산동,경상사고,0,0,1,0,차대차 - 추돌,안전거리미확보,건조,맑음,단일로 - 교량,승용,남,55세,상해없음,승용,여,44세,경상