사고번호,사고일시,요일,시군구,사고내용,사망자수,중상자수,경상자수,부상신고자수,사고유형,법규위반,노면상태,기상상태,도로형태,가해운전자 차종,가해운전자 성별,가해운전자 연령,가해운전자 상해정도,피해운전자 차종,피해운전자 성별,피해운전자 연령,피해운전자 상해정도
2017072900100228,2017년 7월 29일 10시,토요일,광주광역시 북구 용봉동,경상사고,0,0,1,0,차대차 - 측면충돌,중앙선침범,건조,맑음,단일로 - 기타,자전거,남,76세,경상,승용,남,72세,상해없음
2017072900100291,2017년 7월 29일 12시,토요일,광주광역시 광산구 우산동,경상사고,0,0,5,0,차대차 - 추돌,안전운전불이행,건조,맑음,단일로 - 기타,화물,남,40세,상해없음,승용,여,65세,경상
2017072900100435,2017년 7월 29일 16시,토요일,광주광역시 남구 구동,경상사고,0,0,2,0,차대차 - 측면충돌,교차로운행방법위반,건조,맑음,교차로 - 교차로안,승용,남,47세,상해없음,승용,남,40세,상해없음
2017072900100465,2017년 7월 29일 17시,토요일,광주광역시 서구 쌍촌동,경상사고,0,0,3,0,차대차 - 기타,기타,건조,맑음,단일로 - 기타,화물,남,58세,상해없음,승용,남,49세,경상
2017072900100466,2017년 7월 29일 17시,토요일,광주광역시 남구 백운동,경상사고,0,0,1,0,차대차 - 정면충돌,안전운전불이행,건조,맑음,단일로 - 기타,승합,남,50세,상해없음,승용,여,53세,경상
2017072900100467,2017년 7월 29일 17시,토요일,광주광역시 북구 용봉동,중상사고,0,1,0,0,차대차 - 측면충돌,안전운전불이행,건조,맑음,교차로 - 교차로부근,승용,남,54세,상해없음,이륜,남,34세,중상
2017072900100541,2017년 7월 29일 19시,토요일,광주광역시 광산구 산정동,경상사고,0,0,1,0,차대사람 - 기타,안전운전불이행,건조,맑음,단일로 - 기타,승용,남,27세,상해없음,보행자,남,3세,경상
2017072900100603,2017년 7월 29일 22시,토요일,광주광역시 서구 치평동,경상사고,0,0,1,0,차대사람 - 길가장자리구역통행중,안전운전불이행,건조,맑음,단일로 - 기타,화물,여,49세,상해없음,보행자,남,23세,경상
2017072900100623,2017년 7월 29일 23시,토요일,광주광역시 남구 주월동,중상사고,0,1,1,0,차대차 - 정면충돌,신호위반,건조,맑음,교차로 - 교차로안,이륜,남,20세,중상,승용,여,27세,경상
2017072900100624,2017년 7월 29일 23시,토요일,광주광역시 북구 신안동,경상사고,0,0,1,0,차대차 - 정면충돌,교차로운행방법위반,건조,맑음,교차로 - 교차로안,개인형이동수단(PM),남,45세,경상,이륜,남,19세,상해없음
2017073000100035,2017년 7월 30일 00시,일요일,광주광역시 서구 금호동,경상사고,0,0,1,0,차대차 - 측면충돌,신호위반,건조,맑음,교차로 - 교차로안,승용,남,45세,상해없음,이륜,남,18세,경상
2017073000100075,2017년 7월 30일 03시,일요일,광주광역시 서구 치평동,경상사고,0,0,5,0,차대차 - 측면충돌,교차로운행방법위반,건조,맑음,교차로 - 교차로안,승용,남,23세,경상,승용,남,52세,경상
2017073000100076,2017년 7월 30일 03시,일요일,광주광역시 광산구 도천동,경상사고,0,0,1,0,차량단독 - 공작물충돌,안전운전불이행,건조,맑음,단일로 - 기타,승용,여,59세,상해없음,,,,
2017073000100084,2017년 7월 30일 04시,일요일,광주광역시 동구 수기동,경상사고,0,0,5,0,차대차 - 측면충돌,신호위반,건조,맑음,교차로 - 교차로안,승용,남,22세,상해없음,승용,남,25세,경상
2017073000100110,2017년 7월 30일 07시,일요일,광주광역시 남구 월산동,경상사고,0,0,1,0,차대차 - 측면충돌,안전운전불이행,건조,맑음,교차로 - 교차로부근,승용,남,73세,상해없음,자전거,남,75세,경상
2017073000100124,2017년 7월 30일 08시,일요일,광주광역시 광산구 우산동,경상사고,0,0,1,0,차대사람 - 기타,안전운전불이행,건조,맑음,단일로 - 기타,승용,남,24세,상해없음,보행자,여,22세,경상
2017073000100197,2017년 7월 30일 12시,일요일,광주광역시 광산구 송정동,경상사고,0,0,2,0,차대차 - 기타,불법유턴,건조,맑음,교차로 - 교차로안,승용,여,37세,상해없음,승용,남,30세,경상
2017073000100214,2017년 7월 30일 13시,일요일,광주광역시 북구 오치동,경상사고,0,0,1,0,차대사람 - 기타,안전운전불이행,건조,맑음,교차로 - 교차로부근,기타불명,기타불명,미분류,기타불명,보행자,남,9세,경상
2017073000100215,2017년 7월 30일 13시,일요일,광주광역시 광산구 도산동,경상사고,0,0,2,0,차대차 - 추돌,불법유턴,건조,맑음,단일로 - 기타,승용,여,20세,상해없음,승용,남,22세,경상
2017073000100243,2017년 7월 30일 14시,일요일,광주광역시 광산구 황룡동,경상사고,0,0,3,0,차대차 - 측면충돌,신호위반,건조,맑음,교차로 - 교차로안,승용,여,31세,경상,화물,남,50세,경상
2017073000100268,2017년 7월 30일 15시,일요일,광주광역시 북구 각화동,경상사고,0,0,3,0,차대차 - 측면충돌,안전운전불이행,건조,맑음,교차로 - 교차로안,승용,남,63세,경상,승용,여,32세,경상
2017073000100319,2017년 7월 30일 17시,일요일,광주광역시 동구 학동,경상사고,0,0,6,0,차대차 - 기타,안전운전불이행,건조,맑음,단일로 - 기타,승용,남,69세,상해없음,승용,남,33세,경상
2017073000100320,2017년 7월 30일 17시,일요일,광주광역시 북구 양산동,경상사고,0,0,1,0,차대차 - 정면충돌,안전운전불이행,젖음/습기,비,단일로 - 기타,승용,남,57세,경상,화물,남,56세,기타불명
2017073000100374,2017년 7월 30일 19시,일요일,광주광역시 북구 동림동,경상사고,0,0,1,0,차대차 - 기타,신호위반,젖음/습기,비,교차로 - 교차로안,승용,남,36세,상해없음,이륜,남,18세,경상
2017073000100398,2017년 7월 30일 20시,일요일,광주광역시 광산구 소촌동,경상사고,0,0,5,0,차대차 - 정면충돌,안전운전불이행,젖음/습기,비,단일로 - 기타,승용,여,50세,상해없음,승용,남,39세,경상
2017073000100399,2017년 7월 30일 20시,일요일,광주광역시 광산구 신창동,경상사고,0,0,2,0,차대차 - 기타,안전운전불이행,건조,맑음,교차로 - 교차로부근,승용,남,33세,상해없음,승용,남,27세,경상
2017073000100444,2017년 7월 30일 22시,일요일,광주광역시 북구 용봉동,중상사고,0,1,0,0,차대차 - 측면충돌,안전운전불이행,건조,맑음,교차로 - 교차로안,승용,남,53세,상해없음,이륜,남,21세,중상
2017073000100457,2017년 7월 30일 23시,일요일,광주광역시 북구 동림동,경상사고,0,0,1,1,차대차 - 측면충돌,신호위반,젖음/습기,흐림,교차로 - 교차로안,승용,남,24세,부상신고,승용,남,43세,경상
2017073100100025,2017년 7월 31일 00시,월요일,광주광역시 서구 화정동,경상사고,0,0,2,0,차량단독 - 전도전복 - 전도,안전운전불이행,젖음/습기,흐림,단일로 - 기타,이륜,남,19세,경상,,,,
2017073100100026,2017년 7월 31일 00시,월요일,광주광역시 서구 치평동,경상사고,0,0,2,0,차대사람 - 횡단중,안전운전불이행,건조,맑음,단일로 - 기타,화물,남,25세,상해없음,보행자,남,24세,경상
2017073100100049,2017년 7월 31일 03시,월요일,광주광역시 광산구 우산동,경상사고,0,0,4,0,차대차 - 측면충돌,교차로운행방법위반,건조,흐림,교차로 - 교차로안,승용,남,59세,기타불명,승용,여,30세,경상
2017073100100059,2017년 7월 31일 05시,월요일,광주광역시 서구 매월동,중상사고,0,1,0,0,차량단독 - 공작물충돌,안전운전불이행,건조,맑음,교차로 - 교차로부근,승용,남,62세,상해없음,,,,
2017073100100073,2017년 7월 31일 06시,월요일,광주광역시 서구 내방동,중상사고,0,1,0,0,차대차 - 측면충돌,안전거리미확보,건조,맑음,단일로 - 기타,승용,남,46세,상해없음,승용,남,32세,중상
2017073100100074,2017년 7월 31일 06시,월요일,광주광역시 남구 백운동,경상사고,0,0,1,0,차대사람 - 기타,보행자보호의무위반,건조,맑음,기타 - 기타,승합,남,64세,상해없음,보행자,여,70세,경상
2017073100100075,2017년 7월 31일 06시,월요일,광주광역시 북구 중흥동,부상신고사고,0,0,0,2,차대차 - 측면충돌,직진우회전진행방해,건조,맑음,교차로 - 교차로안,승용,남,56세,상해없음,화물,남,36세,부상신고
2017073100100113,2017년 7월 31일 08시,월요일,광주광역시 광산구 도천동,경상사고,0,0,1,0,차대차 - 정면충돌,신호위반,건조,맑음,교차로 - 교차로안,승용,여,52세,상해없음,화물,여,45세,경상
2017073100100114,2017년 7월 31일 08시,월요일,광주광역시 광산구 산정동,경상사고,0,0,1,0,차대차 - 측면충돌,안전거리미확보,건조,맑음,단일로 - 기타,승용,여,35세,상해없음,승합,남,52세,상해없음
2017073100100171,2017년 7월 31일 10시,월요일,광주광역시 남구 월산동,경상사고,0,0,1,0,차대차 - 측면충돌,기타,건조,맑음,단일로 - 기타,승용,남,55세,상해없음,승용,여,38세,경상
2017073100100172,2017년 7월 31일 10시,월요일,광주광역시 북구 용두동,경상사고,0,0,1,0,차대차 - 정면충돌,신호위반,건조,맑음,교차로 - 교차로안,승용,여,56세,상해없음,승용,남,63세,경상
2017073100100173,2017년 7월 31일 10시,월요일,광주광역시 북구 양산동,부상신고사고,0,0,0,1,차대차 - 정면충돌,안전운전불이행,젖음/습기,비,단일로 - 기타,화물,남,53세,부상신고,승용,여,53세,기타불명
2017073100100212,2017년 7월 31일 11시,월요일,광주광역시 광산구 수완동,경상사고,0,0,2,0,차대차 - 측면충돌,중앙선침범,건조,맑음,교차로 - 교차로안,기타불명,기타불명,미분류,기타불명,승용,남,52세,경상
2017073100100252,2017년 7월 31일 12시,월요일,광주광역시 남구 월성동,경상사고,0,0,2,0,차대차 - 기타,교차로운행방법위반,건조,맑음,교차로 - 교차로부근,승용,남,55세,경상,승용,여,56세,경상
2017073100100347,2017년 7월 31일 15시,월요일,광주광역시 남구 행암동,부상신고사고,0,0,0,1,차대차 - 측면충돌,안전운전불이행,건조,맑음,교차로 - 교차로부근,자전거,남,56세,부상신고,승용,여,28세,상해없음
2017073100100348,2017년 7월 31일 15시,월요일,광주광역시 남구 월산동,중상사고,0,1,1,0,차량단독 - 공작물충돌,안전운전불이행,건조,맑음,교차로 - 교차로부근,승용,남,58세,중상,,,,
2017073100100385,2017년 7월 31일 16시,월요일,광주광역시 동구 산수동,중상사고,0,1,0,0,차대사람 - 보도통행중,기타,건조,맑음,기타 - 기타,건설기계,남,35세,상해없음,보행자,남,56세,상해없음
2017073100100416,2017년 7월 31일 17시,월요일,광주광역시 서구 화정동,중상사고,0,1,0,0,차대차 - 기타,안전운전불이행,젖음/습기,비,단일로 - 기타,자전거,남,13세,중상,승합,남,57세,상해없음
2017073100100417,2017년 7월 31일 17시,월요일,광주광역시 서구 쌍촌동,경상사고,0,0,1,0,차대차 - 측면충돌,안전운전불이행,젖음/습기,비,단일로 - 기타,승용,남,20세,상해없음,자전거,남,60세,경상
2017073100100418,2017년 7월 31일 17시,월요일,광주광역시 북구 일곡동,경상사고,0,0,1,0,차대차 - 추돌,안전운전불이행,건조,맑음,교차로 - 교차로안,승용,남,50세,기타불명,승용,여,39세,경상
2017073100100419,2017년 7월 31일 17시,월요일,광주광역시 광산구 신가동,경상사고,0,0,2,0,차대차 - 추돌,불법유턴,젖음/습기,비,교차로 - 교차로부근,승용,남,69세,상해없음,승용,남,34세,경상
2017073100100447,2017년 7월 31일 18시,월요일,광주광역시 서구 광천동,경상사고,0,0,1,0,차대차 - 측면충돌,안전운전불이행,젖음/습기,비,교차로 - 교차로안,기타불명,기타불명,미분류,기타불명,승용,남,51세,경상
2017073100100448,2017년 7월 31일 18시,월요일,광주광역시 광산구 월계동,경상사고,0,0,6,0,차대차 - 측면충돌,차로위반,젖음/습기,비,교차로 - 교차로안,승용,남,25세,상해없음,승용,남,63세,경상
2017073100100547,2017년 7월 31일 21시,월요일,광주광역시 남구 봉선동,경상사고,0,0,1,0,차대차 - 측면충돌,안전운전불이행,건조,맑음,단일로 - 기타,승용,남,28세,상해없음,승용,남,31세,경상
2017073100100548,2017년 7월 31일 21시,월요일,광주광역시 남구 방림동,경상사고,0,0,2,0,차대차 - 측면충돌,안전운전불이행,건조,맑음,교차로 - 교차로부근,승용,남,40세,상해없음,승용,남,24세,경상
2017073100100603,2017년 7월 31일 23시,월요일,광주광역시 북구 오치동,경상사고,0,0,2,0,차대차 - 추돌,안전운전불이행,건조,맑음,교차로 - 교차로부근,승용,남,47세,상해없음,승용,남,37세,경상
2017080100100050,2017년 8월 1일 01시,화요일,광주광역시 서구 풍암동,경상사고,0,0,1,0,차대차 - 추돌,안전운전불이행,건조,흐림,교차로 - 교차로부근,승용,여,45세,상해없음,승용,여,49세,경상
2017080100100061,2017년 8월 1일 02시,화요일,광주광역시 서구 광천동,경상사고,0,0,1,0,차대차 - 추돌,안전운전불이행,건조,맑음,교차로 - 교차로부근,승용,남,35세,상해없음,승용,남,67세,경상
2017080100100101,2017년 8월 1일 06시,화요일,광주광역시 서구 쌍촌동,경상사고,0,0,3,0,차대차 - 기타,안전거리미확보,건조,맑음,단일로 - 기타,승용,남,67세,상해없음,승용,남,19세,경상
2017080100100171,2017년 8월 1일 09시,화요일,광주광역시 남구 진월동,경상사고,0,0,1,0,차대차 - 후진중충돌,안전운전불이행,건조,맑음,단일로 - 기타,승용,남,63세,상해없음,승용,여,45세,상해없음
2017080100100172,2017년 8월 1일 09시,화요일,광주광역시 북구 효령동,중상사고,0,1,0,0,차대차 - 측면충돌,교차로운행방법위반,건조,맑음,교차로 - 교차로안,승용,남,58세,상해없음,이륜,남,82세,중상
2017080100100173,2017년 8월 1일 09시,화요일,광주광역시 북구 운암동,경상사고,0,0,1,0,차대차 - 기타,안전운전불이행,건조,맑음,교차로 - 교차로부근,기타불명,기타불명,미분류,기타불명,이륜,남,58세,경상
2017080100100174,2017년 8월 1일 09시,화요일,광주광역시 광산구 도산동,경상사고,0,0,2,0,차대차 - 측면충돌,안전거리미확보,건조,맑음,단일로 - 기타,승용,남,20세,상해없음,승용,남,37세,경상
2017080100100226,2017년 8월 1일 11시,화요일,광주광역시 남구 봉선동,경상사고,0,0,1,0,차대차 - 기타,안전운전불이행,건조,맑음,교차로 - 교차로부근,승용,여,41세,기타불명,승용,여,41세,경상
2017080100100227,2017년 8월 1일 11시,화요일,광주광역시 북구 신안동,경상사고,0,0,2,0,차대차 - 기타,안전운전불이행,건조,맑음,단일로 - 기타,승용,남,37세,상해없음,승용,남,41세,경상
2017080100100277,2017년 8월 1일 13시,화요일,광주광역시 광산구 도산동,중상사고,0,1,1,0,차대차 - 추돌,안전운전불이행,건조,맑음,단일로 - 기타,화물,남,22세,상해없음,승용,여,35세,경상
2017080100100525,2017년 8월 1일 20시,화요일,광주광역시 서구 치평동,경상사고,0,0,1,0,차대사람 - 횡단중,안전운전불이행,젖음/습기,비,단일로 - 기타,승용,남,26세,상해없음,보행자,남,29세,경상
2017080100100526,2017년 8월 1일 20시,화요일,광주광역시 북구 신안동,경상사고,0,0,1,0,차대차 - 추돌,안전운전불이행,건조,맑음,단일로 - 기타,승용,남,53세,상해없음,승용,남,24세,경상
2017080100100527,2017년 8월 1일 20시,화요일,광주광역시 북구 임동,경상사고,0,0,1,0,차대차 - 측면충돌,안전거리미확보,건조,맑음,단일로 - 기타,승용,남,56세,상해없음,승용,여,40세,경상
2017080100100550,2017년 8월 1일 21시,화요일,광주광역시 남구 송하동,경상사고,0,0,1,0,차대사람 - 횡단중,안전운전불이행,건조,맑음,단일로 - 기타,승용,남,53세,상해없음,보행자,남,53세,경상
2017080100100571,2017년 8월 1일 22시,화요일,광주광역시 북구 각화동,경상사고,0,0,1,1,차대차 - 측면충돌,신호위반,건조,맑음,교차로 - 교차로안,승용,남,19세,상해없음,승용,남,34세,부상신고
2017080200100038,2017년 8월 2일 00시,수요일,광주광역시 서구 치평동,경상사고,0,0,1,0,차대차 - 기타,안전운전불이행,건조,맑음,단일로 - 기타,승용,남,28세,상해없음,승용,남,30세,경상
2017080200100064,2017년 8월 2일 04시,수요일,광주광역시 광산구 산정동,중상사고,0,2,1,0,차대차 - 정면충돌,신호위반,건조,맑음,교차로 - 교차로안,승용,남,59세,중상,화물,남,48세,경상
2017080200100072,2017년 8월 2일 05시,수요일,광주광역시 서구 치평동,경상사고,0,0,1,0,차대사람 - 횡단중,안전운전불이행,건조,맑음,단일로 - 기타,승용,남,32세,상해없음,보행자,남,29세,경상
2017080200100097,2017년 8월 2일 07시,수요일,광주광역시 동구 금동,경상사고,0,0,2,0,차대차 - 측면충돌,교차로운행방법위반,건조,맑음,교차로 - 교차로안,승용,남,21세,경상,승용,남,39세,경상
2017080200100167,2017년 8월 2일 10시,수요일,광주광역시 북구 동림동,경상사고,0,0,1,0,차대차 - 추돌,안전거리미확보,건조,맑음,교차로 - 교차로부근,승합,남,57세,상해없음,승용,여,47세,경상
2017080200100260,2017년 8월 2일 13시,수요일,광주광역시 서구 농성동,경상사고,0,0,1,0,차대차 - 기타,안전운전불이행,건조,맑음,교차로 - 교차로안,승용,남,62세,상해없음,이륜,남,50세,경상
2017080200100261,2017년 8월 2일 13시,수요일,광주광역시 광산구 송정동,경상사고,0,0,1,0,차대차 - 측면충돌,기타,건조,맑음,교차로 - 교차로안,승용,남,58세,상해없음,자전거,남,9세,경상
2017080200100298,2017년 8월 2일 14시,수요일,광주광역시 광산구 송정동,경상사고,0,0,1,0,차대사람 - 횡단중,보행자보호의무위반,건조,맑음,교차로 - 교차로안,승용,남,70세,상해없음,보행자,남,43세,경상
2017080200100370,2017년 8월 2일 16시,수요일,광주광역시 서구 쌍촌동,경상사고,0,0,1,0,차대차 - 측면충돌,안전운전불이행,건조,맑음,단일로 - 기타,승합,남,35세,상해없음,승용,여,55세,경상
2017080200100371,2017년 8월 2일 16시,수요일,광주광역시 광산구 월계동,경상사고,0,0,5,0,차대차 - 측면충돌,교차로운행방법위반,건조,맑음,교차로 - 교차로안,이륜,남,23세,상해없음,승용,남,33세,경상
2017080200100372,2017년 8월 2일 16시,수요일,광주광역시 광산구 월계동,경상사고,0,0,1,0,차대차 - 측면충돌,안전운전불이행,건조,맑음,교차로 - 교차로부근,승용,여,34세,상해없음,자전거,여,69세,경상
2017080200100478,2017년 8월 2일 19시,수요일,광주광역시 동구 서석동,경상사고,0,0,1,0,차대차 - 기타,중앙선침범,건조,맑음,단일로 - 기타,기타불명,기타불명,미분류,기타불명,승용,남,30세,경상
2017080200100542,2017년 8월 2일 21시,수요일,광주광역시 광산구 신창동,중상사고,0,1,0,0,차대차 - 측면충돌,안전거리미확보,건조,맑음,단일로 - 기타,승용,남,22세,상해없음,이륜,남,27세,중상
2017080300100052,2017년 8월 3일 03시,목요일,광주광역시 서구 풍암동,중상사고,0,1,0,0,차대차 - 측면충돌,신호위반,건조,맑음,교차로 - 교차로안,승용,남,23세,상해없음,승용,여,60세,중상
2017080300100068,2017년 8월 3일 05시,목요일,광주광역시 서구 화정동,중상사고,0,1,0,0,차대사람 - 횡단중,보행자보호의무위반,건조,맑음,교차로 - 교차로부근,승용,남,36세,상해없음,보행자,여,80세,중상
2017080300100214,2017년 8월 3일 10시,목요일,광주광역시 서구 화정동,중상사고,0,1,0,0,차대차 - 측면충돌,차로위반,건조,맑음,단일로 - 기타,승용,여,51세,상해없음,이륜,남,51세,중상
2017080300100215,2017년 8월 3일 10시,목요일,광주광역시 서구 금호동,경상사고,0,0,1,0,차대차 - 측면충돌,교차로운행방법위반,건조,맑음,교차로 - 교차로안,승용,여,35세,경상,승용,여,62세,상해없음
2017080300100216,2017년 8월 3일 10시,목요일,광주광역시 서구 유촌동,경상사고,0,0,2,0,차대차 - 측면충돌,안전거리미확보,건조,맑음,교차로 - 교차로부근,승용,남,31세,경상,승용,남,33세,경상
2017080300100331,2017년 8월 3일 13시,목요일,광주광역시 서구 치평동,경상사고,0,0,1,0,차대차 - 후진중충돌,안전운전불이행,건조,맑음,단일로 - 기타,화물,남,41세,상해없음,승합,남,26세,경상
2017080300100401,2017년 8월 3일 15시,목요일,광주광역시 북구 용봉동,경상사고,0,0,3,0,차대차 - 측면충돌,안전운전불이행,건조,맑음,교차로 - 교차로부근,승용,남,24세,기타불명,승용,남,39세,경상
2017080300100467,2017년 8월 3일 17시,목요일,광주광역시 서구 치평동,경상사고,0,0,2,0,차대차 - 측면충돌,안전거리미확보,건조,맑음,교차로 - 교차로부근,승용,남,55세,상해없음,승합,남,38세,상해없음
2017080300100506,2017년 8월 3일 18시,목요일,광주광역시 북구 양산동,경상사고,0,0,2,0,차대차 - 기타,교차로운행방법위반,건조,맑음,교차로 - 교차로안,승용,남,57세,경상,승용,남,32세,경상
2017080300100533,2017년 8월 3일 19시,목요일,광주광역시 동구 지산동,경상사고,0,0,1,0,차대사람 - 횡단중,기타,건조,맑음,단일로 - 기타,승합,남,56세,상해없음,보행자,여,75세,경상
2017080300100534,2017년 8월 3일 19시,목요일,광주광역시 광산구 신가동,경상사고,0,0,1,0,차대차 - 측면충돌,신호위반,건조,맑음,교차로 - 교차로안,승용,여,38세,상해없음,이륜,남,20세,경상
2017080300100565,2017년 8월 3일 20시,목요일,광주광역시 북구 용봉동,경상사고,0,0,1,0,차대사람 - 횡단중,안전운전불이행,건조,맑음,단일로 - 기타,승용,남,55세,상해없음,보행자,남,22세,경상
2017080300100566,2017년 8월 3일 20시,목요일,광주광역시 북구 중흥동,경상사고,0,0,1,0,차대차 - 추돌,안전운전불이행,건조,맑음,단일로 - 기타,승용,남,65세,기타불명,승용,남,60세,경상
2017080300100590,2017년 8월 3일 21시,목요일,광주광역시 서구 화정동,경상사고,0,0,1,0,차대차 - 후진중충돌,안전운전불이행,건조,맑음,단일로 - 기타,승용,남,48세,상해없음,승용,남,26세,경상
2017080300100591,2017년 8월 3일 21시,목요일,광주광역시 남구 주월동,경상사고,0,0,2,0,차대차 - 추돌,안전운전불이행,건조,맑음,단일로 - 기타,승용,남,52세,상해없음,승용,남,22세,경상
2017080300100592,2017년 8월 3일 21시,목요일,광주광역시 북구 문흥동,경상사고,0,0,1,0,차량단독 - 기타,기타,건조,맑음,단일로 - 기타,승합,남,60세,상해없음,,,,
2017080400100038,2017년 8월 4일 00시,금요일,광주광역시 서구 화정동,경상사고,0,0,1,0,차대사람 - 기타,기타,건조,맑음,단일로 - 기타,승용,남,50세,상해없음,보행자,여,26세,경상
2017080400100039,2017년 8월 4일 00시,금요일,광주광역시 북구 양산동,경상사고,0,0,2,0,차대차 - 측면충돌,안전운전불이행,건조,맑음,교차로 - 교차로부근,승용,남,38세,기타불명,승용,여,40세,경상
2017080400100050,2017년 8월 4일 01시,금요일,광주광역시 서구 쌍촌동,경상사고,0,0,1,0,차대사람 - 기타,안전운전불이행,건조,맑음,단일로 - 기타,승용,남,52세,상해없음,보행자,여,47세,경상
2017080400100051,2017년 8월 4일 01시,금요일,광주광역시 서구 쌍촌동,경상사고,0,0,2,0,차대차 - 측면충돌,안전운전불이행,건조,맑음,단일로 - 기타,승용,남,32세,상해없음,승용,남,22세,경상
2017080400100052,2017년 8월 4일 01시,금요일,광주광역시 북구 중흥동,경상사고,0,0,1,0,차대차 - 측면충돌,신호위반,건조,맑음,교차로 - 교차로안,승용,남,27세,상해없음,승용,남,32세,경상
2017080400100120,2017년 8월 4일 07시,금요일,광주광역시 북구 두암동,경상사고,0,0,1,0,차대사람 - 길가장자리구역통행중,안전운전불이행,건조,맑음,교차로 - 교차로부근,화물,남,42세,상해없음,보행자,여,56세,경상
2017080400100185,2017년 8월 4일 09시,금요일,광주광역시 남구 주월동,경상사고,0,0,1,0,차대차 - 측면충돌,안전운전불이행,건조,맑음,교차로 - 교차로부근,승용,남,78세,상해없음,원동기,남,51세,경상
2017080400100186,2017년 8월 4일 09시,금요일,광주광역시 광산구 월곡동,중상사고,0,1,0,0,차대차 - 기타,안전운전불이행,건조,맑음,단일로 - 기타,기타불명,기타불명,미분류,기타불명,원동기,남,74세,중상
2017080400100220,2017년 8월 4일 10시,금요일,광주광역시 서구 농성동,경상사고,0,0,2,0,차대차 - 측면충돌,차로위반,건조,맑음,단일로 - 기타,승용,남,47세,상해없음,승용,남,33세,경상
2017080400100221,2017년 8월 4일 10시,금요일,광주광역시 광산구 월곡동,경상사고,0,0,1,0,차대차 - 측면충돌,직진우회전진행방해,건조,맑음,교차로 - 교차로부근,승용,남,65세,상해없음,승용,남,29세,경상
2017080400100264,2017년 8월 4일 11시,금요일,광주광역시 북구 중흥동,경상사고,0,0,1,0,차대사람 - 횡단중,보행자보호의무위반,건조,맑음,단일로 - 기타,승용,남,54세,기타불명,보행자,남,65세,경상
2017080400100326,2017년 8월 4일 13시,금요일,광주광역시 서구 치평동,경상사고,0,0,4,0,차대차 - 측면충돌,교차로운행방법위반,건조,맑음,교차로 - 교차로안,승용,남,52세,상해없음,승용,남,47세,경상
2017080400100327,2017년 8월 4일 13시,금요일,광주광역시 북구 운암동,경상사고,0,0,1,0,차량단독 - 공작물충돌,안전운전불이행,건조,맑음,단일로 - 기타,승용,여,74세,경상,,,,
2017080400100328,2017년 8월 4일 13시,금요일,광주광역시 광산구 송정동,경상사고,0,0,1,0,차대차 - 측면충돌,신호위반,건조,맑음,교차로 - 교차로안,자전거,남,33세,경상,승용,남,56세,상해없음
2017080400100407,2017년 8월 4일 15시,금요일,광주광역시 서구 화정동,경상사고,0,0,1,0,차대차 - 측면충돌,안전거리미확보,건조,맑음,단일로 - 기타,기타불명,기타불명,미분류,기타불명,승용,남,59세,경상
2017080400100446,2017년 8월 4일 16시,금요일,광주광역시 서구 화정동,중상사고,0,1,0,0,차대차 - 측면충돌,안전운전불이행,건조,맑음,교차로 - 교차로안,승용,남,50세,상해없음,승용,남,37세,중상
2017080400100447,2017년 8월 4일 16시,금요일,광주광역시 광산구 하산동,경상사고,0,0,1,0,차대차 - 추돌,안전운전불이행,건조,맑음,교차로 - 교차로부근,화물,남,66세,상해없음,승용,남,22세,경상
2017080400100531,2017년 8월 4일 18시,금요일,광주광역시 서구 광천동,경상사고,0,0,2,1,차대차 - 측면충돌,교차로운행방법위반,건조,맑음,교차로 - 교차로안,승용,남,33세,부상신고,승용,남,30세,경상
2017080400100532,2017년 8월 4일 18시,금요일,광주광역시 광산구 장덕동,경상사고,0,0,1,0,차대차 - 후진중충돌,안전운전불이행,건조,맑음,교차로 - 교차로안,승용,남,49세,상해없음,승용,남,26세,경상
2017080400100569,2017년 8월 4일 19시,금요일,광주광역시 광산구 수완동,경상사고,0,0,2,0,차대차 - 추돌,안전거리미확보,건조,맑음,단일로 - 기타,승용,남,47세,기타불명,승용,남,36세,경상
2017080400100605,2017년 8월 4일 20시,금요일,광주광역시 북구 용봉동,경상사고,0,0,1,0,차대차 - 기타,안전운전불이행,건조,맑음,교차로 - 교차로부근,승용,남,57세,상해없음,승용,남,57세,경상
2017080400100636,2017년 8월 4일 21시,금요일,광주광역시 남구 방림동,경상사고,0,0,2,0,차대차 - 측면충돌,차로위반,건조,맑음,교차로 - 교차로부근,승용,남,56세,상해없음,승용,남,27세,경상
2017080500100025,2017년 8월 5일 00시,토요일,광주광역시 북구 신안동,경상사고,0,0,1,0,차대차 - 기타,교차로운행방법위반,건조,맑음,교차로 - 교차로부근,승용,남,36세,상해없음,자전거,남,40세,경상
2017080500100110,2017년 8월 5일 07시,토요일,광주광역시 북구 오치동,경상사고,0,0,6,0,차대차 - 기타,안전운전불이행,건조,맑음,교차로 - 교차로안,화물,남,33세,상해없음,승합,남,52세,상해없음
2017080500100111,2017년 8월 5일 07시,토요일,광주광역시 광산구 수완동,부상신고사고,0,0,0,1,차대사람 - 횡단중,안전운전불이행,건조,맑음,단일로 - 터널,승용,남,36세,상해없음,보행자,여,32세,부상신고