사고번호,사고일시,요일,시군구,사고내용,사망자수,중상자수,경상자수,부상신고자수,사고유형,법규위반,노면상태,기상상태,도로형태,가해운전자 차종,가해운전자 성별,가해운전자 연령,가해운전자 상해정도,피해운전자 차종,피해운전자 성별,피해운전자 연령,피해운전자 상해정도
2017080500100134,2017년 8월 5일 08시,토요일,광주광역시 남구 양림동,경상사고,0,0,1,0,차대차 - 측면충돌,안전운전불이행,건조,맑음,단일로 - 기타,승용,여,53세,상해없음,승용,남,29세,경상
2017080500100230,2017년 8월 5일 11시,토요일,광주광역시 북구 신안동,중상사고,0,1,0,0,차대차 - 측면충돌,안전운전불이행,건조,맑음,단일로 - 기타,승용,여,43세,상해없음,자전거,남,79세,중상
2017080500100231,2017년 8월 5일 11시,토요일,광주광역시 북구 신안동,경상사고,0,0,2,0,차대차 - 측면충돌,안전운전불이행,건조,맑음,교차로 - 교차로부근,승용,여,50세,상해없음,승용,남,36세,경상
2017080500100232,2017년 8월 5일 11시,토요일,광주광역시 광산구 소촌동,경상사고,0,0,4,0,차대차 - 추돌,안전운전불이행,건조,맑음,단일로 - 기타,승용,남,56세,상해없음,승용,남,41세,경상
2017080500100265,2017년 8월 5일 12시,토요일,광주광역시 북구 용봉동,경상사고,0,0,2,0,차대차 - 측면충돌,안전거리미확보,건조,맑음,단일로 - 기타,승용,남,57세,상해없음,승용,남,23세,경상
2017080500100307,2017년 8월 5일 13시,토요일,광주광역시 광산구 하남동,경상사고,0,0,4,0,차대차 - 측면충돌,교차로운행방법위반,건조,맑음,교차로 - 교차로안,승용,여,57세,경상,승용,여,32세,경상
2017080500100337,2017년 8월 5일 14시,토요일,광주광역시 북구 동림동,경상사고,0,0,2,0,차대차 - 추돌,안전운전불이행,건조,맑음,교차로 - 교차로부근,승용,남,32세,상해없음,승용,여,32세,경상
2017080500100491,2017년 8월 5일 18시,토요일,광주광역시 서구 치평동,경상사고,0,0,2,0,차대차 - 기타,안전운전불이행,건조,맑음,단일로 - 기타,승용,여,33세,상해없음,승용,여,27세,경상
2017080500100513,2017년 8월 5일 19시,토요일,광주광역시 서구 치평동,중상사고,0,1,0,0,차대차 - 기타,안전운전불이행,젖음/습기,비,교차로 - 교차로부근,기타불명,기타불명,미분류,기타불명,승용,남,24세,중상
2017080500100514,2017년 8월 5일 19시,토요일,광주광역시 북구 장등동,중상사고,0,2,2,0,차대차 - 측면충돌,교차로운행방법위반,건조,맑음,교차로 - 교차로안,승용,여,59세,경상,승용,남,69세,경상
2017080500100515,2017년 8월 5일 19시,토요일,광주광역시 북구 각화동,경상사고,0,0,1,0,차대차 - 측면충돌,안전운전불이행,건조,맑음,단일로 - 기타,승용,남,49세,상해없음,화물,여,52세,경상
2017080500100547,2017년 8월 5일 20시,토요일,광주광역시 서구 치평동,경상사고,0,0,1,0,차대차 - 기타,안전운전불이행,건조,맑음,단일로 - 기타,승용,남,31세,상해없음,승용,남,44세,경상
2017080500100548,2017년 8월 5일 20시,토요일,광주광역시 북구 운암동,중상사고,0,1,0,0,차대사람 - 횡단중,보행자보호의무위반,건조,맑음,단일로 - 기타,승용,여,42세,상해없음,보행자,남,65세,중상
2017080500100605,2017년 8월 5일 22시,토요일,광주광역시 북구 오치동,경상사고,0,0,1,0,차대차 - 측면충돌,교차로운행방법위반,건조,맑음,교차로 - 교차로안,승용,남,29세,상해없음,승용,남,43세,경상
2017080500100626,2017년 8월 5일 23시,토요일,광주광역시 남구 백운동,중상사고,0,1,1,0,차대차 - 측면충돌,안전거리미확보,건조,맑음,교차로 - 교차로부근,승용,남,25세,상해없음,승용,여,38세,중상
2017080600100026,2017년 8월 6일 00시,일요일,광주광역시 서구 매월동,사망사고,1,0,0,0,차대차 - 측면충돌,신호위반,건조,흐림,교차로 - 교차로안,자전거,남,40세,사망,승용,남,39세,상해없음
2017080600100027,2017년 8월 6일 00시,일요일,광주광역시 북구 운암동,경상사고,0,0,1,0,차대사람 - 횡단중,안전운전불이행,건조,맑음,교차로 - 교차로부근,승용,남,43세,상해없음,보행자,남,59세,경상
2017080600100051,2017년 8월 6일 02시,일요일,광주광역시 서구 쌍촌동,경상사고,0,0,2,0,차대차 - 측면충돌,신호위반,건조,맑음,교차로 - 교차로안,승용,남,27세,상해없음,승용,남,59세,경상
2017080600100052,2017년 8월 6일 02시,일요일,광주광역시 서구 화정동,중상사고,0,2,1,0,차대차 - 측면충돌,신호위반,건조,맑음,교차로 - 교차로안,화물,남,43세,상해없음,승용,남,24세,경상
2017080600100125,2017년 8월 6일 09시,일요일,광주광역시 북구 용전동,경상사고,0,0,3,0,차대차 - 정면충돌,안전운전불이행,건조,맑음,교차로 - 교차로안,승용,남,28세,상해없음,승용,남,56세,경상
2017080600100177,2017년 8월 6일 11시,일요일,광주광역시 광산구 송정동,경상사고,0,0,2,0,차대차 - 추돌,안전운전불이행,건조,맑음,교차로 - 교차로부근,승용,남,59세,상해없음,승용,남,35세,경상
2017080600100196,2017년 8월 6일 12시,일요일,광주광역시 광산구 송정동,경상사고,0,0,2,0,차대차 - 측면충돌,차로위반,건조,맑음,기타 - 기타,승용,남,56세,경상,승용,남,36세,경상
2017080600100215,2017년 8월 6일 13시,일요일,광주광역시 북구 중흥동,경상사고,0,0,1,0,차대차 - 측면충돌,교차로운행방법위반,건조,맑음,교차로 - 교차로안,승용,남,45세,상해없음,이륜,남,41세,경상
2017080600100216,2017년 8월 6일 13시,일요일,광주광역시 광산구 소촌동,중상사고,0,1,0,0,차대사람 - 횡단중,신호위반,건조,맑음,단일로 - 기타,승용,여,39세,상해없음,보행자,여,66세,중상
2017080600100308,2017년 8월 6일 16시,일요일,광주광역시 광산구 신가동,경상사고,0,0,1,0,차대차 - 정면충돌,안전운전불이행,건조,맑음,교차로 - 교차로부근,승용,남,47세,상해없음,승용,남,45세,경상
2017080600100337,2017년 8월 6일 17시,일요일,광주광역시 서구 쌍촌동,경상사고,0,0,1,0,차대차 - 측면충돌,신호위반,건조,맑음,교차로 - 교차로안,승용,남,29세,상해없음,승용,남,29세,경상
2017080600100338,2017년 8월 6일 17시,일요일,광주광역시 광산구 신가동,경상사고,0,0,3,0,차대차 - 측면충돌,안전운전불이행,건조,맑음,단일로 - 기타,승용,남,47세,상해없음,승용,여,38세,경상
2017080600100437,2017년 8월 6일 21시,일요일,광주광역시 서구 양동,경상사고,0,0,1,0,차대차 - 추돌,안전운전불이행,젖음/습기,흐림,단일로 - 기타,승용,남,54세,상해없음,승용,여,35세,경상
2017080600100438,2017년 8월 6일 21시,일요일,광주광역시 광산구 신창동,경상사고,0,0,1,0,차대차 - 측면충돌,안전운전불이행,건조,맑음,단일로 - 기타,기타불명,기타불명,미분류,기타불명,승용,여,47세,경상
2017080600100476,2017년 8월 6일 23시,일요일,광주광역시 서구 치평동,경상사고,0,0,3,0,차대차 - 측면충돌,안전운전불이행,건조,흐림,단일로 - 기타,승용,남,58세,상해없음,승용,남,30세,경상
2017080700100034,2017년 8월 7일 00시,월요일,광주광역시 서구 화정동,경상사고,0,0,3,0,차대차 - 기타,신호위반,건조,맑음,교차로 - 교차로안,승용,남,57세,상해없음,승용,남,43세,경상
2017080700100035,2017년 8월 7일 00시,월요일,광주광역시 북구 신안동,경상사고,0,0,1,0,차대차 - 후진중충돌,안전운전불이행,건조,맑음,교차로 - 교차로안,승용,남,62세,상해없음,승용,남,25세,경상
2017080700100057,2017년 8월 7일 03시,월요일,광주광역시 서구 쌍촌동,경상사고,0,0,1,0,차대사람 - 횡단중,안전운전불이행,건조,맑음,단일로 - 기타,승용,여,47세,상해없음,보행자,남,26세,경상
2017080700100070,2017년 8월 7일 05시,월요일,광주광역시 서구 쌍촌동,중상사고,0,1,0,0,차대차 - 측면충돌,안전운전불이행,건조,맑음,단일로 - 기타,이륜,남,25세,중상,승용,남,31세,상해없음
2017080700100177,2017년 8월 7일 09시,월요일,광주광역시 북구 신안동,경상사고,0,0,1,0,차대차 - 측면충돌,교차로운행방법위반,건조,맑음,교차로 - 교차로안,원동기,여,24세,경상,승용,여,39세,상해없음
2017080700100229,2017년 8월 7일 11시,월요일,광주광역시 남구 송하동,경상사고,0,0,2,0,차대차 - 추돌,안전운전불이행,건조,맑음,단일로 - 기타,승용,남,52세,상해없음,승용,남,23세,경상
2017080700100230,2017년 8월 7일 11시,월요일,광주광역시 북구 일곡동,부상신고사고,0,0,0,1,차대차 - 측면충돌,안전운전불이행,건조,맑음,교차로 - 교차로부근,승용,남,50세,상해없음,자전거,남,9세,부상신고
2017080700100262,2017년 8월 7일 12시,월요일,광주광역시 동구 동명동,경상사고,0,0,1,0,차대차 - 추돌,안전운전불이행,건조,맑음,교차로 - 교차로부근,승용,남,47세,상해없음,승용,남,59세,경상
2017080700100295,2017년 8월 7일 13시,월요일,광주광역시 북구 일곡동,경상사고,0,0,2,0,차대차 - 후진중충돌,안전운전불이행,건조,맑음,단일로 - 기타,기타불명,기타불명,미분류,기타불명,승용,여,35세,경상
2017080700100331,2017년 8월 7일 14시,월요일,광주광역시 광산구 신창동,경상사고,0,0,1,0,차대차 - 측면충돌,교차로운행방법위반,건조,맑음,교차로 - 교차로안,화물,남,57세,상해없음,승용,남,64세,경상
2017080700100395,2017년 8월 7일 16시,월요일,광주광역시 동구 충장로5가,중상사고,0,1,0,0,차대차 - 기타,안전운전불이행,건조,맑음,기타 - 기타,이륜,남,63세,상해없음,이륜,남,27세,중상
2017080700100438,2017년 8월 7일 17시,월요일,광주광역시 동구 계림동,중상사고,0,1,0,0,차대사람 - 횡단중,안전운전불이행,건조,맑음,단일로 - 기타,승용,남,31세,상해없음,보행자,여,67세,중상
2017080700100439,2017년 8월 7일 17시,월요일,광주광역시 북구 우산동,경상사고,0,0,1,0,차대차 - 측면충돌,안전운전불이행,건조,맑음,단일로 - 기타,승용,남,68세,기타불명,승용,여,40세,경상
2017080700100440,2017년 8월 7일 17시,월요일,광주광역시 광산구 신창동,경상사고,0,0,1,0,차대차 - 측면충돌,차로위반,건조,맑음,단일로 - 기타,승용,남,48세,상해없음,이륜,남,19세,경상
2017080700100486,2017년 8월 7일 18시,월요일,광주광역시 북구 용봉동,경상사고,0,0,3,0,차대차 - 추돌,안전운전불이행,건조,맑음,단일로 - 기타,승용,남,52세,경상,승용,남,42세,경상
2017080700100514,2017년 8월 7일 19시,월요일,광주광역시 서구 동천동,경상사고,0,0,5,2,차대차 - 추돌,안전운전불이행,건조,맑음,단일로 - 기타,승용,여,26세,상해없음,승용,남,27세,경상
2017080700100543,2017년 8월 7일 20시,월요일,광주광역시 서구 쌍촌동,경상사고,0,0,1,0,차대사람 - 횡단중,안전운전불이행,건조,맑음,교차로 - 교차로안,승용,여,37세,상해없음,보행자,여,34세,경상
2017080700100544,2017년 8월 7일 20시,월요일,광주광역시 북구 신용동,경상사고,0,0,1,0,차대차 - 정면충돌,안전거리미확보,건조,맑음,교차로 - 교차로부근,승용,남,30세,상해없음,이륜,남,30세,경상
2017080700100567,2017년 8월 7일 21시,월요일,광주광역시 북구 오치동,경상사고,0,0,1,0,차대사람 - 횡단중,안전운전불이행,건조,맑음,단일로 - 기타,이륜,남,19세,상해없음,보행자,여,47세,경상
2017080700100568,2017년 8월 7일 21시,월요일,광주광역시 북구 문흥동,경상사고,0,0,1,0,차대차 - 기타,안전운전불이행,건조,맑음,단일로 - 기타,이륜,남,49세,경상,승용,여,46세,상해없음
2017080700100569,2017년 8월 7일 21시,월요일,광주광역시 광산구 송정동,중상사고,0,1,0,0,차대차 - 측면충돌,신호위반,건조,맑음,교차로 - 교차로안,승용,여,60세,상해없음,이륜,남,17세,중상
2017080700100612,2017년 8월 7일 23시,월요일,광주광역시 서구 쌍촌동,경상사고,0,0,1,0,차대차 - 측면충돌,안전거리미확보,건조,맑음,단일로 - 기타,승용,남,42세,상해없음,화물,남,37세,경상
2017080800100024,2017년 8월 8일 00시,화요일,광주광역시 광산구 수완동,경상사고,0,0,2,0,차대차 - 측면충돌,안전거리미확보,건조,맑음,교차로 - 교차로부근,승용,남,41세,경상,승용,남,30세,경상
2017080800100043,2017년 8월 8일 04시,화요일,광주광역시 북구 동림동,중상사고,0,1,0,0,차량단독 - 전도전복 - 전도,안전운전불이행,건조,맑음,단일로 - 기타,이륜,남,32세,중상,,,,
2017080800100187,2017년 8월 8일 10시,화요일,광주광역시 광산구 옥동,경상사고,0,0,3,0,차대차 - 측면충돌,안전거리미확보,건조,맑음,단일로 - 기타,승용,여,55세,경상,승합,남,36세,경상
2017080800100224,2017년 8월 8일 11시,화요일,광주광역시 남구 방림동,경상사고,0,0,4,0,차대차 - 측면충돌,안전거리미확보,건조,맑음,단일로 - 기타,승용,남,42세,상해없음,화물,여,58세,경상
2017080800100225,2017년 8월 8일 11시,화요일,광주광역시 북구 운암동,경상사고,0,0,3,0,차대차 - 정면충돌,안전거리미확보,건조,맑음,단일로 - 기타,원동기,남,24세,경상,승용,여,45세,경상
2017080800100226,2017년 8월 8일 11시,화요일,광주광역시 광산구 월계동,중상사고,0,1,2,0,차대차 - 측면충돌,신호위반,건조,맑음,교차로 - 교차로안,승용,여,43세,경상,승용,여,42세,경상
2017080800100258,2017년 8월 8일 12시,화요일,광주광역시 광산구 운남동,중상사고,0,1,0,0,차대차 - 추돌,안전운전불이행,건조,맑음,단일로 - 기타,원동기,남,24세,중상,승용,남,55세,상해없음
2017080800100292,2017년 8월 8일 13시,화요일,광주광역시 서구 금호동,경상사고,0,0,1,0,차대차 - 기타,차로위반,건조,맑음,단일로 - 기타,승용,여,62세,상해없음,이륜,남,34세,경상
2017080800100363,2017년 8월 8일 15시,화요일,광주광역시 서구 광천동,경상사고,0,0,1,0,차대차 - 측면충돌,차로위반,건조,맑음,단일로 - 기타,승용,여,45세,상해없음,승용,남,37세,경상
2017080800100391,2017년 8월 8일 16시,화요일,광주광역시 광산구 수완동,경상사고,0,0,1,0,차대차 - 추돌,차로위반,건조,맑음,교차로 - 교차로부근,화물,여,30세,상해없음,승용,남,64세,경상
2017080800100416,2017년 8월 8일 17시,화요일,광주광역시 북구 양산동,중상사고,0,1,0,0,차대사람 - 횡단중,안전운전불이행,건조,맑음,단일로 - 기타,이륜,남,18세,상해없음,보행자,여,57세,중상
2017080800100448,2017년 8월 8일 18시,화요일,광주광역시 북구 누문동,경상사고,0,0,1,0,차대차 - 측면충돌,안전거리미확보,건조,맑음,단일로 - 기타,승용,남,56세,상해없음,이륜,남,25세,경상
2017080800100518,2017년 8월 8일 20시,화요일,광주광역시 서구 화정동,경상사고,0,0,3,0,차대차 - 추돌,안전운전불이행,건조,맑음,단일로 - 기타,승용,남,61세,상해없음,승용,남,52세,경상
2017080800100519,2017년 8월 8일 20시,화요일,광주광역시 광산구 월계동,경상사고,0,0,1,0,차대사람 - 횡단중,안전운전불이행,건조,맑음,교차로 - 교차로부근,승용,남,66세,상해없음,보행자,여,52세,경상
2017080800100552,2017년 8월 8일 21시,화요일,광주광역시 북구 용봉동,부상신고사고,0,0,0,1,차대차 - 측면충돌,중앙선침범,건조,맑음,단일로 - 기타,이륜,남,20세,부상신고,승용,여,28세,상해없음
2017080800100575,2017년 8월 8일 22시,화요일,광주광역시 서구 화정동,경상사고,0,0,2,0,차대차 - 측면충돌,안전운전불이행,건조,맑음,교차로 - 교차로부근,승용,남,64세,상해없음,승합,남,48세,경상
2017080800100576,2017년 8월 8일 22시,화요일,광주광역시 서구 치평동,경상사고,0,0,1,0,차대차 - 추돌,안전운전불이행,건조,맑음,교차로 - 교차로안,승용,남,50세,상해없음,승용,남,67세,경상
2017080800100592,2017년 8월 8일 23시,화요일,광주광역시 광산구 수완동,경상사고,0,0,1,0,차대차 - 측면충돌,중앙선침범,건조,맑음,교차로 - 교차로부근,승용,남,38세,상해없음,승용,남,32세,상해없음
2017080900100035,2017년 8월 9일 00시,수요일,광주광역시 북구 용봉동,경상사고,0,0,1,0,차대사람 - 기타,안전운전불이행,건조,맑음,교차로 - 교차로부근,승용,여,42세,상해없음,보행자,여,25세,경상
2017080900100071,2017년 8월 9일 04시,수요일,광주광역시 북구 운암동,경상사고,0,0,1,0,차량단독 - 전도전복 - 전도,안전운전불이행,건조,맑음,단일로 - 기타,원동기,남,21세,경상,,,,
2017080900100095,2017년 8월 9일 06시,수요일,광주광역시 광산구 오선동,경상사고,0,0,1,0,차대차 - 측면충돌,신호위반,건조,흐림,교차로 - 교차로안,승합,남,39세,상해없음,화물,남,58세,경상
2017080900100214,2017년 8월 9일 10시,수요일,광주광역시 서구 벽진동,경상사고,0,0,4,0,차대차 - 추돌,안전운전불이행,건조,맑음,단일로 - 기타,승용,남,54세,상해없음,승용,여,45세,경상
2017080900100215,2017년 8월 9일 10시,수요일,광주광역시 북구 두암동,경상사고,0,0,1,0,차대사람 - 횡단중,안전운전불이행,건조,맑음,단일로 - 기타,승용,남,63세,상해없음,보행자,남,50세,경상
2017080900100216,2017년 8월 9일 10시,수요일,광주광역시 광산구 산월동,경상사고,0,0,1,0,차대차 - 측면충돌,안전운전불이행,건조,맑음,교차로 - 교차로안,승용,남,61세,상해없음,승용,여,46세,경상
2017080900100248,2017년 8월 9일 11시,수요일,광주광역시 동구 용산동,경상사고,0,0,2,0,차대차 - 측면충돌,안전거리미확보,건조,맑음,기타 - 기타,승용,남,76세,상해없음,승합,남,32세,경상
2017080900100284,2017년 8월 9일 12시,수요일,광주광역시 남구 진월동,경상사고,0,0,1,0,차대사람 - 횡단중,보행자보호의무위반,젖음/습기,비,단일로 - 기타,승용,남,27세,상해없음,보행자,남,10세,경상
2017080900100285,2017년 8월 9일 12시,수요일,광주광역시 북구 신안동,경상사고,0,0,1,0,차대차 - 측면충돌,안전거리미확보,건조,맑음,교차로 - 교차로안,승용,여,65세,상해없음,승용,여,31세,경상
2017080900100314,2017년 8월 9일 13시,수요일,광주광역시 광산구 운남동,경상사고,0,0,1,0,차대차 - 측면충돌,교차로운행방법위반,건조,맑음,교차로 - 교차로안,승용,여,31세,경상,특수,남,55세,상해없음
2017080900100342,2017년 8월 9일 14시,수요일,광주광역시 북구 용봉동,경상사고,0,0,2,0,차대차 - 측면충돌,신호위반,건조,맑음,교차로 - 교차로안,승용,여,44세,상해없음,승용,남,45세,경상
2017080900100411,2017년 8월 9일 16시,수요일,광주광역시 광산구 월계동,경상사고,0,0,1,0,차대사람 - 횡단중,보행자보호의무위반,건조,맑음,단일로 - 기타,승합,남,57세,상해없음,보행자,남,7세,경상
2017080900100444,2017년 8월 9일 17시,수요일,광주광역시 동구 대의동,경상사고,0,0,1,0,차대차 - 측면충돌,안전운전불이행,건조,맑음,교차로 - 교차로부근,승용,남,60세,상해없음,이륜,남,18세,경상
2017080900100480,2017년 8월 9일 18시,수요일,광주광역시 서구 마륵동,경상사고,0,0,1,0,차대차 - 추돌,안전운전불이행,건조,맑음,교차로 - 교차로부근,승용,여,47세,상해없음,승용,여,42세,경상
2017080900100481,2017년 8월 9일 18시,수요일,광주광역시 북구 신용동,경상사고,0,0,1,0,차대차 - 기타,안전운전불이행,건조,맑음,단일로 - 기타,승용,남,24세,상해없음,자전거,남,49세,경상
2017080900100482,2017년 8월 9일 18시,수요일,광주광역시 북구 북동,경상사고,0,0,4,0,차대차 - 기타,안전운전불이행,건조,맑음,단일로 - 기타,화물,남,47세,경상,승용,남,44세,경상
2017080900100517,2017년 8월 9일 19시,수요일,광주광역시 광산구 소촌동,경상사고,0,0,1,0,차대차 - 측면충돌,안전거리미확보,건조,맑음,단일로 - 기타,승용,남,16세,상해없음,승용,여,46세,경상
2017080900100555,2017년 8월 9일 20시,수요일,광주광역시 동구 학동,경상사고,0,0,1,0,차대차 - 측면충돌,안전운전불이행,건조,맑음,교차로 - 교차로안,승용,남,63세,상해없음,이륜,남,19세,경상
2017080900100670,2017년 8월 9일 23시,수요일,광주광역시 남구 방림동,경상사고,0,0,1,0,차량단독 - 기타,기타,건조,맑음,단일로 - 기타,승합,남,51세,상해없음,,,,
2017081000100125,2017년 8월 10일 07시,목요일,광주광역시 광산구 신창동,중상사고,0,1,0,0,차대사람 - 횡단중,안전운전불이행,건조,맑음,단일로 - 기타,승용,남,67세,상해없음,보행자,여,84세,중상
2017081000100169,2017년 8월 10일 08시,목요일,광주광역시 남구 백운동,경상사고,0,0,1,0,차대차 - 측면충돌,안전운전불이행,건조,맑음,단일로 - 기타,승용,여,48세,상해없음,자전거,남,49세,경상
2017081000100208,2017년 8월 10일 09시,목요일,광주광역시 광산구 월계동,경상사고,0,0,8,0,차대차 - 추돌,안전운전불이행,건조,맑음,교차로 - 교차로부근,승용,남,49세,상해없음,승용,여,33세,경상
2017081000100239,2017년 8월 10일 10시,목요일,광주광역시 남구 봉선동,경상사고,0,0,1,0,차대사람 - 길가장자리구역통행중,안전운전불이행,건조,맑음,단일로 - 기타,기타불명,기타불명,미분류,기타불명,보행자,여,67세,경상
2017081000100260,2017년 8월 10일 11시,목요일,광주광역시 북구 문흥동,경상사고,0,0,1,0,차대사람 - 횡단중,안전운전불이행,건조,맑음,교차로 - 교차로부근,화물,남,46세,상해없음,보행자,남,15세,경상
2017081000100296,2017년 8월 10일 12시,목요일,광주광역시 동구 충장로5가,중상사고,0,1,0,0,차대사람 - 횡단중,안전운전불이행,건조,맑음,교차로 - 교차로안,화물,남,38세,상해없음,보행자,여,65세,중상
2017081000100328,2017년 8월 10일 13시,목요일,광주광역시 남구 월산동,중상사고,0,1,0,0,차대차 - 정면충돌,안전운전불이행,건조,맑음,교차로 - 교차로부근,승용,남,62세,상해없음,자전거,여,59세,중상
2017081000100359,2017년 8월 10일 14시,목요일,광주광역시 서구 금호동,중상사고,0,1,0,0,차대차 - 측면충돌,중앙선침범,건조,맑음,단일로 - 기타,승용,남,44세,상해없음,이륜,남,53세,중상
2017081000100360,2017년 8월 10일 14시,목요일,광주광역시 광산구 월계동,경상사고,0,0,1,0,차대차 - 측면충돌,기타,건조,맑음,단일로 - 기타,승용,남,57세,상해없음,승용,남,44세,경상
2017081000100434,2017년 8월 10일 16시,목요일,광주광역시 광산구 신창동,경상사고,0,0,1,0,차대사람 - 횡단중,안전운전불이행,건조,맑음,교차로 - 교차로안,승용,여,32세,상해없음,보행자,여,31세,경상
2017081000100477,2017년 8월 10일 17시,목요일,광주광역시 서구 금호동,경상사고,0,0,1,0,차대사람 - 횡단중,안전운전불이행,건조,맑음,단일로 - 기타,승용,남,59세,상해없음,보행자,여,6세,경상
2017081000100478,2017년 8월 10일 17시,목요일,광주광역시 서구 덕흥동,경상사고,0,0,3,0,차대차 - 기타,안전운전불이행,건조,맑음,단일로 - 기타,특수,남,38세,상해없음,승용,여,33세,경상
2017081000100511,2017년 8월 10일 18시,목요일,광주광역시 북구 연제동,중상사고,0,1,1,0,차대차 - 측면충돌,신호위반,건조,맑음,교차로 - 교차로안,이륜,남,23세,중상,승용,남,42세,경상
2017081000100581,2017년 8월 10일 20시,목요일,광주광역시 광산구 신가동,경상사고,0,0,1,0,차대차 - 측면충돌,신호위반,건조,맑음,단일로 - 기타,승용,여,41세,상해없음,자전거,남,42세,경상
2017081000100582,2017년 8월 10일 20시,목요일,광주광역시 광산구 동산동,경상사고,0,0,1,0,차대차 - 정면충돌,중앙선침범,건조,맑음,단일로 - 기타,화물,남,56세,상해없음,자전거,남,62세,경상
2017081000100649,2017년 8월 10일 22시,목요일,광주광역시 서구 화정동,경상사고,0,0,2,0,차대차 - 측면충돌,신호위반,건조,맑음,교차로 - 교차로안,승용,여,38세,상해없음,승용,남,56세,경상
2017081000100683,2017년 8월 10일 23시,목요일,광주광역시 남구 주월동,부상신고사고,0,0,0,2,차대차 - 정면충돌,교차로운행방법위반,건조,맑음,교차로 - 교차로안,승용,남,46세,상해없음,승용,남,36세,부상신고
2017081100100212,2017년 8월 11일 10시,금요일,광주광역시 남구 주월동,중상사고,0,1,0,0,차대사람 - 기타,안전운전불이행,건조,맑음,단일로 - 기타,승용,여,43세,상해없음,보행자,남,49세,중상
2017081100100241,2017년 8월 11일 11시,금요일,광주광역시 남구 월산동,경상사고,0,0,1,0,차대차 - 추돌,안전거리미확보,건조,맑음,교차로 - 교차로부근,화물,남,61세,상해없음,승용,여,54세,경상
2017081100100242,2017년 8월 11일 11시,금요일,광주광역시 북구 매곡동,경상사고,0,0,2,0,차대차 - 추돌,안전운전불이행,건조,맑음,교차로 - 교차로부근,승용,남,52세,상해없음,승용,여,26세,경상
2017081100100319,2017년 8월 11일 13시,금요일,광주광역시 북구 용봉동,경상사고,0,0,1,0,차대차 - 측면충돌,안전거리미확보,건조,맑음,단일로 - 기타,승용,여,51세,상해없음,이륜,남,47세,경상
2017081100100365,2017년 8월 11일 14시,금요일,광주광역시 남구 월산동,경상사고,0,0,1,0,차대차 - 추돌,안전거리미확보,건조,맑음,단일로 - 기타,승용,남,24세,상해없음,승용,남,26세,경상
2017081100100366,2017년 8월 11일 14시,금요일,광주광역시 북구 각화동,중상사고,0,2,2,0,차대차 - 정면충돌,신호위반,건조,맑음,교차로 - 교차로안,승용,여,50세,경상,승용,여,54세,중상
2017081100100367,2017년 8월 11일 14시,금요일,광주광역시 북구 운암동,중상사고,0,1,0,0,차대차 - 기타,안전운전불이행,건조,맑음,단일로 - 기타,승용,남,47세,상해없음,원동기,남,63세,중상
2017081100100404,2017년 8월 11일 15시,금요일,광주광역시 남구 주월동,경상사고,0,0,2,0,차대차 - 측면충돌,안전거리미확보,건조,맑음,단일로 - 기타,화물,남,68세,상해없음,승합,여,51세,경상
2017081100100405,2017년 8월 11일 15시,금요일,광주광역시 남구 주월동,경상사고,0,0,1,0,차대차 - 추돌,안전운전불이행,건조,맑음,단일로 - 기타,승용,남,56세,상해없음,승용,여,46세,경상
2017081100100406,2017년 8월 11일 15시,금요일,광주광역시 북구 신용동,경상사고,0,0,1,0,차대사람 - 횡단중,안전운전불이행,건조,맑음,단일로 - 기타,승용,여,37세,상해없음,보행자,여,8세,경상
2017081100100407,2017년 8월 11일 15시,금요일,광주광역시 광산구 선암동,경상사고,0,0,1,0,차대차 - 측면충돌,교차로운행방법위반,건조,맑음,교차로 - 교차로안,원동기,남,39세,경상,승용,남,61세,상해없음
2017081100100453,2017년 8월 11일 16시,금요일,광주광역시 광산구 도천동,경상사고,0,0,1,0,차대차 - 추돌,안전운전불이행,건조,맑음,단일로 - 기타,화물,남,27세,상해없음,화물,남,43세,경상
2017081100100497,2017년 8월 11일 17시,금요일,광주광역시 남구 방림동,경상사고,0,0,2,0,차대차 - 기타,교차로운행방법위반,건조,맑음,교차로 - 교차로안,승용,여,35세,경상,승용,여,57세,경상
2017081100100498,2017년 8월 11일 17시,금요일,광주광역시 광산구 산월동,경상사고,0,0,1,0,차대차 - 측면충돌,안전운전불이행,건조,맑음,단일로 - 기타,이륜,남,17세,상해없음,승용,여,38세,경상
2017081100100542,2017년 8월 11일 18시,금요일,광주광역시 남구 서동,경상사고,0,0,2,0,차대차 - 측면충돌,중앙선침범,건조,맑음,단일로 - 기타,승용,남,39세,상해없음,승용,여,30세,경상
2017081100100587,2017년 8월 11일 19시,금요일,광주광역시 서구 치평동,경상사고,0,0,1,0,차대차 - 측면충돌,안전운전불이행,건조,맑음,단일로 - 기타,승용,여,36세,상해없음,승용,남,56세,경상
2017081100100633,2017년 8월 11일 20시,금요일,광주광역시 동구 지산동,중상사고,0,1,0,0,차대차 - 측면충돌,신호위반,건조,맑음,교차로 - 교차로안,이륜,남,51세,중상,승용,남,49세,상해없음
2017081100100634,2017년 8월 11일 20시,금요일,광주광역시 북구 삼각동,중상사고,0,1,0,0,차대사람 - 기타,안전운전불이행,건조,맑음,단일로 - 기타,자전거,남,14세,상해없음,보행자,여,70세,중상