사고번호,사고일시,요일,시군구,사고내용,사망자수,중상자수,경상자수,부상신고자수,사고유형,법규위반,노면상태,기상상태,도로형태,가해운전자 차종,가해운전자 성별,가해운전자 연령,가해운전자 상해정도,피해운전자 차종,피해운전자 성별,피해운전자 연령,피해운전자 상해정도
2017082800100648,2017년 8월 28일 23시,월요일,광주광역시 광산구 수완동,경상사고,0,0,1,0,차대사람 - 기타,안전운전불이행,건조,맑음,단일로 - 기타,승용,남,46세,상해없음,보행자,여,46세,경상
2017082900100033,2017년 8월 29일 00시,화요일,광주광역시 광산구 도천동,경상사고,0,0,1,0,차대차 - 추돌,안전운전불이행,젖음/습기,맑음,교차로 - 교차로부근,승용,남,62세,상해없음,승용,남,34세,경상
2017082900100058,2017년 8월 29일 03시,화요일,광주광역시 서구 벽진동,경상사고,0,0,3,0,차대차 - 측면충돌,신호위반,건조,맑음,교차로 - 교차로안,승용,남,25세,상해없음,승용,남,49세,경상
2017082900100075,2017년 8월 29일 05시,화요일,광주광역시 광산구 신촌동,중상사고,0,1,0,0,차대차 - 추돌,안전운전불이행,건조,맑음,교차로 - 교차로부근,화물,남,49세,기타불명,화물,남,42세,중상
2017082900100108,2017년 8월 29일 07시,화요일,광주광역시 서구 덕흥동,중상사고,0,1,2,0,차대차 - 측면충돌,안전거리미확보,건조,맑음,단일로 - 기타,승용,남,52세,상해없음,승용,남,55세,경상
2017082900100152,2017년 8월 29일 08시,화요일,광주광역시 남구 봉선동,경상사고,0,0,2,0,차대차 - 측면충돌,안전운전불이행,건조,맑음,교차로 - 교차로안,승용,남,26세,경상,승용,남,44세,경상
2017082900100153,2017년 8월 29일 08시,화요일,광주광역시 광산구 소촌동,경상사고,0,0,1,0,차대차 - 추돌,안전운전불이행,건조,맑음,단일로 - 기타,승용,남,52세,기타불명,승용,남,43세,경상
2017082900100194,2017년 8월 29일 09시,화요일,광주광역시 광산구 선암동,경상사고,0,0,1,0,차대차 - 측면충돌,차로위반,건조,맑음,교차로 - 교차로안,승용,남,77세,상해없음,승용,남,36세,경상
2017082900100221,2017년 8월 29일 10시,화요일,광주광역시 북구 두암동,경상사고,0,0,2,0,차대차 - 측면충돌,교차로운행방법위반,건조,맑음,교차로 - 교차로안,승용,여,49세,경상,승용,남,20세,경상
2017082900100244,2017년 8월 29일 11시,화요일,광주광역시 북구 일곡동,경상사고,0,0,1,0,차대사람 - 기타,안전운전불이행,건조,맑음,단일로 - 기타,승용,여,52세,상해없음,보행자,여,77세,경상
2017082900100245,2017년 8월 29일 11시,화요일,광주광역시 광산구 수완동,경상사고,0,0,4,0,차대차 - 측면충돌,안전운전불이행,건조,맑음,단일로 - 기타,승용,여,32세,경상,승용,남,73세,경상
2017082900100283,2017년 8월 29일 12시,화요일,광주광역시 서구 금호동,경상사고,0,0,3,0,차대차 - 측면충돌,안전운전불이행,건조,맑음,교차로 - 교차로안,승용,여,54세,경상,승용,남,32세,경상
2017082900100284,2017년 8월 29일 12시,화요일,광주광역시 북구 문흥동,경상사고,0,0,1,0,차대차 - 측면충돌,신호위반,건조,맑음,교차로 - 교차로안,이륜,남,21세,경상,승용,남,56세,상해없음
2017082900100285,2017년 8월 29일 12시,화요일,광주광역시 북구 두암동,경상사고,0,0,2,0,차대차 - 기타,안전운전불이행,건조,맑음,단일로 - 기타,이륜,남,61세,경상,승용,여,56세,경상
2017082900100313,2017년 8월 29일 13시,화요일,광주광역시 북구 유동,중상사고,0,1,0,0,차대사람 - 횡단중,안전운전불이행,건조,맑음,단일로 - 기타,화물,남,58세,상해없음,보행자,남,31세,중상
2017082900100314,2017년 8월 29일 13시,화요일,광주광역시 광산구 송촌동,경상사고,0,0,2,0,차대차 - 측면충돌,안전운전불이행,건조,맑음,교차로 - 교차로부근,승용,여,63세,경상,화물,남,34세,상해없음
2017082900100381,2017년 8월 29일 15시,화요일,광주광역시 서구 쌍촌동,경상사고,0,0,1,0,차대사람 - 기타,안전운전불이행,건조,맑음,단일로 - 기타,기타불명,기타불명,미분류,기타불명,보행자,여,25세,경상
2017082900100382,2017년 8월 29일 15시,화요일,광주광역시 북구 두암동,경상사고,0,0,1,0,차대사람 - 횡단중,안전운전불이행,건조,맑음,교차로 - 교차로안,승용,여,59세,상해없음,보행자,남,65세,경상
2017082900100383,2017년 8월 29일 15시,화요일,광주광역시 북구 매곡동,중상사고,0,1,0,0,차대차 - 측면충돌,신호위반,건조,맑음,교차로 - 교차로부근,화물,남,25세,상해없음,자전거,남,75세,중상
2017082900100384,2017년 8월 29일 15시,화요일,광주광역시 북구 누문동,경상사고,0,0,1,0,차대차 - 기타,안전운전불이행,건조,맑음,단일로 - 기타,승합,남,46세,상해없음,승용,남,26세,상해없음
2017082900100460,2017년 8월 29일 17시,화요일,광주광역시 광산구 하산동,경상사고,0,0,1,0,차대차 - 추돌,안전운전불이행,건조,맑음,교차로 - 교차로부근,승용,남,50세,상해없음,승용,남,43세,경상
2017082900100550,2017년 8월 29일 19시,화요일,광주광역시 광산구 장록동,경상사고,0,0,1,0,차대차 - 기타,안전운전불이행,건조,맑음,단일로 - 기타,기타불명,기타불명,미분류,기타불명,자전거,남,20세,경상
2017082900100584,2017년 8월 29일 20시,화요일,광주광역시 서구 화정동,경상사고,0,0,1,0,차대사람 - 횡단중,안전운전불이행,건조,맑음,단일로 - 기타,승용,남,59세,상해없음,보행자,남,67세,경상
2017082900100627,2017년 8월 29일 22시,화요일,광주광역시 북구 오치동,부상신고사고,0,0,0,1,차대사람 - 기타,안전운전불이행,건조,맑음,교차로 - 교차로안,승용,남,61세,상해없음,보행자,여,29세,부상신고
2017083000100103,2017년 8월 30일 07시,수요일,광주광역시 광산구 신촌동,중상사고,0,1,0,0,차대차 - 측면충돌,신호위반,건조,맑음,단일로 - 기타,승용,남,29세,상해없음,자전거,남,33세,중상
2017083000100136,2017년 8월 30일 08시,수요일,광주광역시 광산구 소촌동,중상사고,0,1,0,0,차대사람 - 횡단중,안전운전불이행,건조,맑음,단일로 - 기타,승용,여,30세,상해없음,보행자,남,16세,중상
2017083000100137,2017년 8월 30일 08시,수요일,광주광역시 광산구 월계동,중상사고,0,1,0,0,차대차 - 측면충돌,안전운전불이행,건조,맑음,교차로 - 교차로횡단보도내,자전거,남,14세,중상,화물,남,36세,상해없음
2017083000100225,2017년 8월 30일 11시,수요일,광주광역시 서구 치평동,중상사고,0,1,0,0,차대차 - 측면충돌,안전거리미확보,건조,맑음,단일로 - 기타,승용,남,57세,상해없음,원동기,남,62세,중상
2017083000100226,2017년 8월 30일 11시,수요일,광주광역시 북구 운암동,경상사고,0,0,1,0,차대차 - 측면충돌,안전운전불이행,건조,맑음,교차로 - 교차로안,승용,남,80세,상해없음,승용,여,48세,경상
2017083000100274,2017년 8월 30일 13시,수요일,광주광역시 광산구 소촌동,중상사고,0,1,0,0,차대차 - 측면충돌,신호위반,건조,맑음,교차로 - 교차로안,승용,남,25세,상해없음,자전거,여,58세,중상
2017083000100353,2017년 8월 30일 15시,수요일,광주광역시 서구 쌍촌동,경상사고,0,0,2,0,차대차 - 기타,안전거리미확보,건조,맑음,단일로 - 기타,승용,남,34세,경상,승용,남,45세,경상
2017083000100354,2017년 8월 30일 15시,수요일,광주광역시 서구 치평동,경상사고,0,0,1,0,차대차 - 추돌,안전운전불이행,건조,기타,단일로 - 기타,승용,남,65세,상해없음,승용,남,45세,경상
2017083000100380,2017년 8월 30일 16시,수요일,광주광역시 남구 방림동,경상사고,0,0,1,0,차대차 - 추돌,안전운전불이행,건조,맑음,교차로 - 교차로부근,승용,남,32세,상해없음,승용,남,42세,상해없음
2017083000100381,2017년 8월 30일 16시,수요일,광주광역시 광산구 신가동,경상사고,0,0,1,0,차대사람 - 횡단중,보행자보호의무위반,건조,맑음,교차로 - 교차로횡단보도내,승용,남,52세,상해없음,보행자,여,9세,경상
2017083000100467,2017년 8월 30일 18시,수요일,광주광역시 북구 각화동,중상사고,0,1,1,0,차대차 - 추돌,안전운전불이행,건조,맑음,교차로 - 교차로부근,승용,여,32세,중상,승용,남,67세,경상
2017083000100468,2017년 8월 30일 18시,수요일,광주광역시 북구 중흥동,중상사고,0,1,0,0,차대사람 - 횡단중,기타,건조,맑음,단일로 - 기타,승합,남,51세,상해없음,보행자,남,65세,중상
2017083000100469,2017년 8월 30일 18시,수요일,광주광역시 광산구 우산동,부상신고사고,0,0,0,1,차대사람 - 횡단중,안전운전불이행,건조,맑음,단일로 - 기타,이륜,기타불명,미분류,기타불명,보행자,남,21세,부상신고
2017083000100502,2017년 8월 30일 19시,수요일,광주광역시 서구 광천동,경상사고,0,0,1,0,차대차 - 측면충돌,안전운전불이행,건조,맑음,교차로 - 교차로횡단보도내,승용,여,52세,상해없음,자전거,남,11세,경상
2017083000100503,2017년 8월 30일 19시,수요일,광주광역시 남구 백운동,중상사고,0,1,0,0,차대차 - 측면충돌,교차로운행방법위반,건조,맑음,교차로 - 교차로안,이륜,남,18세,상해없음,이륜,남,67세,중상
2017083000100558,2017년 8월 30일 21시,수요일,광주광역시 서구 화정동,중상사고,0,1,0,0,차대사람 - 기타,안전운전불이행,건조,맑음,미분류 - 미분류,자전거,남,9세,상해없음,보행자,여,71세,중상
2017083100100030,2017년 8월 31일 00시,목요일,광주광역시 서구 화정동,사망사고,1,1,0,0,차대차 - 측면충돌,안전운전불이행,건조,맑음,단일로 - 기타,승용,남,26세,상해없음,이륜,남,21세,중상
2017083100100040,2017년 8월 31일 01시,목요일,광주광역시 북구 용봉동,경상사고,0,0,3,0,차대차 - 추돌,안전운전불이행,건조,맑음,교차로 - 교차로부근,승용,남,26세,상해없음,승용,남,32세,경상
2017083100100106,2017년 8월 31일 07시,목요일,광주광역시 북구 각화동,경상사고,0,0,1,0,차대차 - 측면충돌,안전운전불이행,건조,맑음,단일로 - 기타,화물,여,39세,상해없음,승용,남,63세,경상
2017083100100107,2017년 8월 31일 07시,목요일,광주광역시 북구 우산동,중상사고,0,1,0,0,차량단독 - 기타,안전운전불이행,건조,맑음,단일로 - 기타,승합,남,52세,기타불명,,,,
2017083100100155,2017년 8월 31일 08시,목요일,광주광역시 북구 각화동,중상사고,0,1,0,0,차대차 - 기타,안전운전불이행,건조,맑음,교차로 - 교차로안,승용,남,48세,상해없음,자전거,남,9세,중상
2017083100100156,2017년 8월 31일 08시,목요일,광주광역시 북구 중흥동,부상신고사고,0,0,0,1,차대차 - 추돌,안전운전불이행,건조,맑음,단일로 - 기타,기타불명,기타불명,미분류,기타불명,승용,여,53세,부상신고
2017083100100157,2017년 8월 31일 08시,목요일,광주광역시 광산구 운수동,경상사고,0,0,1,1,차대차 - 추돌,안전거리미확보,건조,맑음,단일로 - 지하차도(도로)내,특수,남,50세,상해없음,승용,여,36세,경상
2017083100100185,2017년 8월 31일 09시,목요일,광주광역시 북구 우산동,경상사고,0,0,1,0,차대차 - 추돌,안전거리미확보,건조,맑음,교차로 - 교차로부근,승용,여,19세,상해없음,승용,남,65세,경상
2017083100100319,2017년 8월 31일 13시,목요일,광주광역시 서구 풍암동,경상사고,0,0,1,0,차대차 - 측면충돌,교차로운행방법위반,건조,맑음,교차로 - 교차로안,승용,남,40세,기타불명,승용,남,56세,상해없음
2017083100100383,2017년 8월 31일 15시,목요일,광주광역시 서구 금호동,경상사고,0,0,1,0,차대차 - 측면충돌,안전운전불이행,건조,맑음,단일로 - 기타,승용,남,54세,상해없음,원동기,남,23세,경상
2017083100100384,2017년 8월 31일 15시,목요일,광주광역시 북구 두암동,경상사고,0,0,1,0,차대차 - 정면충돌,교차로운행방법위반,건조,맑음,교차로 - 교차로안,승용,여,46세,상해없음,자전거,남,66세,경상
2017083100100430,2017년 8월 31일 16시,목요일,광주광역시 서구 광천동,경상사고,0,0,1,0,차대차 - 기타,안전거리미확보,건조,맑음,단일로 - 기타,승용,남,67세,상해없음,승합,남,37세,경상
2017083100100475,2017년 8월 31일 17시,목요일,광주광역시 서구 쌍촌동,경상사고,0,0,1,0,차대차 - 측면충돌,신호위반,건조,맑음,교차로 - 교차로안,이륜,남,27세,상해없음,승용,남,66세,상해없음
2017083100100512,2017년 8월 31일 18시,목요일,광주광역시 동구 산수동,중상사고,0,1,0,0,차대차 - 기타,안전운전불이행,건조,맑음,기타 - 기타,승용,남,26세,상해없음,이륜,남,40세,중상
2017083100100513,2017년 8월 31일 18시,목요일,광주광역시 동구 계림동,경상사고,0,0,2,0,차대차 - 측면충돌,교차로운행방법위반,건조,맑음,교차로 - 교차로안,승용,남,61세,상해없음,승용,남,37세,경상
2017083100100581,2017년 8월 31일 20시,목요일,광주광역시 광산구 신창동,경상사고,0,0,1,0,차대차 - 측면충돌,차로위반,건조,맑음,단일로 - 기타,승용,남,55세,상해없음,이륜,남,16세,경상
2017083100100582,2017년 8월 31일 20시,목요일,광주광역시 광산구 신가동,경상사고,0,0,1,0,차대차 - 정면충돌,신호위반,건조,맑음,교차로 - 교차로안,승용,남,29세,상해없음,승용,남,48세,상해없음
2017083100100583,2017년 8월 31일 20시,목요일,광주광역시 광산구 우산동,경상사고,0,0,2,0,차대차 - 측면충돌,안전거리미확보,건조,맑음,단일로 - 기타,승용,남,48세,상해없음,승용,여,38세,경상
2017083100100615,2017년 8월 31일 21시,목요일,광주광역시 광산구 송정동,경상사고,0,0,1,0,차대차 - 측면충돌,직진우회전진행방해,건조,맑음,교차로 - 교차로안,승용,여,54세,상해없음,이륜,남,16세,경상
2017083100100616,2017년 8월 31일 21시,목요일,광주광역시 광산구 월전동,경상사고,0,0,1,0,차대차 - 측면충돌,신호위반,건조,맑음,교차로 - 교차로안,승용,여,20세,상해없음,승용,남,62세,경상
2017083100100634,2017년 8월 31일 22시,목요일,광주광역시 서구 쌍촌동,경상사고,0,0,2,0,차대차 - 측면충돌,신호위반,건조,흐림,단일로 - 기타,화물,남,32세,기타불명,승용,남,56세,경상
2017083100100635,2017년 8월 31일 22시,목요일,광주광역시 서구 쌍촌동,경상사고,0,0,1,0,차대사람 - 차도통행중,안전운전불이행,건조,맑음,단일로 - 기타,승용,남,56세,상해없음,보행자,남,22세,경상
2017083100100636,2017년 8월 31일 22시,목요일,광주광역시 광산구 월계동,경상사고,0,0,1,0,차대사람 - 횡단중,보행자보호의무위반,건조,맑음,교차로 - 교차로안,특수,남,29세,상해없음,보행자,여,48세,경상
2017090100100039,2017년 9월 1일 00시,금요일,광주광역시 북구 용봉동,경상사고,0,0,1,0,차대차 - 추돌,교차로운행방법위반,건조,맑음,교차로 - 교차로부근,승용,남,48세,상해없음,승용,남,51세,경상
2017090100100114,2017년 9월 1일 06시,금요일,광주광역시 광산구 운수동,경상사고,0,0,1,0,차대차 - 측면충돌,안전거리미확보,건조,맑음,교차로 - 교차로안,화물,남,65세,상해없음,승용,남,44세,경상
2017090100100147,2017년 9월 1일 07시,금요일,광주광역시 광산구 고룡동,경상사고,0,0,1,0,차대차 - 정면충돌,중앙선침범,건조,맑음,단일로 - 기타,승용,남,58세,상해없음,승용,남,61세,경상
2017090100100148,2017년 9월 1일 07시,금요일,광주광역시 광산구 안청동,경상사고,0,0,1,0,차대차 - 측면충돌,신호위반,건조,맑음,교차로 - 교차로안,원동기,남,48세,경상,승용,남,59세,상해없음
2017090100100204,2017년 9월 1일 08시,금요일,광주광역시 광산구 신창동,경상사고,0,0,1,0,차대차 - 측면충돌,안전운전불이행,건조,맑음,교차로 - 교차로부근,기타불명,기타불명,미분류,기타불명,자전거,남,16세,경상
2017090100100205,2017년 9월 1일 08시,금요일,광주광역시 광산구 장수동,경상사고,0,0,1,0,차대차 - 측면충돌,안전운전불이행,건조,맑음,단일로 - 기타,승용,남,63세,상해없음,화물,남,46세,경상
2017090100100243,2017년 9월 1일 09시,금요일,광주광역시 광산구 쌍암동,경상사고,0,0,2,0,차대차 - 측면충돌,안전운전불이행,건조,맑음,교차로 - 교차로안,승용,여,62세,상해없음,승용,여,47세,경상
2017090100100302,2017년 9월 1일 11시,금요일,광주광역시 서구 유촌동,경상사고,0,0,1,0,차대차 - 측면충돌,안전운전불이행,건조,맑음,단일로 - 기타,화물,남,26세,상해없음,화물,남,43세,경상
2017090100100333,2017년 9월 1일 12시,금요일,광주광역시 동구 학동,경상사고,0,0,2,0,차대차 - 추돌,안전운전불이행,건조,맑음,교차로 - 교차로부근,승용,남,23세,상해없음,승용,여,60세,경상
2017090100100334,2017년 9월 1일 12시,금요일,광주광역시 서구 치평동,경상사고,0,0,1,0,차대차 - 기타,안전거리미확보,건조,맑음,단일로 - 기타,승용,남,62세,상해없음,승용,여,51세,경상
2017090100100367,2017년 9월 1일 13시,금요일,광주광역시 서구 양동,부상신고사고,0,0,0,1,차대차 - 측면충돌,안전운전불이행,건조,맑음,단일로 - 기타,원동기,남,45세,부상신고,승용,남,43세,상해없음
2017090100100397,2017년 9월 1일 14시,금요일,광주광역시 북구 문흥동,중상사고,0,1,0,0,차대차 - 추돌,안전운전불이행,건조,맑음,단일로 - 기타,화물,남,63세,상해없음,승용,남,50세,중상
2017090100100398,2017년 9월 1일 14시,금요일,광주광역시 광산구 지평동,경상사고,0,0,1,0,차대차 - 추돌,안전운전불이행,건조,맑음,단일로 - 기타,승용,남,39세,상해없음,특수,남,40세,경상
2017090100100442,2017년 9월 1일 15시,금요일,광주광역시 서구 쌍촌동,경상사고,0,0,4,0,차대차 - 기타,안전운전불이행,건조,맑음,단일로 - 기타,승용,여,33세,상해없음,승용,여,26세,경상
2017090100100443,2017년 9월 1일 15시,금요일,광주광역시 남구 봉선동,중상사고,0,1,0,0,차대사람 - 횡단중,보행자보호의무위반,건조,맑음,교차로 - 교차로횡단보도내,화물,남,67세,상해없음,보행자,여,65세,중상
2017090100100444,2017년 9월 1일 15시,금요일,광주광역시 북구 운암동,중상사고,0,1,0,0,차대차 - 측면충돌,신호위반,건조,맑음,단일로 - 기타,자전거,남,69세,중상,승용,남,31세,상해없음
2017090100100490,2017년 9월 1일 16시,금요일,광주광역시 서구 금호동,경상사고,0,0,2,0,차대차 - 기타,교차로운행방법위반,건조,맑음,교차로 - 교차로안,승용,남,50세,상해없음,승용,남,82세,경상
2017090100100544,2017년 9월 1일 17시,금요일,광주광역시 서구 유촌동,경상사고,0,0,2,0,차대차 - 기타,안전거리미확보,건조,맑음,단일로 - 기타,승용,남,61세,경상,승용,남,25세,경상
2017090100100545,2017년 9월 1일 17시,금요일,광주광역시 남구 월성동,경상사고,0,0,2,0,차대차 - 측면충돌,직진우회전진행방해,건조,맑음,교차로 - 교차로안,승용,남,73세,경상,화물,남,70세,경상
2017090100100546,2017년 9월 1일 17시,금요일,광주광역시 남구 주월동,중상사고,0,1,0,0,차대차 - 측면충돌,교차로운행방법위반,건조,맑음,교차로 - 교차로안,승용,남,52세,상해없음,원동기,남,24세,중상
2017090100100547,2017년 9월 1일 17시,금요일,광주광역시 북구 신용동,경상사고,0,0,1,0,차대차 - 측면충돌,안전거리미확보,건조,맑음,단일로 - 기타,승용,여,55세,상해없음,승용,여,53세,경상
2017090100100548,2017년 9월 1일 17시,금요일,광주광역시 북구 신안동,경상사고,0,0,4,0,차대차 - 추돌,안전운전불이행,건조,맑음,교차로 - 교차로부근,승용,남,32세,상해없음,승용,여,35세,경상
2017090100100611,2017년 9월 1일 18시,금요일,광주광역시 서구 쌍촌동,경상사고,0,0,2,0,차대차 - 추돌,안전거리미확보,건조,맑음,교차로 - 교차로부근,승용,남,49세,상해없음,승용,남,67세,경상
2017090100100612,2017년 9월 1일 18시,금요일,광주광역시 북구 일곡동,경상사고,0,0,3,0,차대차 - 측면충돌,교차로운행방법위반,건조,맑음,교차로 - 교차로안,승용,남,43세,경상,이륜,남,19세,경상
2017090100100613,2017년 9월 1일 18시,금요일,광주광역시 광산구 흑석동,경상사고,0,0,1,0,차대사람 - 기타,안전운전불이행,건조,맑음,주차장 - 주차장,승용,남,56세,상해없음,보행자,여,56세,경상
2017090100100614,2017년 9월 1일 18시,금요일,광주광역시 광산구 월곡동,경상사고,0,0,1,0,차대차 - 후진중충돌,안전운전불이행,건조,맑음,교차로 - 교차로부근,승용,남,71세,상해없음,승합,남,44세,경상
2017090100100660,2017년 9월 1일 19시,금요일,광주광역시 서구 치평동,경상사고,0,0,1,0,차대차 - 추돌,안전운전불이행,건조,맑음,단일로 - 기타,승용,남,26세,상해없음,승용,여,57세,경상
2017090100100694,2017년 9월 1일 20시,금요일,광주광역시 광산구 신가동,경상사고,0,0,4,0,차대차 - 측면충돌,교차로운행방법위반,건조,맑음,교차로 - 교차로안,승용,남,49세,상해없음,승용,남,51세,경상
2017090100100733,2017년 9월 1일 21시,금요일,광주광역시 서구 치평동,중상사고,0,1,0,0,차대사람 - 차도통행중,안전운전불이행,건조,맑음,단일로 - 기타,원동기,남,62세,상해없음,보행자,여,84세,중상
2017090100100758,2017년 9월 1일 22시,금요일,광주광역시 동구 서석동,경상사고,0,0,1,0,차대차 - 기타,신호위반,건조,맑음,교차로 - 교차로안,승용,여,44세,상해없음,승용,남,47세,경상
2017090100100759,2017년 9월 1일 22시,금요일,광주광역시 광산구 우산동,경상사고,0,0,1,0,차대차 - 추돌,안전운전불이행,건조,맑음,교차로 - 교차로부근,승용,남,44세,상해없음,승용,남,35세,경상
2017090100100782,2017년 9월 1일 23시,금요일,광주광역시 광산구 운남동,중상사고,0,2,3,0,차대차 - 추돌,안전운전불이행,건조,맑음,교차로 - 교차로부근,승용,남,51세,상해없음,승용,여,28세,중상
2017090200100039,2017년 9월 2일 00시,토요일,광주광역시 북구 두암동,경상사고,0,0,1,0,차량단독 - 기타,신호위반,건조,맑음,교차로 - 교차로안,승용,남,22세,상해없음,,,,
2017090200100040,2017년 9월 2일 00시,토요일,광주광역시 광산구 월곡동,경상사고,0,0,6,0,차대차 - 측면충돌,교차로운행방법위반,건조,맑음,교차로 - 교차로안,승용,남,34세,경상,화물,남,43세,경상
2017090200100053,2017년 9월 2일 01시,토요일,광주광역시 서구 농성동,경상사고,0,0,1,0,차대차 - 측면충돌,안전거리미확보,건조,맑음,단일로 - 기타,승용,남,28세,상해없음,승용,남,28세,경상
2017090200100114,2017년 9월 2일 05시,토요일,광주광역시 북구 대촌동,경상사고,0,0,1,0,차대차 - 기타,안전운전불이행,건조,맑음,교차로 - 교차로안,승용,여,37세,경상,승용,남,41세,상해없음
2017090200100127,2017년 9월 2일 06시,토요일,광주광역시 남구 방림동,경상사고,0,0,1,0,차대차 - 측면충돌,중앙선침범,건조,맑음,기타 - 기타,승용,남,30세,상해없음,화물,남,54세,경상
2017090200100168,2017년 9월 2일 08시,토요일,광주광역시 서구 쌍촌동,경상사고,0,0,1,0,차대사람 - 보도통행중,기타,건조,맑음,단일로 - 기타,자전거,남,52세,상해없음,보행자,여,53세,경상
2017090200100254,2017년 9월 2일 11시,토요일,광주광역시 북구 운암동,경상사고,0,0,1,0,차대사람 - 횡단중,안전운전불이행,건조,맑음,단일로 - 기타,승용,여,38세,상해없음,보행자,남,12세,경상
2017090200100448,2017년 9월 2일 16시,토요일,광주광역시 동구 산수동,경상사고,0,0,1,0,차대차 - 측면충돌,안전운전불이행,건조,맑음,교차로 - 교차로안,화물,남,34세,상해없음,자전거,남,52세,경상
2017090200100449,2017년 9월 2일 16시,토요일,광주광역시 북구 두암동,경상사고,0,0,2,1,차대차 - 측면충돌,직진우회전진행방해,건조,맑음,단일로 - 기타,승용,남,79세,상해없음,승용,남,44세,경상
2017090200100450,2017년 9월 2일 16시,토요일,광주광역시 북구 문흥동,경상사고,0,0,2,0,차대차 - 측면충돌,안전운전불이행,건조,맑음,단일로 - 기타,승용,남,26세,상해없음,승용,남,57세,경상
2017090200100451,2017년 9월 2일 16시,토요일,광주광역시 북구 중흥동,중상사고,0,1,0,0,차대차 - 측면충돌,안전운전불이행,건조,맑음,단일로 - 기타,승용,남,43세,상해없음,자전거,남,62세,중상
2017090200100452,2017년 9월 2일 16시,토요일,광주광역시 광산구 월곡동,경상사고,0,0,2,0,차대차 - 측면충돌,안전운전불이행,건조,맑음,단일로 - 기타,이륜,여,29세,경상,승용,남,61세,상해없음
2017090200100495,2017년 9월 2일 17시,토요일,광주광역시 서구 화정동,경상사고,0,0,1,0,차대사람 - 길가장자리구역통행중,안전운전불이행,건조,맑음,단일로 - 기타,승합,남,59세,상해없음,보행자,남,45세,경상
2017090200100536,2017년 9월 2일 18시,토요일,광주광역시 광산구 장덕동,중상사고,0,1,0,0,차대차 - 측면충돌,안전거리미확보,건조,맑음,단일로 - 기타,승용,남,61세,상해없음,이륜,남,37세,중상
2017090200100569,2017년 9월 2일 19시,토요일,광주광역시 서구 화정동,경상사고,0,0,1,0,차대차 - 측면충돌,안전운전불이행,건조,맑음,교차로 - 교차로안,승용,남,56세,상해없음,승용,남,42세,경상
2017090200100570,2017년 9월 2일 19시,토요일,광주광역시 북구 신용동,중상사고,0,1,0,0,차대차 - 측면충돌,안전거리미확보,건조,맑음,단일로 - 기타,승용,남,49세,상해없음,이륜,남,23세,중상
2017090200100630,2017년 9월 2일 21시,토요일,광주광역시 서구 쌍촌동,경상사고,0,0,1,0,차대차 - 측면충돌,안전운전불이행,건조,맑음,단일로 - 기타,승용,여,27세,상해없음,원동기,남,53세,경상
2017090300100045,2017년 9월 3일 01시,일요일,광주광역시 서구 동천동,경상사고,0,0,6,0,차대차 - 측면충돌,안전운전불이행,건조,맑음,교차로 - 교차로안,승용,남,43세,상해없음,승용,남,20세,경상
2017090300100046,2017년 9월 3일 01시,일요일,광주광역시 북구 동림동,중상사고,0,1,2,0,차대차 - 측면충돌,안전운전불이행,건조,맑음,단일로 - 기타,승용,여,44세,상해없음,승용,남,32세,중상
2017090300100047,2017년 9월 3일 01시,일요일,광주광역시 광산구 운남동,경상사고,0,0,1,0,차대차 - 추돌,교차로운행방법위반,건조,맑음,교차로 - 교차로안,승용,남,24세,상해없음,승용,남,46세,경상
2017090300100061,2017년 9월 3일 03시,일요일,광주광역시 동구 산수동,중상사고,0,2,2,0,차량단독 - 도로외이탈 - 기타,안전운전불이행,건조,맑음,단일로 - 기타,승용,남,17세,상해없음,,,,
2017090300100062,2017년 9월 3일 03시,일요일,광주광역시 동구 황금동,경상사고,0,0,2,0,차대차 - 기타,안전운전불이행,건조,맑음,단일로 - 기타,승용,남,70세,상해없음,승용,남,28세,상해없음
2017090300100072,2017년 9월 3일 04시,일요일,광주광역시 서구 농성동,경상사고,0,0,1,0,차대차 - 측면충돌,안전운전불이행,건조,맑음,단일로 - 기타,승용,남,30세,상해없음,승용,남,51세,경상
2017090300100092,2017년 9월 3일 06시,일요일,광주광역시 남구 월산동,경상사고,0,0,1,0,차대사람 - 길가장자리구역통행중,안전운전불이행,건조,맑음,교차로 - 교차로안,승용,여,67세,상해없음,보행자,남,61세,경상
2017090300100093,2017년 9월 3일 06시,일요일,광주광역시 북구 각화동,경상사고,0,0,2,0,차대차 - 추돌,안전운전불이행,건조,맑음,단일로 - 기타,화물,남,55세,기타불명,화물,남,25세,경상
2017090300100127,2017년 9월 3일 09시,일요일,광주광역시 서구 화정동,경상사고,0,0,1,0,차대사람 - 횡단중,신호위반,건조,맑음,교차로 - 교차로안,승용,남,55세,상해없음,보행자,여,56세,경상
2017090300100128,2017년 9월 3일 09시,일요일,광주광역시 북구 신안동,경상사고,0,0,2,0,차대차 - 정면충돌,안전거리미확보,건조,맑음,단일로 - 기타,승용,여,63세,상해없음,승용,남,21세,경상
2017090300100152,2017년 9월 3일 10시,일요일,광주광역시 광산구 신창동,경상사고,0,0,1,0,차대사람 - 횡단중,보행자보호의무위반,건조,맑음,교차로 - 교차로횡단보도내,승용,남,80세,상해없음,보행자,여,13세,경상