사고번호,사고일시,요일,시군구,사고내용,사망자수,중상자수,경상자수,부상신고자수,사고유형,법규위반,노면상태,기상상태,도로형태,가해운전자 차종,가해운전자 성별,가해운전자 연령,가해운전자 상해정도,피해운전자 차종,피해운전자 성별,피해운전자 연령,피해운전자 상해정도
2017090300100182,2017년 9월 3일 11시,일요일,광주광역시 북구 각화동,경상사고,0,0,2,0,차대차 - 추돌,불법유턴,건조,맑음,교차로 - 교차로안,승용,남,40세,상해없음,화물,남,47세,경상
2017090300100183,2017년 9월 3일 11시,일요일,광주광역시 광산구 신창동,중상사고,0,1,0,0,차대차 - 기타,신호위반,건조,맑음,교차로 - 교차로안,승용,남,37세,상해없음,원동기,남,18세,중상
2017090300100238,2017년 9월 3일 13시,일요일,광주광역시 서구 화정동,경상사고,0,0,1,0,차대차 - 추돌,안전운전불이행,건조,맑음,교차로 - 교차로부근,화물,남,46세,상해없음,승용,여,55세,경상
2017090300100239,2017년 9월 3일 13시,일요일,광주광역시 북구 용봉동,중상사고,0,1,0,0,차대차 - 측면충돌,안전운전불이행,건조,맑음,교차로 - 교차로부근,승용,남,37세,상해없음,원동기,남,16세,중상
2017090300100240,2017년 9월 3일 13시,일요일,광주광역시 북구 동림동,경상사고,0,0,1,0,차대차 - 추돌,안전운전불이행,건조,맑음,단일로 - 기타,승용,남,54세,상해없음,승용,여,58세,경상
2017090300100291,2017년 9월 3일 15시,일요일,광주광역시 북구 오치동,경상사고,0,0,4,0,차대차 - 측면충돌,안전운전불이행,건조,맑음,단일로 - 기타,승용,남,44세,경상,승용,여,34세,경상
2017090300100327,2017년 9월 3일 16시,일요일,광주광역시 동구 산수동,경상사고,0,0,1,0,차대차 - 측면충돌,교차로운행방법위반,건조,맑음,교차로 - 교차로안,승용,남,49세,상해없음,자전거,남,10세,경상
2017090300100358,2017년 9월 3일 17시,일요일,광주광역시 북구 일곡동,중상사고,0,1,0,0,차대사람 - 횡단중,보행자보호의무위반,건조,맑음,교차로 - 교차로안,기타불명,기타불명,미분류,기타불명,보행자,남,33세,중상
2017090300100392,2017년 9월 3일 18시,일요일,광주광역시 동구 계림동,중상사고,0,1,0,0,차대사람 - 기타,안전운전불이행,건조,맑음,단일로 - 기타,승용,남,73세,상해없음,보행자,남,71세,중상
2017090300100393,2017년 9월 3일 18시,일요일,광주광역시 서구 광천동,경상사고,0,0,1,0,차대차 - 측면충돌,교차로운행방법위반,건조,맑음,교차로 - 교차로안,기타불명,기타불명,미분류,기타불명,승용,여,29세,경상
2017090300100430,2017년 9월 3일 19시,일요일,광주광역시 광산구 운남동,경상사고,0,0,1,0,차대차 - 추돌,안전운전불이행,건조,맑음,교차로 - 교차로부근,승용,남,28세,상해없음,승용,남,51세,경상
2017090300100455,2017년 9월 3일 20시,일요일,광주광역시 북구 중흥동,경상사고,0,0,1,0,차대차 - 추돌,안전거리미확보,건조,맑음,교차로 - 교차로부근,화물,남,47세,상해없음,승용,남,31세,경상
2017090300100456,2017년 9월 3일 20시,일요일,광주광역시 광산구 송정동,경상사고,0,0,1,0,차대차 - 추돌,안전운전불이행,건조,맑음,교차로 - 교차로부근,화물,여,52세,상해없음,화물,남,35세,경상
2017090300100494,2017년 9월 3일 22시,일요일,광주광역시 광산구 송정동,중상사고,0,2,2,0,차대차 - 측면충돌,교차로운행방법위반,건조,맑음,교차로 - 교차로안,원동기,남,16세,중상,승용,남,25세,경상
2017090300100495,2017년 9월 3일 22시,일요일,광주광역시 광산구 소촌동,경상사고,0,0,1,0,차량단독 - 기타,안전운전불이행,건조,맑음,교차로 - 교차로부근,승용,남,54세,상해없음,,,,
2017090400100029,2017년 9월 4일 00시,월요일,광주광역시 서구 화정동,경상사고,0,0,1,0,차대사람 - 차도통행중,안전운전불이행,건조,맑음,단일로 - 기타,승용,남,62세,상해없음,보행자,남,19세,경상
2017090400100041,2017년 9월 4일 02시,월요일,광주광역시 서구 치평동,경상사고,0,0,1,0,차대차 - 측면충돌,직진우회전진행방해,건조,맑음,교차로 - 교차로안,승용,남,52세,상해없음,승용,남,52세,상해없음
2017090400100045,2017년 9월 4일 03시,월요일,광주광역시 북구 운암동,중상사고,0,1,0,0,차대차 - 측면충돌,차로위반,건조,맑음,단일로 - 고가도로위,승용,남,25세,상해없음,승용,남,55세,중상
2017090400100058,2017년 9월 4일 05시,월요일,광주광역시 남구 송하동,중상사고,0,1,0,0,차대사람 - 기타,안전운전불이행,건조,맑음,교차로 - 교차로안,승용,남,51세,상해없음,보행자,남,70세,중상
2017090400100102,2017년 9월 4일 07시,월요일,광주광역시 광산구 수완동,경상사고,0,0,1,0,차대차 - 측면충돌,안전운전불이행,건조,맑음,단일로 - 기타,화물,남,40세,상해없음,승용,남,62세,경상
2017090400100147,2017년 9월 4일 08시,월요일,광주광역시 북구 연제동,경상사고,0,0,2,0,차대차 - 측면충돌,교차로운행방법위반,건조,맑음,교차로 - 교차로안,승용,남,48세,경상,승용,여,38세,경상
2017090400100234,2017년 9월 4일 11시,월요일,광주광역시 서구 농성동,경상사고,0,0,2,0,차대차 - 기타,안전운전불이행,건조,맑음,단일로 - 기타,승용,여,39세,기타불명,승용,여,29세,경상
2017090400100286,2017년 9월 4일 13시,월요일,광주광역시 북구 운암동,경상사고,0,0,3,0,차대차 - 측면충돌,신호위반,건조,맑음,교차로 - 교차로안,승용,남,30세,상해없음,승용,남,36세,경상
2017090400100287,2017년 9월 4일 13시,월요일,광주광역시 광산구 월곡동,중상사고,0,1,1,0,차대차 - 측면충돌,신호위반,건조,맑음,교차로 - 교차로안,이륜,남,16세,기타불명,승합,남,39세,상해없음
2017090400100288,2017년 9월 4일 13시,월요일,광주광역시 광산구 수완동,경상사고,0,0,1,0,차대사람 - 횡단중,안전운전불이행,건조,맑음,단일로 - 기타,승용,여,44세,상해없음,보행자,여,22세,경상
2017090400100318,2017년 9월 4일 14시,월요일,광주광역시 서구 유촌동,중상사고,0,1,0,0,차대차 - 측면충돌,교차로운행방법위반,건조,맑음,교차로 - 교차로안,승용,여,50세,상해없음,이륜,남,38세,중상
2017090400100348,2017년 9월 4일 15시,월요일,광주광역시 북구 용두동,경상사고,0,0,1,0,차대사람 - 기타,안전운전불이행,건조,맑음,단일로 - 기타,승용,남,72세,상해없음,보행자,여,8세,경상
2017090400100349,2017년 9월 4일 15시,월요일,광주광역시 광산구 월계동,경상사고,0,0,1,0,차대차 - 측면충돌,안전운전불이행,건조,맑음,교차로 - 교차로부근,승용,남,43세,상해없음,승용,여,48세,경상
2017090400100398,2017년 9월 4일 16시,월요일,광주광역시 북구 매곡동,경상사고,0,0,1,0,차대사람 - 횡단중,안전운전불이행,건조,맑음,단일로 - 기타,이륜,남,17세,상해없음,보행자,여,9세,경상
2017090400100399,2017년 9월 4일 16시,월요일,광주광역시 광산구 월곡동,경상사고,0,0,2,0,차대차 - 측면충돌,교차로운행방법위반,건조,맑음,교차로 - 교차로안,원동기,남,17세,경상,승용,여,22세,경상
2017090400100438,2017년 9월 4일 17시,월요일,광주광역시 남구 백운동,경상사고,0,0,1,0,차대차 - 추돌,안전운전불이행,건조,맑음,교차로 - 교차로부근,승용,남,53세,상해없음,승용,여,50세,경상
2017090400100473,2017년 9월 4일 18시,월요일,광주광역시 서구 양동,경상사고,0,0,1,0,차대차 - 측면충돌,안전운전불이행,건조,맑음,단일로 - 기타,승용,여,23세,상해없음,화물,남,49세,경상
2017090400100510,2017년 9월 4일 19시,월요일,광주광역시 북구 우산동,경상사고,0,0,1,0,차대사람 - 차도통행중,안전운전불이행,건조,맑음,단일로 - 기타,승용,남,67세,상해없음,보행자,남,67세,경상
2017090400100511,2017년 9월 4일 19시,월요일,광주광역시 북구 신용동,중상사고,0,1,0,0,차대사람 - 횡단중,보행자보호의무위반,건조,맑음,교차로 - 교차로횡단보도내,승용,남,52세,상해없음,보행자,여,56세,중상
2017090400100539,2017년 9월 4일 20시,월요일,광주광역시 북구 운암동,경상사고,0,0,3,0,차대차 - 측면충돌,신호위반,건조,맑음,교차로 - 교차로안,승용,여,24세,경상,승용,남,49세,경상
2017090400100540,2017년 9월 4일 20시,월요일,광주광역시 광산구 우산동,경상사고,0,0,1,0,차대차 - 측면충돌,교차로운행방법위반,건조,맑음,교차로 - 교차로안,승용,여,56세,상해없음,원동기,남,17세,경상
2017090400100576,2017년 9월 4일 22시,월요일,광주광역시 동구 광산동,경상사고,0,0,1,0,차대사람 - 기타,기타,건조,맑음,단일로 - 기타,승합,남,57세,상해없음,보행자,남,45세,경상
2017090400100577,2017년 9월 4일 22시,월요일,광주광역시 서구 치평동,중상사고,0,1,5,0,차대차 - 측면충돌,교차로운행방법위반,건조,맑음,교차로 - 교차로안,승용,남,27세,상해없음,승용,남,34세,경상
2017090400100578,2017년 9월 4일 22시,월요일,광주광역시 광산구 장덕동,경상사고,0,0,1,0,차대차 - 측면충돌,안전운전불이행,건조,맑음,단일로 - 기타,승용,남,39세,기타불명,승용,남,24세,경상
2017090400100602,2017년 9월 4일 23시,월요일,광주광역시 북구 신안동,경상사고,0,0,1,0,차대차 - 측면충돌,신호위반,건조,맑음,교차로 - 교차로안,승용,여,62세,상해없음,승용,남,68세,경상
2017090500100056,2017년 9월 5일 04시,화요일,광주광역시 서구 화정동,중상사고,0,1,0,0,차대사람 - 횡단중,보행자보호의무위반,건조,맑음,교차로 - 교차로횡단보도내,화물,남,68세,상해없음,보행자,여,79세,중상
2017090500100080,2017년 9월 5일 06시,화요일,광주광역시 서구 쌍촌동,중상사고,0,1,0,0,차대차 - 측면충돌,안전운전불이행,건조,맑음,교차로 - 교차로안,승용,남,43세,상해없음,승용,남,45세,중상
2017090500100081,2017년 9월 5일 06시,화요일,광주광역시 광산구 장덕동,경상사고,0,0,1,0,차대차 - 측면충돌,신호위반,건조,흐림,교차로 - 교차로안,승용,남,25세,상해없음,화물,여,33세,경상
2017090500100104,2017년 9월 5일 07시,화요일,광주광역시 북구 매곡동,경상사고,0,0,1,0,차대차 - 측면충돌,안전운전불이행,건조,맑음,교차로 - 교차로부근,자전거,남,19세,경상,승용,남,59세,상해없음
2017090500100105,2017년 9월 5일 07시,화요일,광주광역시 광산구 하산동,중상사고,0,1,0,0,차대사람 - 길가장자리구역통행중,안전운전불이행,젖음/습기,비,단일로 - 기타,화물,여,60세,상해없음,보행자,남,23세,중상
2017090500100138,2017년 9월 5일 08시,화요일,광주광역시 동구 남동,경상사고,0,0,1,0,차대사람 - 기타,안전운전불이행,건조,맑음,기타 - 기타,승용,여,48세,상해없음,보행자,여,58세,경상
2017090500100210,2017년 9월 5일 10시,화요일,광주광역시 서구 풍암동,경상사고,0,0,5,0,차대차 - 측면충돌,차로위반,젖음/습기,비,단일로 - 기타,건설기계,남,47세,상해없음,승용,남,71세,경상
2017090500100211,2017년 9월 5일 10시,화요일,광주광역시 광산구 월계동,경상사고,0,0,1,0,차대차 - 측면충돌,교차로운행방법위반,젖음/습기,비,교차로 - 교차로안,화물,남,40세,상해없음,원동기,남,40세,경상
2017090500100245,2017년 9월 5일 11시,화요일,광주광역시 서구 화정동,경상사고,0,0,3,0,차대차 - 측면충돌,안전운전불이행,건조,맑음,단일로 - 기타,화물,남,73세,상해없음,승용,여,33세,경상
2017090500100246,2017년 9월 5일 11시,화요일,광주광역시 서구 금호동,경상사고,0,0,1,0,차대차 - 기타,안전거리미확보,젖음/습기,비,단일로 - 기타,승합,남,40세,상해없음,승용,여,34세,경상
2017090500100247,2017년 9월 5일 11시,화요일,광주광역시 북구 신안동,경상사고,0,0,1,0,차대차 - 측면충돌,안전운전불이행,건조,맑음,교차로 - 교차로부근,승용,남,62세,상해없음,승합,남,51세,상해없음
2017090500100277,2017년 9월 5일 12시,화요일,광주광역시 동구 금남로5가,경상사고,0,0,2,0,차대차 - 추돌,안전거리미확보,건조,흐림,단일로 - 기타,승합,남,31세,상해없음,승용,남,43세,경상
2017090500100278,2017년 9월 5일 12시,화요일,광주광역시 서구 쌍촌동,중상사고,0,1,0,0,차대사람 - 기타,안전운전불이행,젖음/습기,흐림,교차로 - 교차로부근,승용,남,46세,상해없음,보행자,여,86세,중상
2017090500100279,2017년 9월 5일 12시,화요일,광주광역시 광산구 신가동,경상사고,0,0,1,0,차대차 - 측면충돌,교차로운행방법위반,건조,맑음,교차로 - 교차로안,승용,남,61세,상해없음,승용,남,57세,경상
2017090500100325,2017년 9월 5일 14시,화요일,광주광역시 북구 용봉동,경상사고,0,0,1,0,차대차 - 기타,안전운전불이행,젖음/습기,비,단일로 - 기타,승용,남,31세,상해없음,이륜,남,47세,경상
2017090500100355,2017년 9월 5일 15시,화요일,광주광역시 남구 주월동,경상사고,0,0,3,0,차대차 - 측면충돌,교차로운행방법위반,건조,맑음,교차로 - 교차로안,화물,남,53세,상해없음,승용,여,35세,경상
2017090500100356,2017년 9월 5일 15시,화요일,광주광역시 광산구 소촌동,경상사고,0,0,2,0,차대차 - 추돌,안전운전불이행,건조,맑음,교차로 - 교차로안,승용,남,53세,상해없음,승용,남,32세,경상
2017090500100424,2017년 9월 5일 17시,화요일,광주광역시 광산구 선암동,경상사고,0,0,1,0,차대차 - 기타,안전운전불이행,젖음/습기,비,주차장 - 주차장,화물,남,46세,상해없음,이륜,남,23세,경상
2017090500100461,2017년 9월 5일 18시,화요일,광주광역시 남구 월산동,경상사고,0,0,1,0,차대차 - 측면충돌,직진우회전진행방해,건조,맑음,교차로 - 교차로안,승용,남,48세,상해없음,이륜,남,62세,경상
2017090500100495,2017년 9월 5일 19시,화요일,광주광역시 북구 문흥동,경상사고,0,0,1,0,차대차 - 정면충돌,중앙선침범,건조,맑음,교차로 - 교차로부근,승용,남,49세,상해없음,승용,여,29세,경상
2017090500100530,2017년 9월 5일 20시,화요일,광주광역시 서구 화정동,중상사고,0,1,0,0,차대사람 - 횡단중,안전운전불이행,건조,맑음,단일로 - 기타,승용,남,66세,상해없음,보행자,남,60세,중상
2017090500100531,2017년 9월 5일 20시,화요일,광주광역시 남구 봉선동,경상사고,0,0,1,0,차대차 - 측면충돌,교차로운행방법위반,젖음/습기,흐림,교차로 - 교차로안,승용,남,34세,경상,승용,남,73세,상해없음
2017090500100553,2017년 9월 5일 21시,화요일,광주광역시 북구 두암동,경상사고,0,0,2,0,차대차 - 측면충돌,안전운전불이행,젖음/습기,비,단일로 - 기타,승용,남,41세,상해없음,승용,남,52세,경상
2017090500100554,2017년 9월 5일 21시,화요일,광주광역시 북구 운암동,중상사고,0,1,0,0,차대차 - 정면충돌,신호위반,젖음/습기,맑음,교차로 - 교차로안,승용,남,49세,상해없음,승용,남,47세,중상
2017090500100578,2017년 9월 5일 22시,화요일,광주광역시 북구 임동,경상사고,0,0,1,0,차대차 - 측면충돌,차로위반,젖음/습기,흐림,교차로 - 교차로안,승용,남,38세,상해없음,승용,남,33세,경상
2017090600100040,2017년 9월 6일 01시,수요일,광주광역시 서구 치평동,중상사고,0,1,0,0,차량단독 - 전도전복,안전운전불이행,젖음/습기,비,교차로 - 교차로부근,승용,남,34세,중상,미분류,미분류,미분류,미분류
2017090600100061,2017년 9월 6일 04시,수요일,광주광역시 동구 지산동,부상신고사고,0,0,0,1,차대사람 - 기타,안전운전불이행,젖음/습기,비,단일로 - 기타,승용,남,28세,상해없음,보행자,남,24세,부상신고
2017090600100126,2017년 9월 6일 08시,수요일,광주광역시 북구 양산동,경상사고,0,0,1,0,차량단독 - 공작물충돌,안전운전불이행,젖음/습기,비,단일로 - 기타,승용,남,64세,경상,,,,
2017090600100127,2017년 9월 6일 08시,수요일,광주광역시 북구 중흥동,중상사고,0,1,0,0,차대사람 - 횡단중,안전운전불이행,젖음/습기,비,단일로 - 기타,승용,여,42세,상해없음,보행자,여,54세,중상
2017090600100166,2017년 9월 6일 09시,수요일,광주광역시 북구 운암동,경상사고,0,0,1,0,차대차 - 추돌,안전거리미확보,젖음/습기,비,단일로 - 교량,승용,남,68세,상해없음,승용,여,32세,경상
2017090600100228,2017년 9월 6일 11시,수요일,광주광역시 서구 양동,중상사고,0,1,0,0,차대사람 - 길가장자리구역통행중,안전운전불이행,건조,맑음,단일로 - 기타,화물,남,34세,상해없음,보행자,여,54세,중상
2017090600100229,2017년 9월 6일 11시,수요일,광주광역시 서구 광천동,중상사고,0,1,1,0,차대차 - 측면충돌,교차로운행방법위반,건조,맑음,교차로 - 교차로안,승용,남,54세,경상,승용,여,46세,중상
2017090600100248,2017년 9월 6일 12시,수요일,광주광역시 동구 서석동,경상사고,0,0,1,0,차대차 - 측면충돌,신호위반,젖음/습기,흐림,교차로 - 교차로안,원동기,남,72세,경상,승용,남,25세,상해없음
2017090600100249,2017년 9월 6일 12시,수요일,광주광역시 동구 학동,중상사고,0,1,0,0,차대사람 - 횡단중,안전운전불이행,건조,맑음,교차로 - 교차로횡단보도내,승용,여,57세,상해없음,보행자,여,65세,중상
2017090600100311,2017년 9월 6일 14시,수요일,광주광역시 광산구 우산동,경상사고,0,0,1,0,차대사람 - 횡단중,안전운전불이행,젖음/습기,비,교차로 - 교차로횡단보도내,승용,여,35세,상해없음,보행자,여,68세,경상
2017090600100351,2017년 9월 6일 15시,수요일,광주광역시 남구 진월동,경상사고,0,0,3,0,차대차 - 측면충돌,안전거리미확보,젖음/습기,비,단일로 - 기타,화물,남,26세,상해없음,승용,남,62세,경상
2017090600100381,2017년 9월 6일 16시,수요일,광주광역시 동구 학동,부상신고사고,0,0,0,1,차대차 - 측면충돌,교차로운행방법위반,젖음/습기,흐림,교차로 - 교차로안,승합,남,75세,기타불명,이륜,남,21세,부상신고
2017090600100473,2017년 9월 6일 18시,수요일,광주광역시 서구 금호동,경상사고,0,0,1,0,차대차 - 측면충돌,신호위반,젖음/습기,비,교차로 - 교차로안,화물,남,46세,상해없음,화물,남,42세,경상
2017090600100474,2017년 9월 6일 18시,수요일,광주광역시 남구 진월동,경상사고,0,0,1,0,차대사람 - 횡단중,보행자보호의무위반,젖음/습기,비,단일로 - 기타,승용,남,63세,상해없음,보행자,여,58세,경상
2017090600100530,2017년 9월 6일 19시,수요일,광주광역시 서구 광천동,경상사고,0,0,1,0,차대차 - 측면충돌,안전운전불이행,젖음/습기,비,단일로 - 기타,승용,여,57세,상해없음,승용,여,46세,경상
2017090600100531,2017년 9월 6일 19시,수요일,광주광역시 광산구 월곡동,경상사고,0,0,1,0,차대차 - 추돌,안전거리미확보,건조,맑음,교차로 - 교차로부근,승용,남,44세,상해없음,승용,남,60세,경상
2017090600100532,2017년 9월 6일 19시,수요일,광주광역시 광산구 수완동,경상사고,0,0,1,0,차대차 - 측면충돌,안전거리미확보,건조,맑음,교차로 - 교차로부근,승용,남,57세,상해없음,승용,여,27세,경상
2017090600100571,2017년 9월 6일 20시,수요일,광주광역시 서구 치평동,경상사고,0,0,4,0,차대차 - 측면충돌,차로위반,젖음/습기,비,단일로 - 기타,승용,남,59세,상해없음,승용,남,22세,경상
2017090600100572,2017년 9월 6일 20시,수요일,광주광역시 남구 주월동,경상사고,0,0,2,0,차대차 - 기타,안전운전불이행,건조,맑음,단일로 - 기타,화물,남,32세,상해없음,승용,남,31세,경상
2017090600100573,2017년 9월 6일 20시,수요일,광주광역시 북구 중흥동,중상사고,0,1,0,0,차대차 - 기타,안전운전불이행,젖음/습기,흐림,단일로 - 기타,승합,남,43세,상해없음,자전거,여,35세,중상
2017090600100603,2017년 9월 6일 21시,수요일,광주광역시 북구 중흥동,경상사고,0,0,1,0,차대차 - 기타,중앙선침범,젖음/습기,비,단일로 - 기타,승용,여,29세,상해없음,이륜,남,33세,경상
2017090600100635,2017년 9월 6일 22시,수요일,광주광역시 북구 문흥동,경상사고,0,0,1,0,차대차 - 측면충돌,교차로운행방법위반,건조,맑음,교차로 - 교차로안,승용,남,52세,상해없음,이륜,남,16세,경상
2017090600100636,2017년 9월 6일 22시,수요일,광주광역시 광산구 송정동,경상사고,0,0,1,0,차대차 - 추돌,안전운전불이행,젖음/습기,비,단일로 - 기타,승용,남,27세,상해없음,승합,남,49세,상해없음
2017090600100637,2017년 9월 6일 22시,수요일,광주광역시 광산구 우산동,경상사고,0,0,1,0,차대사람 - 횡단중,신호위반,젖음/습기,비,교차로 - 교차로횡단보도내,화물,남,24세,상해없음,보행자,남,50세,경상
2017090600100665,2017년 9월 6일 23시,수요일,광주광역시 남구 주월동,중상사고,0,2,0,0,차대차 - 측면충돌,신호위반,건조,맑음,교차로 - 교차로안,승용,남,42세,상해없음,승용,남,49세,중상
2017090700100045,2017년 9월 7일 01시,목요일,광주광역시 광산구 우산동,사망사고,1,1,0,0,차대차 - 정면충돌,중앙선침범,젖음/습기,비,단일로 - 기타,승용,남,38세,사망,승용,남,36세,중상
2017090700100052,2017년 9월 7일 02시,목요일,광주광역시 북구 오치동,중상사고,0,1,0,0,차대사람 - 길가장자리구역통행중,안전운전불이행,젖음/습기,비,단일로 - 기타,기타불명,기타불명,미분류,기타불명,보행자,남,27세,중상
2017090700100058,2017년 9월 7일 02시,목요일,광주광역시 서구 쌍촌동,부상신고사고,0,0,0,1,차량단독 - 기타,안전운전불이행,건조,맑음,교차로 - 교차로부근,승용,남,56세,상해없음,,,,
2017090700100085,2017년 9월 7일 05시,목요일,광주광역시 북구 유동,중상사고,0,1,1,0,차대차 - 측면충돌,신호위반,건조,맑음,교차로 - 교차로안,화물,남,52세,경상,화물,남,48세,중상
2017090700100099,2017년 9월 7일 06시,목요일,광주광역시 광산구 도천동,중상사고,0,1,0,0,차대차 - 측면충돌,중앙선침범,건조,맑음,단일로 - 기타,승용,남,40세,상해없음,승용,남,67세,중상
2017090700100156,2017년 9월 7일 08시,목요일,광주광역시 남구 봉선동,경상사고,0,0,2,0,차대사람 - 길가장자리구역통행중,안전운전불이행,건조,맑음,단일로 - 기타,승용,남,62세,상해없음,보행자,남,12세,경상
2017090700100157,2017년 9월 7일 08시,목요일,광주광역시 광산구 쌍암동,중상사고,0,1,0,0,차대사람 - 차도통행중,중앙선침범,건조,맑음,단일로 - 기타,승용,여,42세,상해없음,보행자,남,45세,중상
2017090700100184,2017년 9월 7일 09시,목요일,광주광역시 서구 쌍촌동,중상사고,0,1,0,0,차대사람 - 길가장자리구역통행중,안전운전불이행,건조,맑음,단일로 - 기타,승용,여,26세,상해없음,보행자,여,78세,중상
2017090700100185,2017년 9월 7일 09시,목요일,광주광역시 광산구 소촌동,경상사고,0,0,1,0,차량단독 - 기타,안전운전불이행,건조,맑음,단일로 - 기타,승합,남,49세,상해없음,,,,
2017090700100281,2017년 9월 7일 13시,목요일,광주광역시 북구 오치동,중상사고,0,1,0,0,차량단독 - 기타,안전운전불이행,건조,맑음,단일로 - 기타,승합,남,49세,상해없음,,,,
2017090700100317,2017년 9월 7일 14시,목요일,광주광역시 광산구 신창동,중상사고,0,1,0,0,차대사람 - 횡단중,기타,건조,맑음,단일로 - 기타,승용,여,40세,상해없음,보행자,남,11세,중상
2017090700100352,2017년 9월 7일 15시,목요일,광주광역시 서구 매월동,경상사고,0,0,2,0,차대차 - 측면충돌,안전운전불이행,건조,맑음,교차로 - 교차로안,승용,여,34세,경상,승용,여,55세,경상
2017090700100388,2017년 9월 7일 16시,목요일,광주광역시 동구 광산동,경상사고,0,0,4,0,차대차 - 측면충돌,안전거리미확보,건조,맑음,단일로 - 기타,승용,남,29세,상해없음,승용,남,61세,경상
2017090700100389,2017년 9월 7일 16시,목요일,광주광역시 서구 화정동,경상사고,0,0,1,0,차대사람 - 횡단중,보행자보호의무위반,건조,맑음,교차로 - 교차로횡단보도내,승용,여,54세,기타불명,보행자,여,10세,경상
2017090700100390,2017년 9월 7일 16시,목요일,광주광역시 남구 진월동,사망사고,1,0,0,0,차대차 - 정면충돌,안전운전불이행,건조,맑음,단일로 - 기타,승용,남,38세,기타불명,자전거,남,76세,사망
2017090700100429,2017년 9월 7일 17시,목요일,광주광역시 광산구 송정동,경상사고,0,0,1,0,차대차 - 측면충돌,안전운전불이행,건조,맑음,교차로 - 교차로횡단보도내,이륜,남,45세,상해없음,자전거,여,45세,경상
2017090700100471,2017년 9월 7일 18시,목요일,광주광역시 북구 동림동,경상사고,0,0,1,0,차대차 - 측면충돌,안전운전불이행,건조,맑음,단일로 - 기타,승용,남,33세,상해없음,승용,여,25세,경상
2017090700100506,2017년 9월 7일 19시,목요일,광주광역시 서구 치평동,경상사고,0,0,2,0,차대차 - 측면충돌,중앙선침범,건조,맑음,단일로 - 기타,승용,여,28세,상해없음,승용,여,38세,경상
2017090700100546,2017년 9월 7일 20시,목요일,광주광역시 북구 두암동,부상신고사고,0,0,0,1,차대차 - 측면충돌,안전운전불이행,건조,맑음,교차로 - 교차로안,승용,여,58세,상해없음,이륜,남,25세,부상신고
2017090700100575,2017년 9월 7일 21시,목요일,광주광역시 북구 신용동,중상사고,0,1,0,0,차대사람 - 횡단중,신호위반,건조,맑음,교차로 - 교차로횡단보도내,승용,여,42세,상해없음,보행자,여,19세,중상
2017090700100576,2017년 9월 7일 21시,목요일,광주광역시 광산구 수완동,경상사고,0,0,1,0,차대차 - 기타,교차로운행방법위반,건조,맑음,교차로 - 교차로안,승용,남,62세,상해없음,원동기,남,16세,경상
2017090700100592,2017년 9월 7일 22시,목요일,광주광역시 동구 동명동,경상사고,0,0,3,0,차대차 - 측면충돌,신호위반,건조,맑음,교차로 - 교차로안,승용,여,29세,상해없음,승용,여,45세,경상
2017090700100593,2017년 9월 7일 22시,목요일,광주광역시 서구 화정동,경상사고,0,0,2,0,차대차 - 추돌,안전운전불이행,건조,맑음,교차로 - 교차로부근,승용,남,30세,상해없음,승용,남,26세,경상
2017090700100594,2017년 9월 7일 22시,목요일,광주광역시 남구 지석동,중상사고,0,1,0,0,차대사람 - 횡단중,안전운전불이행,건조,맑음,단일로 - 기타,승용,남,62세,상해없음,보행자,남,58세,중상
2017090700100619,2017년 9월 7일 23시,목요일,광주광역시 북구 오룡동,경상사고,0,0,2,0,차대차 - 측면충돌,안전운전불이행,건조,맑음,단일로 - 교량,승용,남,45세,상해없음,승용,남,52세,경상
2017090800100029,2017년 9월 8일 00시,금요일,광주광역시 서구 화정동,경상사고,0,0,6,0,차대차 - 추돌,안전운전불이행,건조,맑음,단일로 - 기타,승용,남,30세,상해없음,승용,남,64세,경상
2017090800100064,2017년 9월 8일 03시,금요일,광주광역시 광산구 월계동,경상사고,0,0,1,0,차대차 - 후진중충돌,안전운전불이행,건조,맑음,교차로 - 교차로부근,승용,남,37세,상해없음,승용,남,27세,경상
2017090800100114,2017년 9월 8일 07시,금요일,광주광역시 동구 내남동,경상사고,0,0,1,0,차대차 - 기타,안전운전불이행,기타,안개,단일로 - 기타,승용,여,28세,기타불명,화물,남,47세,경상
2017090800100164,2017년 9월 8일 08시,금요일,광주광역시 서구 쌍촌동,경상사고,0,0,1,0,차대차 - 추돌,안전거리미확보,건조,맑음,단일로 - 기타,승용,남,54세,상해없음,승용,남,48세,경상
2017090800100165,2017년 9월 8일 08시,금요일,광주광역시 광산구 송정동,경상사고,0,0,1,0,차대차 - 측면충돌,차로위반,건조,맑음,교차로 - 교차로부근,승용,여,51세,상해없음,화물,남,46세,경상
2017090800100196,2017년 9월 8일 09시,금요일,광주광역시 북구 두암동,중상사고,0,1,0,0,차대사람 - 횡단중,안전운전불이행,건조,맑음,교차로 - 교차로안,화물,남,47세,상해없음,보행자,여,78세,중상
2017090800100197,2017년 9월 8일 09시,금요일,광주광역시 북구 임동,경상사고,0,0,1,0,차대차 - 기타,안전거리미확보,건조,맑음,단일로 - 교량,화물,남,53세,상해없음,승용,남,27세,경상
2017090800100226,2017년 9월 8일 10시,금요일,광주광역시 서구 치평동,경상사고,0,0,3,0,차대차 - 추돌,안전운전불이행,건조,맑음,단일로 - 기타,승용,남,23세,상해없음,승용,여,51세,경상