사고번호,사고일시,요일,시군구,사고내용,사망자수,중상자수,경상자수,부상신고자수,사고유형,법규위반,노면상태,기상상태,도로형태,가해운전자 차종,가해운전자 성별,가해운전자 연령,가해운전자 상해정도,피해운전자 차종,피해운전자 성별,피해운전자 연령,피해운전자 상해정도
2017090800100316,2017년 9월 8일 13시,금요일,광주광역시 서구 광천동,경상사고,0,0,7,0,차대차 - 측면충돌,교차로운행방법위반,건조,맑음,교차로 - 교차로안,승용,남,56세,경상,승용,여,41세,경상
2017090800100317,2017년 9월 8일 13시,금요일,광주광역시 광산구 산월동,경상사고,0,0,1,0,차대차 - 측면충돌,안전운전불이행,건조,맑음,교차로 - 교차로부근,승용,여,50세,상해없음,이륜,남,49세,경상
2017090800100389,2017년 9월 8일 15시,금요일,광주광역시 서구 쌍촌동,경상사고,0,0,2,0,차대차 - 측면충돌,안전거리미확보,건조,맑음,단일로 - 기타,승용,남,57세,상해없음,승용,남,66세,상해없음
2017090800100390,2017년 9월 8일 15시,금요일,광주광역시 남구 노대동,경상사고,0,0,1,0,차대사람 - 횡단중,보행자보호의무위반,건조,맑음,교차로 - 교차로횡단보도내,승용,남,40세,상해없음,보행자,여,19세,경상
2017090800100391,2017년 9월 8일 15시,금요일,광주광역시 북구 문흥동,경상사고,0,0,1,0,차대차 - 측면충돌,중앙선침범,건조,맑음,단일로 - 기타,승용,여,46세,상해없음,원동기,남,38세,경상
2017090800100438,2017년 9월 8일 16시,금요일,광주광역시 동구 대인동,경상사고,0,0,1,0,차대사람 - 기타,안전운전불이행,건조,맑음,주차장 - 주차장,승용,여,51세,상해없음,보행자,여,65세,경상
2017090800100439,2017년 9월 8일 16시,금요일,광주광역시 서구 유촌동,경상사고,0,0,2,0,차대차 - 측면충돌,교차로운행방법위반,건조,맑음,교차로 - 교차로안,승합,남,57세,상해없음,승용,여,36세,경상
2017090800100440,2017년 9월 8일 16시,금요일,광주광역시 광산구 안청동,경상사고,0,0,3,0,차대차 - 측면충돌,안전거리미확보,건조,맑음,단일로 - 기타,화물,남,58세,경상,승용,남,41세,경상
2017090800100576,2017년 9월 8일 19시,금요일,광주광역시 서구 쌍촌동,경상사고,0,0,1,0,차대차 - 측면충돌,중앙선침범,건조,맑음,단일로 - 기타,승용,남,59세,상해없음,승용,남,48세,경상
2017090800100577,2017년 9월 8일 19시,금요일,광주광역시 북구 운암동,경상사고,0,0,3,0,차대차 - 측면충돌,안전운전불이행,건조,맑음,교차로 - 교차로안,원동기,남,52세,경상,승용,남,55세,경상
2017090800100578,2017년 9월 8일 19시,금요일,광주광역시 북구 오치동,경상사고,0,0,1,0,차대차 - 측면충돌,안전거리미확보,건조,맑음,단일로 - 기타,화물,남,49세,상해없음,승용,남,56세,경상
2017090800100657,2017년 9월 8일 21시,금요일,광주광역시 북구 삼각동,경상사고,0,0,1,0,차대차 - 측면충돌,교차로운행방법위반,건조,맑음,교차로 - 교차로부근,승용,여,43세,상해없음,자전거,남,14세,경상
2017090900100032,2017년 9월 9일 00시,토요일,광주광역시 동구 지산동,경상사고,0,0,2,0,차대차 - 측면충돌,안전운전불이행,건조,맑음,단일로 - 터널,승용,여,24세,상해없음,승용,여,47세,경상
2017090900100033,2017년 9월 9일 00시,토요일,광주광역시 북구 운암동,경상사고,0,0,2,0,차대차 - 정면충돌,안전운전불이행,건조,맑음,단일로 - 기타,승용,여,53세,상해없음,승용,여,35세,경상
2017090900100090,2017년 9월 9일 04시,토요일,광주광역시 서구 치평동,경상사고,0,0,4,0,차대차 - 측면충돌,직진우회전진행방해,건조,맑음,교차로 - 교차로안,승용,남,31세,경상,승용,남,60세,경상
2017090900100110,2017년 9월 9일 05시,토요일,광주광역시 남구 지석동,경상사고,0,0,3,0,차대차 - 추돌,안전운전불이행,건조,맑음,교차로 - 교차로부근,승용,남,26세,상해없음,승용,남,43세,경상
2017090900100144,2017년 9월 9일 07시,토요일,광주광역시 광산구 비아동,경상사고,0,0,4,0,차대차 - 측면충돌,교차로운행방법위반,건조,맑음,교차로 - 교차로안,승용,남,20세,경상,화물,남,58세,경상
2017090900100192,2017년 9월 9일 09시,토요일,광주광역시 남구 주월동,경상사고,0,0,1,0,차대차 - 측면충돌,직진우회전진행방해,건조,맑음,교차로 - 교차로안,승용,여,43세,상해없음,승용,여,65세,경상
2017090900100326,2017년 9월 9일 13시,토요일,광주광역시 동구 금남로5가,경상사고,0,0,1,0,차대차 - 추돌,안전거리미확보,건조,맑음,단일로 - 기타,승용,여,52세,상해없음,승용,여,50세,경상
2017090900100327,2017년 9월 9일 13시,토요일,광주광역시 북구 임동,경상사고,0,0,1,0,차대차 - 측면충돌,신호위반,건조,맑음,교차로 - 교차로안,승용,남,34세,상해없음,승용,남,38세,경상
2017090900100374,2017년 9월 9일 14시,토요일,광주광역시 남구 주월동,경상사고,0,0,2,0,차대차 - 측면충돌,안전운전불이행,건조,맑음,교차로 - 교차로안,승용,남,60세,상해없음,승용,여,64세,경상
2017090900100408,2017년 9월 9일 15시,토요일,광주광역시 동구 학동,경상사고,0,0,6,0,차대차 - 기타,교차로운행방법위반,건조,맑음,교차로 - 교차로안,승용,남,22세,경상,승용,남,34세,경상
2017090900100409,2017년 9월 9일 15시,토요일,광주광역시 동구 호남동,중상사고,0,1,0,0,차대사람 - 보도통행중,보행자보호의무위반,건조,맑음,기타 - 기타,승용,남,32세,상해없음,보행자,여,59세,중상
2017090900100438,2017년 9월 9일 16시,토요일,광주광역시 남구 서동,경상사고,0,0,1,0,차대사람 - 기타,신호위반,건조,맑음,교차로 - 교차로횡단보도내,승용,남,61세,상해없음,보행자,여,69세,경상
2017090900100482,2017년 9월 9일 17시,토요일,광주광역시 서구 쌍촌동,경상사고,0,0,1,0,차대사람 - 횡단중,안전운전불이행,건조,맑음,단일로 - 기타,승용,남,30세,상해없음,보행자,남,14세,경상
2017090900100554,2017년 9월 9일 19시,토요일,광주광역시 서구 화정동,중상사고,0,1,0,0,차대사람 - 횡단중,보행자보호의무위반,건조,맑음,단일로 - 기타,승용,남,61세,상해없음,보행자,여,82세,중상
2017090900100555,2017년 9월 9일 19시,토요일,광주광역시 북구 오치동,경상사고,0,0,1,0,차대차 - 측면충돌,신호위반,건조,맑음,교차로 - 교차로안,이륜,남,23세,경상,승용,남,31세,상해없음
2017090900100591,2017년 9월 9일 20시,토요일,광주광역시 북구 중흥동,경상사고,0,0,2,0,차대차 - 기타,안전운전불이행,건조,맑음,단일로 - 기타,승용,남,67세,상해없음,승용,남,25세,경상
2017090900100592,2017년 9월 9일 20시,토요일,광주광역시 광산구 신가동,경상사고,0,0,1,0,차대사람 - 횡단중,중앙선침범,건조,맑음,단일로 - 기타,이륜,남,17세,상해없음,보행자,여,6세,경상
2017090900100645,2017년 9월 9일 22시,토요일,광주광역시 북구 우산동,경상사고,0,0,1,0,차대사람 - 기타,안전운전불이행,건조,맑음,교차로 - 교차로안,승용,남,43세,상해없음,보행자,남,34세,경상
2017091000100032,2017년 9월 10일 00시,일요일,광주광역시 북구 각화동,중상사고,0,4,0,0,차대차 - 측면충돌,신호위반,건조,맑음,교차로 - 교차로안,이륜,남,16세,중상,승용,남,56세,중상
2017091000100046,2017년 9월 10일 01시,일요일,광주광역시 서구 치평동,경상사고,0,0,1,0,차대사람 - 횡단중,보행자보호의무위반,건조,맑음,교차로 - 교차로안,승용,남,49세,상해없음,보행자,남,39세,경상
2017091000100100,2017년 9월 10일 05시,일요일,광주광역시 서구 광천동,경상사고,0,0,2,0,차대차 - 측면충돌,신호위반,건조,맑음,교차로 - 교차로안,승용,남,31세,상해없음,이륜,남,26세,경상
2017091000100170,2017년 9월 10일 10시,일요일,광주광역시 서구 풍암동,경상사고,0,0,5,0,차대차 - 기타,직진우회전진행방해,건조,맑음,교차로 - 교차로안,승용,남,68세,경상,승용,남,36세,경상
2017091000100171,2017년 9월 10일 10시,일요일,광주광역시 광산구 월계동,경상사고,0,0,2,0,차대차 - 측면충돌,교차로운행방법위반,건조,맑음,교차로 - 교차로안,승용,남,63세,상해없음,승용,여,27세,경상
2017091000100246,2017년 9월 10일 13시,일요일,광주광역시 동구 호남동,중상사고,0,1,0,0,차대차 - 측면충돌,중앙선침범,건조,맑음,단일로 - 기타,승용,남,21세,상해없음,이륜,남,38세,중상
2017091000100247,2017년 9월 10일 13시,일요일,광주광역시 남구 방림동,경상사고,0,0,4,0,차대차 - 측면충돌,교차로운행방법위반,건조,맑음,교차로 - 교차로안,승용,남,44세,경상,승용,여,38세,경상
2017091000100248,2017년 9월 10일 13시,일요일,광주광역시 광산구 비아동,경상사고,0,0,1,0,차대사람 - 횡단중,보행자보호의무위반,건조,맑음,교차로 - 교차로안,승용,남,52세,상해없음,보행자,여,41세,경상
2017091000100249,2017년 9월 10일 13시,일요일,광주광역시 광산구 월곡동,중상사고,0,2,6,0,차대차 - 추돌,안전운전불이행,건조,맑음,단일로 - 기타,승용,여,36세,중상,승용,남,41세,중상
2017091000100336,2017년 9월 10일 16시,일요일,광주광역시 광산구 운수동,경상사고,0,0,2,0,차대차 - 추돌,안전운전불이행,건조,맑음,교차로 - 교차로부근,승용,남,54세,상해없음,승용,남,59세,경상
2017091000100380,2017년 9월 10일 17시,일요일,광주광역시 동구 서석동,사망사고,1,3,2,0,차대차 - 추돌,안전운전불이행,건조,맑음,교차로 - 교차로부근,승용,남,74세,상해없음,승용,남,45세,경상
2017091000100381,2017년 9월 10일 17시,일요일,광주광역시 서구 마륵동,경상사고,0,0,1,0,차대차 - 추돌,안전운전불이행,건조,맑음,단일로 - 기타,승용,남,69세,상해없음,승용,남,46세,경상
2017091000100405,2017년 9월 10일 18시,일요일,광주광역시 북구 운암동,경상사고,0,0,1,0,차대사람 - 기타,안전운전불이행,건조,맑음,단일로 - 기타,기타불명,기타불명,미분류,기타불명,보행자,여,37세,경상
2017091000100445,2017년 9월 10일 19시,일요일,광주광역시 광산구 수완동,중상사고,0,1,0,0,차대사람 - 기타,안전운전불이행,건조,맑음,기타 - 기타,승용,남,17세,상해없음,보행자,여,17세,중상
2017091000100521,2017년 9월 10일 22시,일요일,광주광역시 북구 용봉동,경상사고,0,0,4,0,차대차 - 정면충돌,안전거리미확보,건조,맑음,교차로 - 교차로안,승용,남,33세,상해없음,승용,남,54세,경상
2017091000100522,2017년 9월 10일 22시,일요일,광주광역시 북구 우산동,중상사고,0,1,0,0,차대차 - 측면충돌,직진우회전진행방해,건조,맑음,교차로 - 교차로안,원동기,남,52세,중상,승용,남,57세,상해없음
2017091100100030,2017년 9월 11일 00시,월요일,광주광역시 광산구 산정동,경상사고,0,0,1,0,차대차 - 측면충돌,안전운전불이행,젖음/습기,비,교차로 - 교차로안,승용,여,35세,상해없음,원동기,남,40세,경상
2017091100100044,2017년 9월 11일 01시,월요일,광주광역시 서구 농성동,경상사고,0,0,2,1,차대차 - 측면충돌,과속,젖음/습기,비,교차로 - 교차로부근,승용,남,23세,부상신고,승용,남,38세,경상
2017091100100051,2017년 9월 11일 02시,월요일,광주광역시 북구 동림동,중상사고,0,1,1,0,차대차 - 측면충돌,신호위반,젖음/습기,비,교차로 - 교차로안,승용,남,22세,상해없음,승용,여,58세,중상
2017091100100063,2017년 9월 11일 03시,월요일,광주광역시 서구 치평동,경상사고,0,0,2,0,차대차 - 측면충돌,안전운전불이행,젖음/습기,비,교차로 - 교차로안,승용,남,53세,상해없음,승용,남,25세,경상
2017091100100073,2017년 9월 11일 04시,월요일,광주광역시 서구 치평동,경상사고,0,0,1,0,차대차 - 측면충돌,차로위반,젖음/습기,비,단일로 - 고가도로위,승용,여,49세,상해없음,승용,남,28세,경상
2017091100100095,2017년 9월 11일 05시,월요일,광주광역시 서구 유촌동,경상사고,0,0,1,0,차대차 - 측면충돌,차로위반,젖음/습기,비,단일로 - 기타,승용,남,62세,상해없음,승용,남,33세,상해없음
2017091100100150,2017년 9월 11일 07시,월요일,광주광역시 광산구 송정동,경상사고,0,0,1,0,차대차 - 정면충돌,교차로운행방법위반,젖음/습기,비,교차로 - 교차로안,화물,여,50세,상해없음,자전거,남,62세,경상
2017091100100198,2017년 9월 11일 08시,월요일,광주광역시 서구 풍암동,경상사고,0,0,1,0,차대차 - 측면충돌,안전운전불이행,건조,맑음,단일로 - 기타,특수,남,49세,상해없음,승용,남,32세,경상
2017091100100199,2017년 9월 11일 08시,월요일,광주광역시 남구 주월동,경상사고,0,0,3,0,차대차 - 측면충돌,교차로운행방법위반,건조,맑음,교차로 - 교차로안,화물,남,56세,경상,승용,남,42세,경상
2017091100100200,2017년 9월 11일 08시,월요일,광주광역시 광산구 월계동,경상사고,0,0,2,0,차대차 - 추돌,안전거리미확보,젖음/습기,비,단일로 - 기타,승용,남,59세,상해없음,승용,남,23세,경상
2017091100100201,2017년 9월 11일 08시,월요일,광주광역시 광산구 산정동,경상사고,0,0,1,0,차대차 - 측면충돌,교차로운행방법위반,젖음/습기,비,단일로 - 기타,승용,여,46세,상해없음,승용,여,42세,경상
2017091100100243,2017년 9월 11일 09시,월요일,광주광역시 서구 풍암동,경상사고,0,0,1,0,차대차 - 측면충돌,신호위반,건조,맑음,교차로 - 교차로안,승용,남,46세,상해없음,승용,남,36세,경상
2017091100100244,2017년 9월 11일 09시,월요일,광주광역시 서구 풍암동,경상사고,0,0,1,0,차대차 - 측면충돌,교차로운행방법위반,건조,맑음,교차로 - 교차로안,승용,남,65세,상해없음,화물,남,43세,경상
2017091100100245,2017년 9월 11일 09시,월요일,광주광역시 남구 송하동,경상사고,0,0,2,0,차대차 - 추돌,안전거리미확보,건조,맑음,단일로 - 기타,승용,여,51세,상해없음,승용,여,30세,경상
2017091100100246,2017년 9월 11일 09시,월요일,광주광역시 북구 문흥동,경상사고,0,0,1,0,차대차 - 측면충돌,신호위반,건조,맑음,교차로 - 교차로부근,승용,여,51세,경상,승합,남,43세,상해없음
2017091100100247,2017년 9월 11일 09시,월요일,광주광역시 광산구 신창동,경상사고,0,0,1,0,차대차 - 측면충돌,안전운전불이행,젖음/습기,비,단일로 - 기타,승용,여,45세,상해없음,승용,여,64세,경상
2017091100100248,2017년 9월 11일 09시,월요일,광주광역시 광산구 산정동,경상사고,0,0,5,1,차대차 - 추돌,안전운전불이행,젖음/습기,비,교차로 - 교차로안,승용,여,34세,부상신고,승용,여,47세,경상
2017091100100280,2017년 9월 11일 10시,월요일,광주광역시 북구 용봉동,중상사고,0,1,0,0,차대차 - 측면충돌,신호위반,젖음/습기,비,교차로 - 교차로안,승용,남,60세,상해없음,승용,남,57세,상해없음
2017091100100281,2017년 9월 11일 10시,월요일,광주광역시 북구 운암동,경상사고,0,0,2,0,차대차 - 기타,안전운전불이행,젖음/습기,비,단일로 - 기타,승용,여,43세,경상,승합,남,58세,경상
2017091100100282,2017년 9월 11일 10시,월요일,광주광역시 광산구 월계동,경상사고,0,0,1,0,차대차 - 측면충돌,안전운전불이행,젖음/습기,비,단일로 - 기타,승용,남,66세,상해없음,승용,남,24세,경상
2017091100100316,2017년 9월 11일 11시,월요일,광주광역시 서구 치평동,경상사고,0,0,5,0,차대차 - 추돌,중앙선침범,건조,맑음,단일로 - 기타,승용,남,44세,상해없음,승용,남,36세,경상
2017091100100317,2017년 9월 11일 11시,월요일,광주광역시 남구 서동,경상사고,0,0,1,0,차대차 - 측면충돌,안전거리미확보,건조,맑음,교차로 - 교차로부근,화물,여,32세,상해없음,승용,남,36세,경상
2017091100100340,2017년 9월 11일 12시,월요일,광주광역시 서구 치평동,경상사고,0,0,2,0,차대차 - 측면충돌,안전운전불이행,건조,맑음,단일로 - 기타,승용,남,50세,상해없음,승용,여,35세,경상
2017091100100341,2017년 9월 11일 12시,월요일,광주광역시 서구 쌍촌동,경상사고,0,0,1,0,차대차 - 측면충돌,교차로운행방법위반,건조,맑음,교차로 - 교차로안,원동기,남,44세,경상,승용,여,68세,상해없음
2017091100100342,2017년 9월 11일 12시,월요일,광주광역시 광산구 장덕동,경상사고,0,0,1,0,차대차 - 측면충돌,교차로운행방법위반,젖음/습기,흐림,교차로 - 교차로안,승용,남,18세,상해없음,화물,남,32세,경상
2017091100100394,2017년 9월 11일 14시,월요일,광주광역시 남구 주월동,경상사고,0,0,1,0,차대차 - 기타,교차로운행방법위반,건조,맑음,교차로 - 교차로안,화물,남,67세,상해없음,승용,여,60세,경상
2017091100100395,2017년 9월 11일 14시,월요일,광주광역시 북구 동림동,경상사고,0,0,2,0,차대차 - 측면충돌,신호위반,건조,맑음,교차로 - 교차로안,승용,남,51세,상해없음,승용,남,52세,경상
2017091100100421,2017년 9월 11일 15시,월요일,광주광역시 남구 월산동,경상사고,0,0,1,0,차대차 - 측면충돌,교차로운행방법위반,건조,맑음,교차로 - 교차로안,이륜,남,53세,경상,화물,남,47세,상해없음
2017091100100422,2017년 9월 11일 15시,월요일,광주광역시 광산구 월곡동,중상사고,0,1,0,0,차대사람 - 기타,안전운전불이행,건조,맑음,단일로 - 기타,승합,남,47세,상해없음,보행자,여,58세,중상
2017091100100483,2017년 9월 11일 17시,월요일,광주광역시 광산구 하남동,경상사고,0,0,2,0,차대차 - 추돌,안전운전불이행,건조,맑음,교차로 - 교차로부근,승용,남,34세,상해없음,승용,남,36세,경상
2017091100100521,2017년 9월 11일 18시,월요일,광주광역시 서구 화정동,경상사고,0,0,1,0,차대차 - 추돌,안전거리미확보,건조,맑음,교차로 - 교차로안,승용,남,52세,상해없음,승용,남,60세,경상
2017091100100559,2017년 9월 11일 19시,월요일,광주광역시 서구 화정동,중상사고,0,1,0,0,차대사람 - 기타,안전운전불이행,건조,맑음,단일로 - 기타,승용,남,51세,상해없음,보행자,여,83세,중상
2017091100100560,2017년 9월 11일 19시,월요일,광주광역시 서구 풍암동,경상사고,0,0,1,0,차대차 - 측면충돌,안전운전불이행,건조,맑음,단일로 - 기타,승합,남,68세,상해없음,승용,남,31세,경상
2017091100100561,2017년 9월 11일 19시,월요일,광주광역시 북구 중흥동,경상사고,0,0,1,0,차대사람 - 차도통행중,안전운전불이행,건조,맑음,교차로 - 교차로안,승용,남,35세,상해없음,보행자,남,59세,경상
2017091100100562,2017년 9월 11일 19시,월요일,광주광역시 북구 오치동,중상사고,0,1,0,0,차대차 - 측면충돌,보행자보호의무위반,건조,맑음,교차로 - 교차로부근,승용,남,61세,상해없음,자전거,남,8세,중상
2017091100100563,2017년 9월 11일 19시,월요일,광주광역시 광산구 신가동,경상사고,0,0,1,0,차대사람 - 차도통행중,안전운전불이행,건조,맑음,교차로 - 교차로안,승용,남,48세,상해없음,보행자,여,51세,경상
2017091100100593,2017년 9월 11일 20시,월요일,광주광역시 서구 치평동,경상사고,0,0,3,0,차대차 - 측면충돌,안전운전불이행,건조,맑음,교차로 - 교차로안,승용,여,22세,경상,승용,남,27세,경상
2017091100100618,2017년 9월 11일 21시,월요일,광주광역시 서구 치평동,경상사고,0,0,4,0,차대차 - 후진중충돌,안전운전불이행,건조,맑음,단일로 - 기타,승용,남,41세,상해없음,승용,남,37세,경상
2017091100100619,2017년 9월 11일 21시,월요일,광주광역시 서구 동천동,경상사고,0,0,1,0,차대차 - 추돌,안전운전불이행,건조,맑음,교차로 - 교차로부근,화물,남,33세,상해없음,승용,남,26세,경상
2017091100100652,2017년 9월 11일 22시,월요일,광주광역시 북구 풍향동,경상사고,0,0,1,0,차대차 - 기타,안전거리미확보,건조,맑음,단일로 - 기타,승용,남,25세,상해없음,승용,남,47세,경상
2017091200100036,2017년 9월 12일 00시,화요일,광주광역시 광산구 월계동,중상사고,0,1,0,0,차대사람 - 길가장자리구역통행중,안전운전불이행,건조,맑음,단일로 - 기타,승용,남,58세,상해없음,보행자,남,60세,중상
2017091200100158,2017년 9월 12일 08시,화요일,광주광역시 광산구 장수동,중상사고,0,1,6,0,차대차 - 측면충돌,신호위반,건조,맑음,교차로 - 교차로안,화물,남,32세,경상,승합,남,62세,상해없음
2017091200100221,2017년 9월 12일 10시,화요일,광주광역시 광산구 소촌동,경상사고,0,0,2,0,차대차 - 측면충돌,안전거리미확보,건조,맑음,단일로 - 기타,화물,남,46세,경상,승용,남,58세,경상
2017091200100222,2017년 9월 12일 10시,화요일,광주광역시 광산구 송정동,경상사고,0,0,1,0,차대차 - 측면충돌,신호위반,건조,맑음,단일로 - 기타,승용,여,39세,상해없음,승용,여,34세,경상
2017091200100271,2017년 9월 12일 12시,화요일,광주광역시 북구 신안동,경상사고,0,0,2,0,차대차 - 측면충돌,교차로운행방법위반,건조,맑음,교차로 - 교차로안,승용,남,36세,경상,화물,남,62세,경상
2017091200100300,2017년 9월 12일 13시,화요일,광주광역시 서구 농성동,경상사고,0,0,1,0,차대차 - 추돌,안전운전불이행,건조,맑음,교차로 - 교차로안,승용,남,57세,상해없음,승용,남,31세,경상
2017091200100301,2017년 9월 12일 13시,화요일,광주광역시 광산구 우산동,경상사고,0,0,1,0,차대차 - 후진중충돌,안전운전불이행,건조,맑음,교차로 - 교차로부근,승용,남,51세,상해없음,이륜,남,47세,경상
2017091200100326,2017년 9월 12일 14시,화요일,광주광역시 남구 행암동,경상사고,0,0,1,0,차대차 - 기타,교차로운행방법위반,건조,맑음,교차로 - 교차로안,승용,남,72세,상해없음,원동기,남,43세,경상
2017091200100359,2017년 9월 12일 15시,화요일,광주광역시 서구 벽진동,경상사고,0,0,1,0,차대차 - 측면충돌,안전거리미확보,건조,맑음,교차로 - 교차로안,기타불명,기타불명,미분류,기타불명,승용,여,34세,경상
2017091200100360,2017년 9월 12일 15시,화요일,광주광역시 북구 우산동,경상사고,0,0,2,0,차대차 - 측면충돌,안전운전불이행,건조,맑음,교차로 - 교차로부근,승용,여,64세,상해없음,승합,남,47세,경상
2017091200100400,2017년 9월 12일 16시,화요일,광주광역시 서구 금호동,경상사고,0,0,1,0,차대사람 - 횡단중,신호위반,건조,맑음,단일로 - 기타,승합,남,26세,상해없음,보행자,남,9세,경상
2017091200100440,2017년 9월 12일 17시,화요일,광주광역시 북구 중흥동,경상사고,0,0,1,0,차대사람 - 길가장자리구역통행중,안전운전불이행,건조,맑음,단일로 - 기타,승용,남,73세,상해없음,보행자,남,23세,경상
2017091200100477,2017년 9월 12일 18시,화요일,광주광역시 서구 매월동,경상사고,0,0,1,0,차대차 - 기타,안전운전불이행,건조,맑음,단일로 - 기타,승용,남,45세,상해없음,승용,남,28세,경상
2017091200100478,2017년 9월 12일 18시,화요일,광주광역시 남구 송하동,경상사고,0,0,1,0,차대차 - 측면충돌,안전거리미확보,건조,맑음,단일로 - 터널,승용,남,45세,상해없음,승용,여,43세,경상
2017091200100479,2017년 9월 12일 18시,화요일,광주광역시 북구 신안동,경상사고,0,0,1,0,차대사람 - 기타,안전운전불이행,건조,맑음,교차로 - 교차로부근,승용,남,46세,상해없음,보행자,남,29세,경상
2017091200100551,2017년 9월 12일 20시,화요일,광주광역시 서구 매월동,경상사고,0,0,1,0,차대차 - 추돌,안전운전불이행,건조,맑음,교차로 - 교차로부근,승용,남,56세,상해없음,승용,여,52세,경상
2017091200100573,2017년 9월 12일 21시,화요일,광주광역시 북구 두암동,경상사고,0,0,1,0,차대사람 - 횡단중,보행자보호의무위반,건조,맑음,교차로 - 교차로횡단보도내,승용,여,58세,상해없음,보행자,여,37세,경상
2017091200100598,2017년 9월 12일 22시,화요일,광주광역시 서구 매월동,경상사고,0,0,1,0,차대사람 - 횡단중,안전운전불이행,건조,맑음,단일로 - 기타,승용,남,39세,상해없음,보행자,남,55세,경상
2017091200100607,2017년 9월 12일 23시,화요일,광주광역시 광산구 운남동,경상사고,0,0,1,0,차대차 - 추돌,안전거리미확보,건조,맑음,단일로 - 기타,승용,남,59세,상해없음,승용,남,60세,상해없음
2017091200100608,2017년 9월 12일 23시,화요일,광주광역시 광산구 월계동,경상사고,0,0,1,0,차대차 - 후진중충돌,안전운전불이행,건조,맑음,교차로 - 교차로부근,화물,남,55세,상해없음,자전거,여,51세,경상
2017091300100062,2017년 9월 13일 04시,수요일,광주광역시 서구 금호동,경상사고,0,0,3,0,차대차 - 측면충돌,신호위반,건조,맑음,교차로 - 교차로안,승용,남,67세,상해없음,화물,남,51세,경상
2017091300100080,2017년 9월 13일 06시,수요일,광주광역시 북구 오치동,중상사고,0,1,1,0,차대차 - 측면충돌,신호위반,건조,맑음,교차로 - 교차로안,이륜,남,54세,중상,승용,남,58세,경상
2017091300100154,2017년 9월 13일 08시,수요일,광주광역시 서구 농성동,경상사고,0,0,1,0,차대차 - 추돌,안전운전불이행,건조,맑음,단일로 - 기타,승용,여,66세,상해없음,승용,남,31세,경상
2017091300100155,2017년 9월 13일 08시,수요일,광주광역시 북구 동림동,중상사고,0,1,0,0,차대사람 - 횡단중,신호위반,건조,맑음,단일로 - 기타,승용,남,57세,상해없음,보행자,여,28세,중상
2017091300100156,2017년 9월 13일 08시,수요일,광주광역시 광산구 신촌동,경상사고,0,0,2,0,차대차 - 측면충돌,안전운전불이행,건조,맑음,단일로 - 기타,승용,남,25세,경상,승용,여,33세,경상
2017091300100191,2017년 9월 13일 09시,수요일,광주광역시 북구 중흥동,경상사고,0,0,1,0,차대사람 - 기타,기타,건조,맑음,단일로 - 기타,원동기,기타불명,미분류,기타불명,보행자,남,3세,경상
2017091300100227,2017년 9월 13일 10시,수요일,광주광역시 북구 임동,경상사고,0,0,3,0,차대차 - 측면충돌,안전운전불이행,건조,맑음,교차로 - 교차로안,승용,여,61세,경상,승용,남,30세,경상
2017091300100228,2017년 9월 13일 10시,수요일,광주광역시 북구 풍향동,경상사고,0,0,1,0,차대차 - 추돌,안전운전불이행,건조,맑음,단일로 - 기타,이륜,남,24세,경상,승용,여,42세,상해없음
2017091300100229,2017년 9월 13일 10시,수요일,광주광역시 광산구 비아동,경상사고,0,0,1,0,차대차 - 기타,안전운전불이행,건조,맑음,단일로 - 기타,승용,남,56세,상해없음,승용,남,53세,경상
2017091300100254,2017년 9월 13일 11시,수요일,광주광역시 남구 송하동,경상사고,0,0,2,0,차대차 - 추돌,안전거리미확보,건조,맑음,단일로 - 고가도로위,화물,남,49세,상해없음,화물,남,76세,상해없음
2017091300100293,2017년 9월 13일 12시,수요일,광주광역시 동구 금남로5가,경상사고,0,0,1,0,차대사람 - 기타,안전운전불이행,건조,맑음,단일로 - 기타,기타불명,기타불명,미분류,기타불명,보행자,여,59세,경상
2017091300100294,2017년 9월 13일 12시,수요일,광주광역시 광산구 송정동,중상사고,0,1,0,0,차대차 - 측면충돌,안전거리미확보,건조,맑음,교차로 - 교차로부근,원동기,남,77세,중상,건설기계,남,38세,상해없음
2017091300100374,2017년 9월 13일 14시,수요일,광주광역시 광산구 신가동,경상사고,0,0,1,0,차대차 - 측면충돌,안전운전불이행,건조,맑음,단일로 - 기타,자전거,남,9세,경상,승용,남,56세,상해없음
2017091300100438,2017년 9월 13일 16시,수요일,광주광역시 서구 농성동,경상사고,0,0,1,0,차대사람 - 기타,안전운전불이행,건조,맑음,교차로 - 교차로부근,기타불명,기타불명,미분류,기타불명,보행자,남,50세,경상
2017091300100439,2017년 9월 13일 16시,수요일,광주광역시 광산구 선암동,경상사고,0,0,2,0,차대차 - 추돌,안전운전불이행,건조,맑음,단일로 - 기타,승용,남,35세,상해없음,승용,남,71세,경상
2017091300100493,2017년 9월 13일 17시,수요일,광주광역시 서구 쌍촌동,경상사고,0,0,1,0,차대차 - 측면충돌,안전운전불이행,건조,맑음,교차로 - 교차로안,승용,남,47세,상해없음,승용,남,60세,경상