사고번호,사고일시,요일,시군구,사고내용,사망자수,중상자수,경상자수,부상신고자수,사고유형,법규위반,노면상태,기상상태,도로형태,가해운전자 차종,가해운전자 성별,가해운전자 연령,가해운전자 상해정도,피해운전자 차종,피해운전자 성별,피해운전자 연령,피해운전자 상해정도
2017091300100494,2017년 9월 13일 17시,수요일,광주광역시 남구 봉선동,경상사고,0,0,4,0,차대차 - 추돌,안전거리미확보,건조,맑음,단일로 - 기타,승용,남,60세,상해없음,승용,남,59세,경상
2017091300100495,2017년 9월 13일 17시,수요일,광주광역시 광산구 하남동,경상사고,0,0,1,0,차대차 - 측면충돌,교차로운행방법위반,건조,맑음,교차로 - 교차로안,승용,남,46세,상해없음,화물,남,44세,경상
2017091300100496,2017년 9월 13일 17시,수요일,광주광역시 광산구 고룡동,경상사고,0,0,1,0,차대차 - 측면충돌,중앙선침범,건조,맑음,단일로 - 기타,승용,남,48세,상해없음,승용,여,60세,경상
2017091300100593,2017년 9월 13일 19시,수요일,광주광역시 서구 치평동,경상사고,0,0,1,0,차대차 - 측면충돌,안전거리미확보,건조,맑음,단일로 - 기타,승용,남,33세,상해없음,승용,여,41세,경상
2017091300100594,2017년 9월 13일 19시,수요일,광주광역시 광산구 월전동,경상사고,0,0,2,0,차대차 - 측면충돌,안전운전불이행,건조,맑음,교차로 - 교차로부근,화물,남,40세,상해없음,승용,여,57세,경상
2017091300100621,2017년 9월 13일 20시,수요일,광주광역시 남구 주월동,경상사고,0,0,1,0,차대차 - 측면충돌,신호위반,건조,맑음,교차로 - 교차로안,승용,남,57세,상해없음,승용,여,41세,경상
2017091300100652,2017년 9월 13일 21시,수요일,광주광역시 서구 농성동,경상사고,0,0,1,0,차대차 - 기타,안전운전불이행,건조,맑음,교차로 - 교차로횡단보도내,이륜,남,24세,경상,자전거,남,19세,상해없음
2017091400100033,2017년 9월 14일 00시,목요일,광주광역시 북구 임동,중상사고,0,2,1,0,차대사람 - 기타,안전운전불이행,건조,맑음,교차로 - 교차로안,원동기,남,49세,경상,보행자,남,57세,중상
2017091400100048,2017년 9월 14일 01시,목요일,광주광역시 광산구 월계동,중상사고,0,1,2,0,차대차 - 측면충돌,안전운전불이행,건조,맑음,교차로 - 교차로안,이륜,남,17세,경상,이륜,남,17세,중상
2017091400100086,2017년 9월 14일 06시,목요일,광주광역시 서구 쌍촌동,경상사고,0,0,1,0,차대차 - 측면충돌,신호위반,건조,맑음,교차로 - 교차로안,승용,남,38세,상해없음,승용,남,36세,경상
2017091400100138,2017년 9월 14일 07시,목요일,광주광역시 광산구 소촌동,경상사고,0,0,1,0,차대차 - 측면충돌,안전거리미확보,건조,맑음,단일로 - 기타,승용,남,70세,상해없음,승용,남,68세,경상
2017091400100185,2017년 9월 14일 08시,목요일,광주광역시 북구 운암동,경상사고,0,0,1,0,차대차 - 측면충돌,안전운전불이행,건조,맑음,단일로 - 교량,승용,남,58세,상해없음,원동기,남,46세,경상
2017091400100230,2017년 9월 14일 09시,목요일,광주광역시 광산구 옥동,사망사고,1,0,0,0,차대사람 - 횡단중,안전운전불이행,건조,맑음,단일로 - 기타,이륜,남,80세,상해없음,보행자,남,88세,사망
2017091400100261,2017년 9월 14일 10시,목요일,광주광역시 북구 두암동,부상신고사고,0,0,0,1,차대사람 - 차도통행중,안전운전불이행,건조,맑음,단일로 - 기타,승용,남,51세,상해없음,보행자,남,58세,부상신고
2017091400100285,2017년 9월 14일 11시,목요일,광주광역시 남구 진월동,부상신고사고,0,0,0,1,차대차 - 측면충돌,교차로운행방법위반,건조,맑음,교차로 - 교차로안,승용,남,36세,상해없음,승용,여,47세,부상신고
2017091400100397,2017년 9월 14일 14시,목요일,광주광역시 동구 동명동,경상사고,0,0,1,0,차대차 - 추돌,안전운전불이행,건조,맑음,단일로 - 기타,승용,여,33세,상해없음,승용,남,36세,경상
2017091400100398,2017년 9월 14일 14시,목요일,광주광역시 서구 광천동,경상사고,0,0,1,0,차대차 - 측면충돌,안전운전불이행,건조,맑음,교차로 - 교차로부근,건설기계,남,49세,상해없음,승용,여,49세,경상
2017091400100399,2017년 9월 14일 14시,목요일,광주광역시 남구 방림동,중상사고,0,1,0,0,차대사람 - 횡단중,안전운전불이행,건조,맑음,단일로 - 기타,승용,여,50세,상해없음,보행자,남,75세,중상
2017091400100425,2017년 9월 14일 15시,목요일,광주광역시 광산구 우산동,경상사고,0,0,5,0,차대차 - 측면충돌,교차로운행방법위반,건조,맑음,교차로 - 교차로안,승용,남,50세,경상,승용,남,44세,경상
2017091400100474,2017년 9월 14일 16시,목요일,광주광역시 서구 쌍촌동,경상사고,0,0,1,0,차대차 - 추돌,안전거리미확보,건조,맑음,단일로 - 기타,승용,여,43세,상해없음,승용,남,35세,경상
2017091400100475,2017년 9월 14일 16시,목요일,광주광역시 광산구 장덕동,중상사고,0,1,0,0,차대사람 - 기타,안전운전불이행,건조,맑음,교차로 - 교차로횡단보도내,승용,남,45세,기타불명,보행자,여,17세,중상
2017091400100476,2017년 9월 14일 16시,목요일,광주광역시 광산구 신창동,경상사고,0,0,1,0,차대차 - 기타,안전거리미확보,건조,맑음,단일로 - 기타,승용,여,38세,상해없음,승용,남,54세,상해없음
2017091400100528,2017년 9월 14일 17시,목요일,광주광역시 동구 선교동,중상사고,0,1,0,0,차대차 - 기타,신호위반,건조,맑음,교차로 - 교차로안,이륜,남,76세,중상,승용,여,37세,상해없음
2017091400100529,2017년 9월 14일 17시,목요일,광주광역시 동구 지산동,중상사고,0,1,0,0,차대사람 - 기타,안전운전불이행,건조,맑음,기타 - 기타,승용,남,60세,상해없음,보행자,여,82세,중상
2017091400100530,2017년 9월 14일 17시,목요일,광주광역시 서구 치평동,경상사고,0,0,1,0,차대사람 - 기타,안전운전불이행,건조,맑음,단일로 - 기타,승용,남,31세,상해없음,보행자,여,61세,경상
2017091400100531,2017년 9월 14일 17시,목요일,광주광역시 북구 운암동,경상사고,0,0,2,0,차대차 - 측면충돌,안전운전불이행,건조,맑음,단일로 - 기타,승합,남,63세,경상,승용,남,73세,경상
2017091400100532,2017년 9월 14일 17시,목요일,광주광역시 광산구 월계동,경상사고,0,0,2,0,차대차 - 추돌,안전운전불이행,건조,맑음,단일로 - 기타,승용,남,38세,상해없음,승용,여,43세,경상
2017091400100581,2017년 9월 14일 18시,목요일,광주광역시 동구 금남로5가,경상사고,0,0,1,0,차대차 - 기타,안전운전불이행,건조,맑음,교차로 - 교차로안,화물,여,42세,상해없음,승용,남,29세,경상
2017091400100582,2017년 9월 14일 18시,목요일,광주광역시 북구 우산동,경상사고,0,0,1,0,차대사람 - 기타,안전운전불이행,건조,맑음,단일로 - 기타,승용,여,52세,상해없음,보행자,남,60세,경상
2017091400100583,2017년 9월 14일 18시,목요일,광주광역시 광산구 도산동,부상신고사고,0,0,0,1,차량단독 - 기타,안전운전불이행,건조,맑음,단일로 - 기타,승합,남,67세,기타불명,,,,
2017091400100628,2017년 9월 14일 19시,목요일,광주광역시 동구 학동,경상사고,0,0,1,0,차대차 - 기타,신호위반,건조,맑음,교차로 - 교차로안,승용,남,50세,상해없음,승용,남,72세,경상
2017091400100629,2017년 9월 14일 19시,목요일,광주광역시 광산구 장덕동,경상사고,0,0,1,0,차대차 - 측면충돌,안전운전불이행,건조,맑음,단일로 - 기타,승용,여,27세,상해없음,승용,여,45세,경상
2017091400100663,2017년 9월 14일 20시,목요일,광주광역시 서구 쌍촌동,경상사고,0,0,1,0,차대차 - 측면충돌,차로위반,건조,맑음,단일로 - 기타,승용,남,21세,상해없음,승용,남,37세,경상
2017091400100708,2017년 9월 14일 22시,목요일,광주광역시 서구 쌍촌동,경상사고,0,0,2,0,차대차 - 추돌,안전운전불이행,건조,맑음,교차로 - 교차로부근,승용,남,22세,상해없음,승용,남,24세,경상
2017091400100709,2017년 9월 14일 22시,목요일,광주광역시 광산구 쌍암동,경상사고,0,0,4,0,차대차 - 정면충돌,신호위반,건조,맑음,교차로 - 교차로안,승용,남,57세,상해없음,승용,남,51세,경상
2017091400100710,2017년 9월 14일 22시,목요일,광주광역시 광산구 산정동,경상사고,0,0,1,0,차대사람 - 보도통행중,보행자보호의무위반,건조,맑음,단일로 - 기타,승용,남,43세,상해없음,보행자,여,21세,경상
2017091400100711,2017년 9월 14일 22시,목요일,광주광역시 광산구 하남동,사망사고,1,1,0,0,차대차 - 기타,신호위반,건조,맑음,교차로 - 교차로안,승용,여,49세,상해없음,이륜,남,16세,사망
2017091400100738,2017년 9월 14일 23시,목요일,광주광역시 북구 문흥동,중상사고,0,2,0,0,차대사람 - 횡단중,안전운전불이행,건조,맑음,단일로 - 기타,승용,남,31세,상해없음,보행자,남,53세,중상
2017091500100026,2017년 9월 15일 00시,금요일,광주광역시 서구 광천동,경상사고,0,0,1,0,차대차 - 기타,안전운전불이행,건조,맑음,교차로 - 교차로안,기타불명,기타불명,미분류,기타불명,승용,남,52세,상해없음
2017091500100034,2017년 9월 15일 01시,금요일,광주광역시 남구 월산동,중상사고,0,2,0,0,차대사람 - 기타,안전운전불이행,건조,맑음,단일로 - 기타,승용,남,34세,상해없음,보행자,여,45세,중상
2017091500100101,2017년 9월 15일 07시,금요일,광주광역시 서구 농성동,경상사고,0,0,1,0,차대차 - 측면충돌,중앙선침범,건조,맑음,단일로 - 기타,승용,남,23세,상해없음,승용,남,50세,경상
2017091500100153,2017년 9월 15일 08시,금요일,광주광역시 서구 풍암동,경상사고,0,0,2,0,차대차 - 기타,안전운전불이행,건조,맑음,단일로 - 기타,승용,남,21세,상해없음,승용,남,43세,경상
2017091500100256,2017년 9월 15일 11시,금요일,광주광역시 광산구 우산동,경상사고,0,0,2,0,차대차 - 측면충돌,중앙선침범,건조,맑음,교차로 - 교차로부근,승용,여,28세,상해없음,승용,남,25세,경상
2017091500100303,2017년 9월 15일 13시,금요일,광주광역시 남구 주월동,부상신고사고,0,0,0,1,차대사람 - 기타,안전운전불이행,건조,맑음,단일로 - 기타,승합,남,47세,상해없음,보행자,남,5세,부상신고
2017091500100386,2017년 9월 15일 15시,금요일,광주광역시 서구 쌍촌동,경상사고,0,0,1,0,차대차 - 기타,안전거리미확보,건조,맑음,교차로 - 교차로부근,승용,여,60세,상해없음,승용,남,30세,경상
2017091500100387,2017년 9월 15일 15시,금요일,광주광역시 북구 삼각동,중상사고,0,1,0,0,차대차 - 기타,안전운전불이행,건조,맑음,교차로 - 교차로안,승합,여,42세,상해없음,이륜,남,50세,중상
2017091500100388,2017년 9월 15일 15시,금요일,광주광역시 광산구 신창동,경상사고,0,0,3,1,차대차 - 추돌,안전거리미확보,건조,맑음,단일로 - 기타,승용,남,77세,경상,승용,남,33세,경상
2017091500100439,2017년 9월 15일 16시,금요일,광주광역시 광산구 신가동,경상사고,0,0,1,0,차대차 - 기타,안전운전불이행,건조,맑음,교차로 - 교차로부근,자전거,남,13세,경상,승용,남,40세,상해없음
2017091500100492,2017년 9월 15일 17시,금요일,광주광역시 북구 신안동,중상사고,0,1,0,0,차대사람 - 기타,안전운전불이행,건조,맑음,교차로 - 교차로안,화물,남,57세,상해없음,보행자,여,81세,중상
2017091500100535,2017년 9월 15일 18시,금요일,광주광역시 서구 쌍촌동,경상사고,0,0,1,0,차대차 - 기타,기타,건조,맑음,교차로 - 교차로안,화물,남,65세,상해없음,자전거,여,11세,경상
2017091500100598,2017년 9월 15일 19시,금요일,광주광역시 서구 쌍촌동,중상사고,0,1,0,0,차대차 - 기타,직진우회전진행방해,건조,맑음,교차로 - 교차로안,승용,남,59세,상해없음,이륜,남,42세,중상
2017091500100599,2017년 9월 15일 19시,금요일,광주광역시 서구 풍암동,경상사고,0,0,1,0,차대차 - 추돌,안전운전불이행,건조,맑음,단일로 - 기타,승용,남,67세,상해없음,승용,여,60세,경상
2017091500100600,2017년 9월 15일 19시,금요일,광주광역시 서구 광천동,경상사고,0,0,1,0,차대차 - 기타,안전거리미확보,건조,맑음,단일로 - 기타,승용,남,46세,상해없음,승용,남,64세,상해없음
2017091500100601,2017년 9월 15일 19시,금요일,광주광역시 서구 광천동,경상사고,0,0,3,0,차대차 - 측면충돌,안전운전불이행,건조,맑음,교차로 - 교차로안,승합,남,63세,상해없음,승용,남,30세,경상
2017091500100602,2017년 9월 15일 19시,금요일,광주광역시 서구 금호동,경상사고,0,0,1,0,차대차 - 측면충돌,안전운전불이행,건조,맑음,단일로 - 기타,승용,남,49세,상해없음,승용,남,37세,경상
2017091500100603,2017년 9월 15일 19시,금요일,광주광역시 광산구 우산동,경상사고,0,0,2,0,차대차 - 추돌,안전운전불이행,건조,맑음,단일로 - 기타,승용,남,61세,상해없음,승용,남,38세,경상
2017091500100604,2017년 9월 15일 19시,금요일,광주광역시 광산구 수완동,경상사고,0,0,1,0,차대차 - 측면충돌,안전운전불이행,건조,맑음,교차로 - 교차로안,승용,여,32세,상해없음,승용,남,34세,경상
2017091500100676,2017년 9월 15일 21시,금요일,광주광역시 북구 운암동,경상사고,0,0,1,0,차대차 - 기타,안전운전불이행,건조,맑음,단일로 - 기타,승용,여,53세,상해없음,이륜,남,33세,경상
2017091500100731,2017년 9월 15일 23시,금요일,광주광역시 광산구 우산동,경상사고,0,0,1,0,차대차 - 후진중충돌,안전운전불이행,건조,맑음,교차로 - 교차로안,승합,남,45세,상해없음,이륜,남,45세,경상
2017091600100031,2017년 9월 16일 00시,토요일,광주광역시 광산구 도천동,경상사고,0,0,2,0,차대차 - 추돌,안전거리미확보,건조,맑음,교차로 - 교차로부근,승용,남,35세,상해없음,승용,여,43세,경상
2017091600100153,2017년 9월 16일 08시,토요일,광주광역시 서구 치평동,경상사고,0,0,1,0,차대차 - 측면충돌,안전운전불이행,건조,맑음,교차로 - 교차로안,승용,남,25세,상해없음,승용,여,52세,경상
2017091600100185,2017년 9월 16일 09시,토요일,광주광역시 서구 쌍촌동,경상사고,0,0,1,0,차대차 - 측면충돌,안전거리미확보,건조,맑음,단일로 - 기타,승용,남,24세,상해없음,승용,여,43세,경상
2017091600100221,2017년 9월 16일 10시,토요일,광주광역시 북구 운암동,경상사고,0,0,1,0,차대차 - 측면충돌,신호위반,건조,맑음,교차로 - 교차로안,승용,남,62세,상해없음,승용,남,59세,경상
2017091600100222,2017년 9월 16일 10시,토요일,광주광역시 광산구 신창동,경상사고,0,0,1,0,차대차 - 측면충돌,안전운전불이행,건조,맑음,단일로 - 기타,승용,여,45세,상해없음,승용,여,40세,경상
2017091600100265,2017년 9월 16일 11시,토요일,광주광역시 광산구 수완동,경상사고,0,0,2,0,차대차 - 추돌,신호위반,건조,맑음,교차로 - 교차로안,승용,남,75세,경상,승합,남,71세,상해없음
2017091600100297,2017년 9월 16일 12시,토요일,광주광역시 서구 농성동,경상사고,0,0,3,0,차대차 - 기타,안전운전불이행,건조,맑음,교차로 - 교차로안,승용,여,23세,상해없음,승용,남,28세,경상
2017091600100333,2017년 9월 16일 13시,토요일,광주광역시 서구 화정동,경상사고,0,0,1,0,차대차 - 추돌,안전운전불이행,건조,맑음,단일로 - 기타,승용,남,38세,상해없음,승용,남,49세,경상
2017091600100367,2017년 9월 16일 14시,토요일,광주광역시 서구 농성동,경상사고,0,0,1,0,차대사람 - 기타,기타,건조,맑음,단일로 - 기타,승용,남,57세,상해없음,보행자,남,34세,경상
2017091600100401,2017년 9월 16일 15시,토요일,광주광역시 서구 농성동,경상사고,0,0,3,0,차대차 - 측면충돌,안전거리미확보,건조,맑음,단일로 - 기타,승용,남,23세,상해없음,승용,여,54세,경상
2017091600100402,2017년 9월 16일 15시,토요일,광주광역시 광산구 월곡동,경상사고,0,0,5,0,차대차 - 측면충돌,교차로운행방법위반,건조,맑음,교차로 - 교차로안,승용,여,42세,상해없음,승용,남,63세,경상
2017091600100470,2017년 9월 16일 17시,토요일,광주광역시 광산구 오선동,경상사고,0,0,1,0,차대차 - 후진중충돌,안전운전불이행,건조,맑음,교차로 - 교차로부근,화물,남,57세,상해없음,승용,남,42세,경상
2017091600100510,2017년 9월 16일 18시,토요일,광주광역시 남구 양림동,경상사고,0,0,1,0,차대사람 - 횡단중,보행자보호의무위반,건조,맑음,단일로 - 기타,승용,남,62세,상해없음,보행자,남,5세,경상
2017091600100537,2017년 9월 16일 19시,토요일,광주광역시 서구 금호동,경상사고,0,0,1,0,차대차 - 측면충돌,안전운전불이행,건조,맑음,교차로 - 교차로안,승용,여,52세,상해없음,원동기,남,33세,경상
2017091600100538,2017년 9월 16일 19시,토요일,광주광역시 서구 치평동,경상사고,0,0,1,0,차대차 - 추돌,안전운전불이행,건조,맑음,교차로 - 교차로부근,승용,여,55세,상해없음,승용,남,53세,경상
2017091600100539,2017년 9월 16일 19시,토요일,광주광역시 남구 방림동,중상사고,0,1,1,0,차대차 - 측면충돌,교차로운행방법위반,건조,맑음,교차로 - 교차로안,원동기,남,19세,경상,원동기,남,57세,중상
2017091600100569,2017년 9월 16일 20시,토요일,광주광역시 동구 지산동,경상사고,0,0,1,0,차대차 - 추돌,안전거리미확보,건조,맑음,기타 - 기타,승용,여,57세,상해없음,승용,여,60세,경상
2017091600100594,2017년 9월 16일 21시,토요일,광주광역시 서구 금호동,부상신고사고,0,0,0,1,차대사람 - 기타,안전운전불이행,건조,맑음,단일로 - 기타,승용,남,28세,상해없음,보행자,남,47세,부상신고
2017091600100595,2017년 9월 16일 21시,토요일,광주광역시 서구 금호동,경상사고,0,0,1,0,차대차 - 정면충돌,중앙선침범,건조,맑음,교차로 - 교차로부근,승용,남,62세,상해없음,승용,남,51세,경상
2017091600100621,2017년 9월 16일 22시,토요일,광주광역시 동구 호남동,경상사고,0,0,2,0,차대차 - 측면충돌,교차로운행방법위반,건조,맑음,교차로 - 교차로안,승용,남,46세,상해없음,승용,여,20세,경상
2017091700100064,2017년 9월 17일 04시,일요일,광주광역시 북구 동림동,경상사고,0,0,1,1,차대차 - 기타,신호위반,건조,맑음,교차로 - 교차로안,승용,남,66세,상해없음,승용,남,71세,경상
2017091700100096,2017년 9월 17일 07시,일요일,광주광역시 광산구 월전동,경상사고,0,0,2,1,차대차 - 정면충돌,직진우회전진행방해,건조,맑음,교차로 - 교차로안,승용,남,30세,부상신고,화물,남,22세,경상
2017091700100097,2017년 9월 17일 07시,일요일,광주광역시 광산구 장록동,경상사고,0,0,1,0,차대차 - 추돌,안전거리미확보,건조,맑음,단일로 - 기타,승용,남,28세,상해없음,화물,남,60세,경상
2017091700100149,2017년 9월 17일 10시,일요일,광주광역시 서구 광천동,경상사고,0,0,2,0,차대차 - 측면충돌,직진우회전진행방해,건조,맑음,교차로 - 교차로안,화물,남,65세,상해없음,승용,남,63세,경상
2017091700100178,2017년 9월 17일 11시,일요일,광주광역시 동구 계림동,경상사고,0,0,1,0,차대사람 - 기타,안전운전불이행,건조,맑음,단일로 - 기타,승용,남,45세,상해없음,보행자,남,8세,경상
2017091700100269,2017년 9월 17일 14시,일요일,광주광역시 광산구 월계동,중상사고,0,1,0,0,차대사람 - 차도통행중,안전운전불이행,건조,맑음,교차로 - 교차로부근,승용,남,39세,상해없음,보행자,남,83세,중상
2017091700100302,2017년 9월 17일 15시,일요일,광주광역시 서구 동천동,중상사고,0,1,0,0,차대사람 - 횡단중,보행자보호의무위반,건조,맑음,단일로 - 기타,승용,여,38세,상해없음,보행자,여,16세,중상
2017091700100303,2017년 9월 17일 15시,일요일,광주광역시 서구 유촌동,경상사고,0,0,5,0,차대차 - 추돌,안전운전불이행,건조,맑음,단일로 - 기타,승용,남,32세,상해없음,승용,남,27세,경상
2017091700100376,2017년 9월 17일 17시,일요일,광주광역시 북구 생용동,경상사고,0,0,2,0,차대차 - 추돌,안전운전불이행,건조,맑음,기타 - 기타,승용,여,34세,상해없음,승용,남,19세,상해없음
2017091700100412,2017년 9월 17일 18시,일요일,광주광역시 광산구 도천동,중상사고,0,1,0,0,차대사람 - 횡단중,안전운전불이행,건조,맑음,교차로 - 교차로부근,승용,남,67세,상해없음,보행자,여,72세,중상
2017091700100441,2017년 9월 17일 19시,일요일,광주광역시 동구 동명동,중상사고,0,1,0,0,차대차 - 측면충돌,기타,건조,맑음,단일로 - 기타,승용,남,53세,상해없음,이륜,남,61세,중상
2017091700100473,2017년 9월 17일 20시,일요일,광주광역시 북구 일곡동,경상사고,0,0,3,0,차대차 - 측면충돌,안전운전불이행,건조,맑음,교차로 - 교차로안,이륜,남,18세,경상,승용,남,31세,경상
2017091700100498,2017년 9월 17일 21시,일요일,광주광역시 남구 진월동,중상사고,0,1,0,0,차대사람 - 차도통행중,안전운전불이행,건조,맑음,교차로 - 교차로안,승용,여,61세,상해없음,보행자,여,17세,중상
2017091700100499,2017년 9월 17일 21시,일요일,광주광역시 북구 동림동,경상사고,0,0,3,0,차대차 - 측면충돌,안전운전불이행,건조,맑음,교차로 - 교차로안,승용,여,26세,경상,승용,남,56세,경상
2017091700100500,2017년 9월 17일 21시,일요일,광주광역시 광산구 수완동,경상사고,0,0,5,0,차대차 - 추돌,안전운전불이행,건조,맑음,단일로 - 기타,승용,여,52세,경상,승용,남,47세,경상
2017091800100106,2017년 9월 18일 07시,월요일,광주광역시 북구 운암동,경상사고,0,0,1,0,차대차 - 후진중충돌,안전운전불이행,건조,맑음,단일로 - 기타,승합,남,52세,상해없음,승용,여,30세,경상
2017091800100107,2017년 9월 18일 07시,월요일,광주광역시 북구 운암동,경상사고,0,0,1,0,차대차 - 추돌,안전운전불이행,건조,맑음,단일로 - 기타,승용,남,62세,상해없음,승용,남,48세,경상
2017091800100158,2017년 9월 18일 08시,월요일,광주광역시 광산구 산정동,경상사고,0,0,1,0,차대차 - 후진중충돌,안전운전불이행,건조,맑음,단일로 - 기타,승용,여,54세,상해없음,특수,남,26세,경상
2017091800100211,2017년 9월 18일 09시,월요일,광주광역시 북구 두암동,경상사고,0,0,1,0,차대사람 - 횡단중,안전운전불이행,건조,맑음,단일로 - 기타,승합,남,74세,상해없음,보행자,여,51세,경상
2017091800100245,2017년 9월 18일 10시,월요일,광주광역시 남구 주월동,경상사고,0,0,2,0,차대차 - 측면충돌,안전거리미확보,건조,맑음,단일로 - 기타,승용,남,75세,기타불명,승용,여,38세,경상
2017091800100287,2017년 9월 18일 11시,월요일,광주광역시 광산구 월계동,경상사고,0,0,1,0,차대차 - 측면충돌,안전거리미확보,건조,맑음,단일로 - 기타,승용,여,33세,상해없음,원동기,남,27세,경상
2017091800100319,2017년 9월 18일 12시,월요일,광주광역시 북구 북동,경상사고,0,0,3,0,차대차 - 추돌,안전운전불이행,건조,맑음,단일로 - 기타,승용,남,61세,상해없음,승용,여,24세,경상
2017091800100383,2017년 9월 18일 14시,월요일,광주광역시 북구 중흥동,경상사고,0,0,1,0,차대사람 - 횡단중,보행자보호의무위반,건조,맑음,단일로 - 기타,승용,남,36세,상해없음,보행자,남,33세,경상
2017091800100384,2017년 9월 18일 14시,월요일,광주광역시 광산구 월계동,경상사고,0,0,1,0,차대차 - 추돌,안전운전불이행,건조,맑음,교차로 - 교차로안,승용,남,70세,상해없음,승용,여,41세,경상
2017091800100429,2017년 9월 18일 15시,월요일,광주광역시 북구 신안동,경상사고,0,0,1,0,차대사람 - 기타,안전운전불이행,건조,맑음,단일로 - 기타,승용,여,28세,상해없음,보행자,여,21세,경상
2017091800100430,2017년 9월 18일 15시,월요일,광주광역시 광산구 신가동,경상사고,0,0,1,0,차대사람 - 기타,신호위반,건조,맑음,단일로 - 기타,승용,여,24세,상해없음,보행자,여,42세,경상
2017091800100431,2017년 9월 18일 15시,월요일,광주광역시 광산구 신가동,경상사고,0,0,1,0,차대사람 - 횡단중,보행자보호의무위반,건조,맑음,교차로 - 교차로횡단보도내,이륜,기타불명,미분류,기타불명,보행자,여,65세,경상
2017091800100476,2017년 9월 18일 16시,월요일,광주광역시 광산구 본덕동,중상사고,0,1,0,0,차대차 - 측면충돌,차로위반,건조,맑음,단일로 - 기타,승용,남,23세,상해없음,승용,남,56세,중상
2017091800100586,2017년 9월 18일 18시,월요일,광주광역시 서구 쌍촌동,경상사고,0,0,3,0,차대차 - 추돌,안전운전불이행,건조,맑음,교차로 - 교차로안,승용,남,33세,상해없음,승용,남,24세,경상
2017091800100666,2017년 9월 18일 20시,월요일,광주광역시 남구 월산동,경상사고,0,0,1,0,차대사람 - 횡단중,보행자보호의무위반,건조,맑음,교차로 - 교차로횡단보도내,기타불명,기타불명,미분류,기타불명,보행자,남,55세,경상
2017091800100667,2017년 9월 18일 20시,월요일,광주광역시 광산구 소촌동,경상사고,0,0,1,0,차대차 - 측면충돌,안전운전불이행,건조,맑음,단일로 - 기타,승용,남,24세,상해없음,이륜,여,16세,경상
2017091800100698,2017년 9월 18일 21시,월요일,광주광역시 북구 중흥동,경상사고,0,0,1,0,차대사람 - 길가장자리구역통행중,안전운전불이행,건조,맑음,교차로 - 교차로안,승용,남,32세,상해없음,보행자,남,58세,경상
2017091800100699,2017년 9월 18일 21시,월요일,광주광역시 광산구 월곡동,경상사고,0,0,1,0,차대사람 - 횡단중,보행자보호의무위반,건조,맑음,교차로 - 교차로횡단보도내,승용,여,50세,상해없음,보행자,남,56세,경상
2017091800100724,2017년 9월 18일 22시,월요일,광주광역시 남구 월산동,경상사고,0,0,1,0,차대차 - 측면충돌,안전거리미확보,건조,맑음,단일로 - 기타,승용,남,51세,상해없음,승용,남,34세,경상
2017091800100725,2017년 9월 18일 22시,월요일,광주광역시 북구 삼각동,경상사고,0,0,1,0,차대사람 - 기타,안전운전불이행,건조,맑음,단일로 - 기타,승용,여,30세,상해없음,보행자,여,29세,경상
2017091800100741,2017년 9월 18일 23시,월요일,광주광역시 서구 농성동,경상사고,0,0,1,0,차대차 - 후진중충돌,안전운전불이행,건조,맑음,교차로 - 교차로부근,승합,남,59세,상해없음,승용,여,27세,경상
2017091900100038,2017년 9월 19일 01시,화요일,광주광역시 광산구 월계동,경상사고,0,0,1,0,차대차 - 측면충돌,신호위반,건조,맑음,교차로 - 교차로안,자전거,남,19세,경상,승용,남,47세,상해없음
2017091900100042,2017년 9월 19일 02시,화요일,광주광역시 동구 학동,중상사고,0,1,0,0,차대사람 - 기타,안전운전불이행,건조,맑음,기타 - 기타,화물,남,45세,상해없음,보행자,남,23세,중상
2017091900100164,2017년 9월 19일 08시,화요일,광주광역시 북구 생용동,사망사고,1,0,0,0,차대사람 - 횡단중,안전운전불이행,건조,맑음,교차로 - 교차로안,화물,남,42세,상해없음,보행자,여,67세,사망
2017091900100165,2017년 9월 19일 08시,화요일,광주광역시 북구 운암동,부상신고사고,0,0,0,1,차대사람 - 기타,안전운전불이행,건조,맑음,단일로 - 기타,원동기,기타불명,미분류,기타불명,보행자,여,43세,부상신고
2017091900100166,2017년 9월 19일 08시,화요일,광주광역시 광산구 소촌동,경상사고,0,0,1,0,차대차 - 추돌,안전운전불이행,건조,맑음,단일로 - 기타,승용,남,58세,상해없음,승용,남,32세,경상
2017091900100194,2017년 9월 19일 09시,화요일,광주광역시 동구 서석동,경상사고,0,0,1,0,차량단독 - 기타,기타,건조,맑음,단일로 - 기타,승합,남,59세,상해없음,,,,
2017091900100219,2017년 9월 19일 10시,화요일,광주광역시 남구 주월동,중상사고,0,1,0,0,차대사람 - 기타,안전운전불이행,건조,맑음,교차로 - 교차로안,승용,여,40세,상해없음,보행자,여,81세,중상
2017091900100304,2017년 9월 19일 14시,화요일,광주광역시 서구 벽진동,중상사고,0,1,0,0,차대차 - 기타,안전운전불이행,건조,맑음,단일로 - 기타,승용,남,58세,상해없음,자전거,남,72세,중상