사고번호,사고일시,요일,시군구,사고내용,사망자수,중상자수,경상자수,부상신고자수,사고유형,법규위반,노면상태,기상상태,도로형태,가해운전자 차종,가해운전자 성별,가해운전자 연령,가해운전자 상해정도,피해운전자 차종,피해운전자 성별,피해운전자 연령,피해운전자 상해정도
2017091900100305,2017년 9월 19일 14시,화요일,광주광역시 남구 월산동,경상사고,0,0,2,0,차대차 - 기타,교차로운행방법위반,건조,맑음,교차로 - 교차로안,승용,여,62세,상해없음,승용,남,37세,경상
2017091900100378,2017년 9월 19일 16시,화요일,광주광역시 서구 치평동,경상사고,0,0,1,0,차대차 - 측면충돌,신호위반,건조,맑음,단일로 - 기타,기타불명,기타불명,미분류,기타불명,자전거,남,16세,경상
2017091900100379,2017년 9월 19일 16시,화요일,광주광역시 북구 북동,경상사고,0,0,1,0,차대차 - 추돌,안전운전불이행,건조,맑음,교차로 - 교차로부근,승용,남,66세,상해없음,화물,남,39세,경상
2017091900100418,2017년 9월 19일 17시,화요일,광주광역시 광산구 신창동,경상사고,0,0,2,0,차대차 - 추돌,안전운전불이행,건조,맑음,교차로 - 교차로부근,승용,남,48세,상해없음,승용,여,21세,경상
2017091900100455,2017년 9월 19일 18시,화요일,광주광역시 서구 벽진동,경상사고,0,0,2,0,차대차 - 측면충돌,직진우회전진행방해,건조,맑음,교차로 - 교차로안,승용,여,24세,경상,화물,남,44세,경상
2017091900100518,2017년 9월 19일 20시,화요일,광주광역시 서구 치평동,부상신고사고,0,0,0,1,차대사람 - 기타,안전운전불이행,건조,맑음,교차로 - 교차로안,승용,여,49세,상해없음,보행자,남,37세,부상신고
2017091900100519,2017년 9월 19일 20시,화요일,광주광역시 북구 삼각동,경상사고,0,0,4,0,차대차 - 추돌,안전운전불이행,건조,맑음,단일로 - 기타,승용,남,49세,상해없음,승용,남,31세,경상
2017091900100564,2017년 9월 19일 21시,화요일,광주광역시 북구 운암동,중상사고,0,1,0,0,차대사람 - 횡단중,보행자보호의무위반,건조,맑음,교차로 - 교차로안,승용,남,24세,상해없음,보행자,남,42세,중상
2017091900100565,2017년 9월 19일 21시,화요일,광주광역시 광산구 월곡동,경상사고,0,0,1,0,차대차 - 기타,교차로운행방법위반,건조,맑음,교차로 - 교차로안,승용,남,51세,상해없음,자전거,남,8세,경상
2017091900100595,2017년 9월 19일 22시,화요일,광주광역시 광산구 운남동,경상사고,0,0,4,0,차대차 - 기타,안전운전불이행,건조,맑음,단일로 - 기타,승용,여,52세,상해없음,승용,남,23세,경상
2017091900100614,2017년 9월 19일 23시,화요일,광주광역시 남구 봉선동,경상사고,0,0,1,0,차대사람 - 기타,안전운전불이행,건조,맑음,단일로 - 기타,승용,남,73세,상해없음,보행자,여,22세,경상
2017092000100045,2017년 9월 20일 00시,수요일,광주광역시 광산구 우산동,경상사고,0,0,1,0,차대차 - 기타,중앙선침범,건조,맑음,단일로 - 기타,승용,여,39세,상해없음,승용,남,54세,경상
2017092000100185,2017년 9월 20일 08시,수요일,광주광역시 서구 화정동,부상신고사고,0,0,0,1,차량단독 - 기타,안전운전불이행,건조,맑음,단일로 - 기타,개인형이동수단(PM),남,42세,부상신고,,,,
2017092000100220,2017년 9월 20일 09시,수요일,광주광역시 남구 방림동,중상사고,0,1,0,0,차대사람 - 횡단중,안전운전불이행,건조,맑음,교차로 - 교차로횡단보도내,승용,여,39세,상해없음,보행자,남,86세,중상
2017092000100287,2017년 9월 20일 11시,수요일,광주광역시 동구 학동,경상사고,0,0,2,0,차대차 - 측면충돌,안전거리미확보,건조,맑음,교차로 - 교차로안,승용,여,68세,상해없음,승용,남,33세,경상
2017092000100288,2017년 9월 20일 11시,수요일,광주광역시 서구 화정동,경상사고,0,0,1,0,차대차 - 추돌,안전운전불이행,건조,맑음,교차로 - 교차로부근,승용,남,59세,상해없음,승용,남,50세,경상
2017092000100289,2017년 9월 20일 11시,수요일,광주광역시 광산구 월전동,경상사고,0,0,1,0,차대차 - 후진중충돌,안전운전불이행,건조,맑음,교차로 - 교차로부근,승용,남,50세,상해없음,승용,남,24세,경상
2017092000100327,2017년 9월 20일 12시,수요일,광주광역시 북구 문흥동,경상사고,0,0,1,0,차대차 - 측면충돌,안전거리미확보,건조,맑음,단일로 - 기타,승용,남,68세,상해없음,승용,남,28세,경상
2017092000100359,2017년 9월 20일 13시,수요일,광주광역시 서구 쌍촌동,경상사고,0,0,3,0,차대차 - 기타,안전운전불이행,건조,맑음,교차로 - 교차로안,승용,여,50세,상해없음,승용,남,26세,경상
2017092000100399,2017년 9월 20일 14시,수요일,광주광역시 서구 쌍촌동,경상사고,0,0,1,0,차대차 - 측면충돌,안전거리미확보,건조,맑음,교차로 - 교차로안,승용,여,46세,상해없음,이륜,남,41세,경상
2017092000100468,2017년 9월 20일 16시,수요일,광주광역시 남구 송하동,경상사고,0,0,6,0,차대차 - 측면충돌,신호위반,건조,맑음,교차로 - 교차로안,승용,남,30세,상해없음,승용,여,35세,경상
2017092000100469,2017년 9월 20일 16시,수요일,광주광역시 북구 운암동,경상사고,0,0,1,0,차대사람 - 횡단중,안전운전불이행,건조,맑음,단일로 - 기타,승용,남,58세,상해없음,보행자,여,7세,경상
2017092000100470,2017년 9월 20일 16시,수요일,광주광역시 광산구 신가동,중상사고,0,1,0,0,차대사람 - 보도통행중,보행자보호의무위반,건조,맑음,교차로 - 교차로횡단보도내,화물,남,65세,상해없음,보행자,여,49세,중상
2017092000100524,2017년 9월 20일 17시,수요일,광주광역시 북구 용봉동,경상사고,0,0,1,0,차대차 - 추돌,안전운전불이행,건조,맑음,단일로 - 기타,화물,남,59세,상해없음,승용,여,37세,경상
2017092000100569,2017년 9월 20일 18시,수요일,광주광역시 북구 동림동,경상사고,0,0,3,0,차대차 - 기타,안전운전불이행,건조,맑음,단일로 - 기타,승용,남,79세,상해없음,승용,남,31세,경상
2017092000100590,2017년 9월 20일 18시,수요일,광주광역시 남구 주월동,경상사고,0,0,1,0,차대차 - 측면충돌,안전거리미확보,건조,맑음,단일로 - 기타,화물,남,53세,기타불명,승용,남,35세,경상
2017092000100591,2017년 9월 20일 18시,수요일,광주광역시 북구 용두동,경상사고,0,0,2,0,차대차 - 추돌,안전운전불이행,건조,맑음,단일로 - 기타,승합,남,65세,상해없음,승용,남,25세,경상
2017092000100592,2017년 9월 20일 18시,수요일,광주광역시 북구 연제동,경상사고,0,0,4,0,차대차 - 추돌,안전거리미확보,건조,맑음,단일로 - 기타,화물,남,62세,상해없음,승용,여,48세,경상
2017092000100593,2017년 9월 20일 18시,수요일,광주광역시 광산구 산정동,경상사고,0,0,1,0,차대차 - 측면충돌,직진우회전진행방해,건조,맑음,교차로 - 교차로안,화물,남,37세,상해없음,승용,남,35세,경상
2017092000100594,2017년 9월 20일 18시,수요일,광주광역시 광산구 쌍암동,경상사고,0,0,1,0,차대차 - 측면충돌,안전운전불이행,건조,맑음,교차로 - 교차로횡단보도내,승용,남,33세,상해없음,자전거,남,11세,경상
2017092000100705,2017년 9월 20일 21시,수요일,광주광역시 남구 송하동,경상사고,0,0,1,0,차대차 - 측면충돌,안전거리미확보,건조,맑음,단일로 - 기타,승용,남,45세,상해없음,승용,남,36세,경상
2017092000100706,2017년 9월 20일 21시,수요일,광주광역시 북구 장등동,경상사고,0,0,2,0,차대차 - 추돌,신호위반,건조,맑음,교차로 - 교차로안,승합,남,60세,상해없음,승합,남,60세,경상
2017092000100707,2017년 9월 20일 21시,수요일,광주광역시 광산구 수완동,경상사고,0,0,1,0,차대차 - 측면충돌,안전운전불이행,건조,맑음,기타 - 기타,승용,남,58세,상해없음,자전거,남,19세,경상
2017092000100735,2017년 9월 20일 22시,수요일,광주광역시 북구 중흥동,부상신고사고,0,0,0,1,차대차 - 측면충돌,기타,건조,맑음,단일로 - 기타,이륜,남,25세,부상신고,승용,남,26세,상해없음
2017092000100767,2017년 9월 20일 23시,수요일,광주광역시 광산구 우산동,경상사고,0,0,1,0,차대사람 - 기타,안전운전불이행,젖음/습기,흐림,단일로 - 기타,승용,남,43세,상해없음,보행자,여,45세,경상
2017092100100035,2017년 9월 21일 00시,목요일,광주광역시 북구 중흥동,중상사고,0,1,2,0,차대차 - 측면충돌,신호위반,건조,맑음,교차로 - 교차로안,승용,남,32세,상해없음,승용,남,46세,중상
2017092100100046,2017년 9월 21일 01시,목요일,광주광역시 서구 화정동,중상사고,0,1,0,0,차대사람 - 차도통행중,안전운전불이행,건조,흐림,단일로 - 기타,승용,여,39세,상해없음,보행자,남,27세,중상
2017092100100056,2017년 9월 21일 02시,목요일,광주광역시 광산구 우산동,사망사고,2,0,0,0,차대사람 - 횡단중,안전운전불이행,건조,맑음,기타 - 기타,승용,남,25세,기타불명,보행자,여,38세,사망
2017092100100092,2017년 9월 21일 06시,목요일,광주광역시 북구 청풍동,경상사고,0,0,1,0,차량단독 - 공작물충돌,안전운전불이행,건조,맑음,교차로 - 교차로안,승용,남,19세,상해없음,,,,
2017092100100163,2017년 9월 21일 08시,목요일,광주광역시 남구 봉선동,경상사고,0,0,1,0,차대차 - 측면충돌,안전운전불이행,건조,맑음,교차로 - 교차로안,승용,여,47세,상해없음,승용,여,48세,경상
2017092100100164,2017년 9월 21일 08시,목요일,광주광역시 북구 각화동,경상사고,0,0,1,0,차대차 - 측면충돌,안전거리미확보,건조,맑음,단일로 - 기타,화물,남,24세,상해없음,승용,남,38세,경상
2017092100100203,2017년 9월 21일 09시,목요일,광주광역시 남구 주월동,중상사고,0,1,0,0,차대사람 - 기타,안전운전불이행,건조,맑음,단일로 - 기타,승용,여,56세,상해없음,보행자,여,77세,중상
2017092100100241,2017년 9월 21일 10시,목요일,광주광역시 동구 서석동,경상사고,0,0,2,0,차대차 - 기타,교차로운행방법위반,건조,맑음,교차로 - 교차로안,승용,여,58세,상해없음,승용,여,34세,경상
2017092100100242,2017년 9월 21일 10시,목요일,광주광역시 북구 용봉동,경상사고,0,0,1,0,차대사람 - 길가장자리구역통행중,안전운전불이행,건조,맑음,단일로 - 기타,승용,남,46세,기타불명,보행자,여,23세,경상
2017092100100340,2017년 9월 21일 13시,목요일,광주광역시 북구 대촌동,경상사고,0,0,2,0,차대차 - 측면충돌,신호위반,건조,맑음,교차로 - 교차로안,화물,남,41세,경상,승용,여,35세,경상
2017092100100390,2017년 9월 21일 14시,목요일,광주광역시 남구 방림동,경상사고,0,0,1,0,차대사람 - 기타,안전운전불이행,건조,맑음,단일로 - 기타,승용,남,51세,상해없음,보행자,남,65세,경상
2017092100100506,2017년 9월 21일 17시,목요일,광주광역시 북구 양산동,경상사고,0,0,1,0,차대차 - 기타,신호위반,건조,맑음,교차로 - 교차로안,승용,여,43세,상해없음,승용,남,60세,경상
2017092100100507,2017년 9월 21일 17시,목요일,광주광역시 광산구 수완동,경상사고,0,0,1,0,차대사람 - 기타,안전운전불이행,건조,맑음,기타 - 기타,승합,남,62세,상해없음,보행자,여,58세,경상
2017092100100508,2017년 9월 21일 17시,목요일,광주광역시 광산구 소촌동,경상사고,0,0,6,1,차대차 - 추돌,안전거리미확보,건조,맑음,단일로 - 기타,승합,남,64세,상해없음,승용,남,26세,경상
2017092100100509,2017년 9월 21일 17시,목요일,광주광역시 광산구 소촌동,경상사고,0,0,1,0,차대차 - 측면충돌,안전운전불이행,건조,맑음,교차로 - 교차로부근,승용,남,83세,상해없음,승용,여,49세,경상
2017092100100510,2017년 9월 21일 17시,목요일,광주광역시 광산구 쌍암동,경상사고,0,0,1,0,차대차 - 추돌,안전운전불이행,건조,맑음,단일로 - 기타,승용,여,41세,상해없음,승용,여,37세,경상
2017092100100639,2017년 9월 21일 20시,목요일,광주광역시 북구 중흥동,경상사고,0,0,1,0,차대차 - 기타,안전운전불이행,건조,맑음,단일로 - 기타,승용,남,59세,상해없음,이륜,남,26세,경상
2017092100100640,2017년 9월 21일 20시,목요일,광주광역시 북구 운암동,경상사고,0,0,2,0,차대차 - 추돌,안전운전불이행,건조,맑음,단일로 - 기타,승용,남,45세,경상,승용,남,19세,상해없음
2017092100100696,2017년 9월 21일 22시,목요일,광주광역시 북구 운암동,경상사고,0,0,1,0,차대차 - 추돌,안전운전불이행,건조,맑음,단일로 - 기타,승용,남,24세,상해없음,이륜,남,49세,경상
2017092100100697,2017년 9월 21일 22시,목요일,광주광역시 광산구 선암동,경상사고,0,0,1,0,차대차 - 기타,안전운전불이행,건조,맑음,단일로 - 기타,승용,남,67세,상해없음,승용,여,27세,경상
2017092200100119,2017년 9월 22일 06시,금요일,광주광역시 광산구 운남동,사망사고,1,0,0,0,차대사람 - 횡단중,신호위반,건조,맑음,교차로 - 교차로부근,승합,남,59세,상해없음,보행자,남,85세,사망
2017092200100188,2017년 9월 22일 08시,금요일,광주광역시 북구 신안동,경상사고,0,0,1,0,차대차 - 측면충돌,안전운전불이행,건조,맑음,교차로 - 교차로부근,자전거,남,42세,경상,승용,여,30세,상해없음
2017092200100189,2017년 9월 22일 08시,금요일,광주광역시 북구 일곡동,경상사고,0,0,1,0,차대차 - 추돌,안전거리미확보,건조,맑음,교차로 - 교차로부근,승용,여,32세,상해없음,승용,여,25세,경상
2017092200100190,2017년 9월 22일 08시,금요일,광주광역시 광산구 월계동,경상사고,0,0,1,0,차대차 - 측면충돌,안전거리미확보,건조,맑음,교차로 - 교차로안,승용,남,47세,상해없음,이륜,남,24세,경상
2017092200100227,2017년 9월 22일 09시,금요일,광주광역시 동구 내남동,경상사고,0,0,2,0,차대차 - 추돌,안전운전불이행,건조,맑음,교차로 - 교차로부근,승용,남,61세,상해없음,승용,남,26세,경상
2017092200100228,2017년 9월 22일 09시,금요일,광주광역시 동구 계림동,경상사고,0,0,1,0,차대차 - 측면충돌,교차로운행방법위반,건조,맑음,교차로 - 교차로안,화물,남,37세,상해없음,승용,남,29세,경상
2017092200100229,2017년 9월 22일 09시,금요일,광주광역시 서구 유촌동,경상사고,0,0,3,0,차대차 - 추돌,안전운전불이행,건조,맑음,단일로 - 기타,화물,남,48세,상해없음,화물,남,46세,경상
2017092200100259,2017년 9월 22일 10시,금요일,광주광역시 북구 동림동,부상신고사고,0,0,0,1,차대차 - 측면충돌,안전운전불이행,건조,맑음,단일로 - 기타,자전거,남,39세,부상신고,승용,여,59세,상해없음
2017092200100315,2017년 9월 22일 12시,금요일,광주광역시 동구 지산동,경상사고,0,0,3,0,차대차 - 기타,중앙선침범,건조,맑음,단일로 - 기타,승용,여,32세,경상,승용,남,42세,경상
2017092200100316,2017년 9월 22일 12시,금요일,광주광역시 서구 치평동,경상사고,0,0,1,0,차대차 - 기타,안전운전불이행,건조,맑음,단일로 - 교량,승용,남,43세,상해없음,화물,남,44세,상해없음
2017092200100343,2017년 9월 22일 13시,금요일,광주광역시 광산구 수완동,경상사고,0,0,3,0,차대차 - 추돌,안전운전불이행,건조,맑음,단일로 - 기타,승용,남,35세,경상,승용,여,32세,경상
2017092200100375,2017년 9월 22일 14시,금요일,광주광역시 북구 연제동,경상사고,0,0,4,0,차대차 - 측면충돌,안전운전불이행,건조,맑음,단일로 - 기타,승용,남,26세,경상,화물,남,49세,경상
2017092200100528,2017년 9월 22일 17시,금요일,광주광역시 동구 계림동,경상사고,0,0,1,0,차대사람 - 길가장자리구역통행중,안전운전불이행,건조,맑음,단일로 - 기타,이륜,남,57세,상해없음,보행자,남,50세,경상
2017092200100529,2017년 9월 22일 17시,금요일,광주광역시 서구 유촌동,중상사고,0,1,1,0,차대차 - 측면충돌,신호위반,건조,맑음,교차로 - 교차로안,화물,남,64세,상해없음,승합,남,41세,중상
2017092200100530,2017년 9월 22일 17시,금요일,광주광역시 광산구 월계동,경상사고,0,0,1,0,차대사람 - 차도통행중,안전운전불이행,건조,맑음,기타 - 기타,승용,남,59세,상해없음,보행자,여,28세,경상
2017092200100578,2017년 9월 22일 18시,금요일,광주광역시 남구 월산동,중상사고,0,1,2,0,차대차 - 측면충돌,신호위반,건조,맑음,교차로 - 교차로부근,원동기,남,63세,중상,승용,남,68세,경상
2017092200100579,2017년 9월 22일 18시,금요일,광주광역시 북구 용봉동,경상사고,0,0,1,0,차대사람 - 기타,안전운전불이행,건조,맑음,기타 - 기타,승용,남,55세,기타불명,보행자,여,16세,경상
2017092200100632,2017년 9월 22일 19시,금요일,광주광역시 남구 송하동,사망사고,1,0,0,0,차대사람 - 횡단중,과속,건조,맑음,단일로 - 기타,승합,남,65세,상해없음,보행자,여,84세,사망
2017092200100674,2017년 9월 22일 20시,금요일,광주광역시 북구 누문동,경상사고,0,0,1,0,차대사람 - 차도통행중,안전운전불이행,건조,맑음,단일로 - 기타,승용,남,58세,상해없음,보행자,남,52세,경상
2017092200100703,2017년 9월 22일 21시,금요일,광주광역시 서구 동천동,경상사고,0,0,1,0,차대차 - 추돌,안전운전불이행,건조,맑음,단일로 - 기타,승용,남,33세,상해없음,승용,남,55세,경상
2017092200100704,2017년 9월 22일 21시,금요일,광주광역시 북구 누문동,중상사고,0,1,0,0,차대차 - 기타,안전운전불이행,건조,맑음,단일로 - 기타,승용,남,63세,중상,승용,남,58세,기타불명
2017092200100705,2017년 9월 22일 21시,금요일,광주광역시 광산구 산정동,경상사고,0,0,4,0,차대차 - 추돌,안전운전불이행,건조,맑음,교차로 - 교차로부근,승용,남,59세,상해없음,승용,남,26세,경상
2017092200100755,2017년 9월 22일 22시,금요일,광주광역시 북구 운암동,경상사고,0,0,1,0,차대차 - 측면충돌,신호위반,건조,맑음,교차로 - 교차로부근,자전거,남,9세,경상,승용,남,29세,상해없음
2017092200100781,2017년 9월 22일 23시,금요일,광주광역시 광산구 산정동,경상사고,0,0,2,0,차대차 - 측면충돌,안전운전불이행,건조,맑음,교차로 - 교차로안,이륜,남,17세,경상,승용,남,70세,경상
2017092300100047,2017년 9월 23일 00시,토요일,광주광역시 광산구 월계동,경상사고,0,0,2,0,차대차 - 측면충돌,신호위반,건조,맑음,교차로 - 교차로안,승용,남,44세,상해없음,이륜,남,22세,경상
2017092300100057,2017년 9월 23일 01시,토요일,광주광역시 광산구 용곡동,경상사고,0,0,1,0,차대차 - 추돌,안전운전불이행,건조,맑음,단일로 - 기타,승용,남,24세,상해없음,승용,남,42세,경상
2017092300100060,2017년 9월 23일 01시,토요일,광주광역시 광산구 월계동,경상사고,0,0,1,0,차대차 - 측면충돌,신호위반,건조,맑음,교차로 - 교차로안,이륜,남,19세,경상,승용,남,46세,상해없음
2017092300100126,2017년 9월 23일 06시,토요일,광주광역시 남구 양림동,경상사고,0,0,1,0,차대차 - 측면충돌,신호위반,건조,맑음,교차로 - 교차로안,승용,남,45세,상해없음,승용,남,71세,경상
2017092300100127,2017년 9월 23일 06시,토요일,광주광역시 북구 삼각동,경상사고,0,0,5,0,차대차 - 추돌,안전운전불이행,건조,맑음,교차로 - 교차로안,승용,남,39세,상해없음,승합,여,53세,경상
2017092300100162,2017년 9월 23일 08시,토요일,광주광역시 광산구 쌍암동,사망사고,1,0,0,0,차량단독 - 기타,안전운전불이행,건조,맑음,기타 - 기타,자전거,남,25세,사망,,,,
2017092300100189,2017년 9월 23일 09시,토요일,광주광역시 광산구 우산동,중상사고,0,1,0,0,차대차 - 기타,안전운전불이행,건조,맑음,교차로 - 교차로안,자전거,여,50세,상해없음,자전거,여,79세,중상
2017092300100190,2017년 9월 23일 09시,토요일,광주광역시 광산구 수완동,경상사고,0,0,1,0,차대차 - 측면충돌,차로위반,건조,맑음,교차로 - 교차로부근,승용,여,52세,상해없음,승용,남,31세,경상
2017092300100221,2017년 9월 23일 10시,토요일,광주광역시 서구 치평동,부상신고사고,0,0,0,1,차대차 - 추돌,안전운전불이행,건조,맑음,단일로 - 기타,이륜,남,42세,부상신고,승용,여,46세,상해없음
2017092300100222,2017년 9월 23일 10시,토요일,광주광역시 서구 매월동,경상사고,0,0,1,0,차대차 - 측면충돌,신호위반,건조,맑음,교차로 - 교차로안,승용,여,41세,상해없음,승용,남,33세,경상
2017092300100256,2017년 9월 23일 11시,토요일,광주광역시 서구 쌍촌동,경상사고,0,0,1,0,차대차 - 측면충돌,안전운전불이행,건조,맑음,교차로 - 교차로안,승용,남,22세,상해없음,승용,남,63세,상해없음
2017092300100257,2017년 9월 23일 11시,토요일,광주광역시 광산구 하남동,경상사고,0,0,2,0,차대차 - 기타,안전운전불이행,건조,맑음,교차로 - 교차로부근,승용,남,60세,상해없음,이륜,남,43세,경상
2017092300100312,2017년 9월 23일 12시,토요일,광주광역시 남구 백운동,중상사고,0,1,0,0,차대차 - 측면충돌,신호위반,건조,맑음,교차로 - 교차로안,승용,남,51세,기타불명,승용,남,60세,중상
2017092300100448,2017년 9월 23일 15시,토요일,광주광역시 북구 누문동,경상사고,0,0,4,0,차대차 - 추돌,안전운전불이행,건조,맑음,단일로 - 기타,승용,남,56세,상해없음,승용,남,34세,경상
2017092300100519,2017년 9월 23일 17시,토요일,광주광역시 북구 우산동,경상사고,0,0,3,0,차대차 - 측면충돌,중앙선침범,건조,맑음,단일로 - 기타,화물,남,73세,상해없음,원동기,남,17세,경상
2017092300100520,2017년 9월 23일 17시,토요일,광주광역시 북구 월출동,중상사고,0,1,1,0,차대차 - 추돌,안전거리미확보,건조,맑음,단일로 - 기타,특수,남,48세,중상,화물,남,37세,경상
2017092300100521,2017년 9월 23일 17시,토요일,광주광역시 광산구 도산동,경상사고,0,0,1,0,차대차 - 측면충돌,안전운전불이행,건조,맑음,단일로 - 기타,승용,남,19세,상해없음,자전거,남,10세,경상
2017092300100573,2017년 9월 23일 18시,토요일,광주광역시 서구 광천동,경상사고,0,0,2,0,차대차 - 추돌,안전운전불이행,건조,맑음,단일로 - 기타,승용,남,19세,상해없음,승용,남,33세,경상
2017092300100574,2017년 9월 23일 18시,토요일,광주광역시 북구 운암동,부상신고사고,0,0,0,1,차대사람 - 기타,안전운전불이행,건조,흐림,단일로 - 기타,기타불명,기타불명,미분류,기타불명,보행자,남,10세,부상신고
2017092300100575,2017년 9월 23일 18시,토요일,광주광역시 북구 망월동,경상사고,0,0,2,0,차대차 - 추돌,안전운전불이행,건조,맑음,단일로 - 기타,화물,남,74세,상해없음,승용,남,49세,경상
2017092300100669,2017년 9월 23일 20시,토요일,광주광역시 북구 운암동,경상사고,0,0,3,0,차대차 - 측면충돌,중앙선침범,건조,맑음,단일로 - 기타,승용,남,20세,상해없음,승합,남,65세,상해없음
2017092300100670,2017년 9월 23일 20시,토요일,광주광역시 북구 풍향동,경상사고,0,0,1,0,차대차 - 측면충돌,안전운전불이행,건조,맑음,교차로 - 교차로부근,승용,남,45세,상해없음,원동기,남,25세,경상
2017092300100702,2017년 9월 23일 21시,토요일,광주광역시 서구 농성동,경상사고,0,0,1,0,차대차 - 측면충돌,차로위반,건조,맑음,단일로 - 기타,승용,남,56세,상해없음,이륜,남,23세,경상
2017092300100703,2017년 9월 23일 21시,토요일,광주광역시 광산구 월곡동,경상사고,0,0,2,0,차대사람 - 보도통행중,기타,건조,맑음,기타 - 기타,개인형이동수단(PM),남,21세,상해없음,보행자,남,45세,경상
2017092300100730,2017년 9월 23일 22시,토요일,광주광역시 북구 용봉동,경상사고,0,0,1,0,차대사람 - 횡단중,안전운전불이행,건조,맑음,단일로 - 기타,승용,여,28세,상해없음,보행자,남,36세,경상
2017092400100159,2017년 9월 24일 09시,일요일,광주광역시 서구 금호동,경상사고,0,0,1,0,차대사람 - 기타,안전운전불이행,건조,맑음,단일로 - 기타,승용,남,51세,상해없음,보행자,여,14세,경상
2017092400100189,2017년 9월 24일 10시,일요일,광주광역시 북구 용봉동,경상사고,0,0,1,0,차대사람 - 횡단중,안전운전불이행,건조,맑음,교차로 - 교차로횡단보도내,이륜,남,22세,기타불명,보행자,여,59세,경상
2017092400100190,2017년 9월 24일 10시,일요일,광주광역시 북구 중흥동,중상사고,0,1,3,0,차대차 - 측면충돌,신호위반,건조,맑음,교차로 - 교차로안,승용,여,28세,상해없음,승용,여,67세,중상
2017092400100272,2017년 9월 24일 13시,일요일,광주광역시 북구 문흥동,부상신고사고,0,0,0,1,차대사람 - 기타,안전운전불이행,건조,맑음,단일로 - 기타,기타불명,기타불명,미분류,기타불명,보행자,남,50세,부상신고
2017092400100306,2017년 9월 24일 14시,일요일,광주광역시 서구 광천동,경상사고,0,0,3,0,차대차 - 측면충돌,중앙선침범,건조,맑음,단일로 - 기타,이륜,남,77세,경상,승용,여,75세,경상
2017092400100307,2017년 9월 24일 14시,일요일,광주광역시 광산구 쌍암동,경상사고,0,0,1,0,차대차 - 측면충돌,안전거리미확보,건조,맑음,단일로 - 기타,기타불명,기타불명,미분류,기타불명,자전거,남,14세,경상
2017092400100379,2017년 9월 24일 16시,일요일,광주광역시 서구 서창동,경상사고,0,0,1,0,차대차 - 측면충돌,교차로운행방법위반,건조,맑음,교차로 - 교차로안,승용,여,31세,상해없음,승용,남,43세,경상
2017092400100380,2017년 9월 24일 16시,일요일,광주광역시 남구 방림동,경상사고,0,0,3,0,차대차 - 측면충돌,교차로운행방법위반,건조,맑음,교차로 - 교차로안,승용,남,26세,경상,승용,여,54세,경상
2017092400100408,2017년 9월 24일 17시,일요일,광주광역시 광산구 소촌동,경상사고,0,0,1,0,차대차 - 기타,안전거리미확보,건조,맑음,단일로 - 기타,기타불명,기타불명,미분류,기타불명,승합,남,34세,경상
2017092400100528,2017년 9월 24일 21시,일요일,광주광역시 광산구 수완동,중상사고,0,1,0,0,차대사람 - 기타,보행자보호의무위반,건조,맑음,교차로 - 교차로횡단보도내,화물,남,39세,상해없음,보행자,남,39세,중상
2017092400100529,2017년 9월 24일 21시,일요일,광주광역시 광산구 흑석동,경상사고,0,0,2,0,차대차 - 측면충돌,안전운전불이행,건조,맑음,교차로 - 교차로안,승용,남,55세,상해없음,승용,남,31세,상해없음
2017092400100558,2017년 9월 24일 23시,일요일,광주광역시 광산구 월계동,경상사고,0,0,5,0,차대차 - 측면충돌,교차로운행방법위반,건조,맑음,교차로 - 교차로안,승용,남,24세,상해없음,승용,남,49세,경상
2017092500100049,2017년 9월 25일 02시,월요일,광주광역시 서구 마륵동,경상사고,0,0,1,0,차대차 - 추돌,안전운전불이행,건조,맑음,단일로 - 기타,승용,남,24세,상해없음,승합,남,42세,경상
2017092500100151,2017년 9월 25일 08시,월요일,광주광역시 서구 풍암동,경상사고,0,0,2,0,차대차 - 측면충돌,안전운전불이행,건조,맑음,교차로 - 교차로안,승용,여,50세,상해없음,승용,여,55세,경상
2017092500100266,2017년 9월 25일 11시,월요일,광주광역시 서구 치평동,경상사고,0,0,3,0,차대차 - 측면충돌,안전운전불이행,건조,맑음,단일로 - 기타,승용,남,54세,상해없음,승용,여,41세,경상
2017092500100267,2017년 9월 25일 11시,월요일,광주광역시 서구 치평동,경상사고,0,0,1,0,차대차 - 측면충돌,안전거리미확보,건조,맑음,단일로 - 기타,승용,여,57세,상해없음,이륜,남,57세,경상
2017092500100295,2017년 9월 25일 12시,월요일,광주광역시 북구 금곡동,부상신고사고,0,0,0,1,차량단독 - 기타,안전운전불이행,건조,맑음,기타 - 기타,승합,남,69세,상해없음,,,,
2017092500100296,2017년 9월 25일 12시,월요일,광주광역시 광산구 신창동,부상신고사고,0,0,0,1,차대차 - 측면충돌,안전운전불이행,건조,맑음,단일로 - 기타,승용,여,42세,상해없음,이륜,남,18세,부상신고
2017092500100320,2017년 9월 25일 13시,월요일,광주광역시 서구 덕흥동,경상사고,0,0,1,0,차대차 - 추돌,중앙선침범,건조,맑음,단일로 - 교량,화물,남,60세,상해없음,화물,남,54세,경상