사고번호,사고일시,요일,시군구,사고내용,사망자수,중상자수,경상자수,부상신고자수,사고유형,법규위반,노면상태,기상상태,도로형태,가해운전자 차종,가해운전자 성별,가해운전자 연령,가해운전자 상해정도,피해운전자 차종,피해운전자 성별,피해운전자 연령,피해운전자 상해정도
2017101300100240,2017년 10월 13일 10시,금요일,광주광역시 광산구 신가동,중상사고,0,1,2,0,차대차 - 추돌,안전운전불이행,건조,맑음,교차로 - 교차로부근,승용,여,54세,중상,승용,남,45세,경상
2017101300100270,2017년 10월 13일 11시,금요일,광주광역시 서구 치평동,경상사고,0,0,1,0,차대차 - 측면충돌,안전거리미확보,건조,맑음,교차로 - 교차로부근,승용,여,41세,상해없음,승용,여,26세,경상
2017101300100298,2017년 10월 13일 12시,금요일,광주광역시 북구 용봉동,경상사고,0,0,1,0,차대차 - 기타,안전운전불이행,건조,맑음,단일로 - 기타,승용,남,24세,상해없음,승용,남,19세,경상
2017101300100326,2017년 10월 13일 13시,금요일,광주광역시 북구 신용동,경상사고,0,0,3,0,차대차 - 측면충돌,안전운전불이행,건조,맑음,교차로 - 교차로부근,승용,여,36세,상해없음,화물,남,34세,경상
2017101300100327,2017년 10월 13일 13시,금요일,광주광역시 광산구 소촌동,중상사고,0,1,0,0,차대차 - 측면충돌,안전운전불이행,건조,맑음,교차로 - 교차로부근,화물,남,27세,상해없음,자전거,여,70세,중상
2017101300100328,2017년 10월 13일 13시,금요일,광주광역시 광산구 우산동,경상사고,0,0,2,0,차대차 - 측면충돌,안전운전불이행,건조,맑음,단일로 - 기타,승용,남,24세,상해없음,승용,남,35세,상해없음
2017101300100363,2017년 10월 13일 14시,금요일,광주광역시 동구 선교동,경상사고,0,0,1,0,차대차 - 추돌,안전거리미확보,건조,맑음,단일로 - 터널,승용,남,70세,상해없음,화물,남,53세,경상
2017101300100364,2017년 10월 13일 14시,금요일,광주광역시 동구 소태동,경상사고,0,0,1,0,차대차 - 후진중충돌,안전운전불이행,건조,맑음,기타 - 기타,화물,남,54세,상해없음,자전거,남,43세,경상
2017101300100365,2017년 10월 13일 14시,금요일,광주광역시 서구 서창동,경상사고,0,0,2,0,차대차 - 측면충돌,안전운전불이행,건조,맑음,교차로 - 교차로안,건설기계,남,42세,상해없음,승용,남,58세,경상
2017101300100406,2017년 10월 13일 15시,금요일,광주광역시 북구 장등동,경상사고,0,0,2,0,차대차 - 기타,중앙선침범,건조,맑음,단일로 - 기타,승용,남,24세,경상,승용,남,25세,경상
2017101300100449,2017년 10월 13일 16시,금요일,광주광역시 광산구 신창동,경상사고,0,0,1,0,차대사람 - 기타,안전운전불이행,건조,맑음,단일로 - 기타,화물,남,59세,상해없음,보행자,남,75세,경상
2017101300100495,2017년 10월 13일 17시,금요일,광주광역시 서구 매월동,경상사고,0,0,1,0,차대차 - 추돌,안전거리미확보,건조,맑음,교차로 - 교차로부근,승용,남,31세,상해없음,승용,여,49세,경상
2017101300100496,2017년 10월 13일 17시,금요일,광주광역시 남구 주월동,경상사고,0,0,1,0,차대차 - 측면충돌,안전운전불이행,건조,맑음,단일로 - 기타,승용,남,62세,상해없음,승용,여,33세,경상
2017101300100497,2017년 10월 13일 17시,금요일,광주광역시 북구 운암동,경상사고,0,0,1,0,차대차 - 기타,안전거리미확보,건조,맑음,단일로 - 기타,승용,남,25세,상해없음,승합,남,39세,상해없음
2017101300100498,2017년 10월 13일 17시,금요일,광주광역시 광산구 도천동,중상사고,0,1,0,0,차대차 - 측면충돌,신호위반,건조,맑음,교차로 - 교차로부근,화물,남,53세,상해없음,승용,남,60세,중상
2017101300100602,2017년 10월 13일 19시,금요일,광주광역시 동구 학동,경상사고,0,0,1,0,차대사람 - 기타,안전운전불이행,건조,맑음,단일로 - 기타,승합,남,58세,상해없음,보행자,남,77세,경상
2017101300100603,2017년 10월 13일 19시,금요일,광주광역시 동구 용산동,경상사고,0,0,1,0,차대차 - 기타,중앙선침범,건조,맑음,단일로 - 기타,승용,여,26세,상해없음,이륜,남,18세,경상
2017101300100604,2017년 10월 13일 19시,금요일,광주광역시 서구 농성동,경상사고,0,0,1,0,차대차 - 추돌,안전거리미확보,건조,맑음,교차로 - 교차로부근,승용,여,54세,상해없음,승용,남,54세,상해없음
2017101300100605,2017년 10월 13일 19시,금요일,광주광역시 서구 화정동,경상사고,0,0,2,0,차대차 - 추돌,안전운전불이행,건조,맑음,교차로 - 교차로안,승용,남,59세,상해없음,승용,남,29세,경상
2017101300100606,2017년 10월 13일 19시,금요일,광주광역시 광산구 흑석동,중상사고,0,1,0,0,차대차 - 측면충돌,불법유턴,건조,맑음,단일로 - 기타,승용,남,47세,상해없음,승용,남,33세,중상
2017101300100634,2017년 10월 13일 20시,금요일,광주광역시 서구 광천동,경상사고,0,0,4,0,차대차 - 측면충돌,안전운전불이행,건조,맑음,단일로 - 기타,승용,남,52세,경상,승용,남,78세,경상
2017101300100635,2017년 10월 13일 20시,금요일,광주광역시 북구 용두동,경상사고,0,0,1,0,차대차 - 기타,안전운전불이행,건조,맑음,교차로 - 교차로부근,자전거,남,58세,경상,승용,남,29세,상해없음
2017101300100657,2017년 10월 13일 21시,금요일,광주광역시 서구 금호동,경상사고,0,0,1,0,차대차 - 측면충돌,안전운전불이행,건조,맑음,교차로 - 교차로부근,승용,여,55세,상해없음,승용,남,45세,경상
2017101300100658,2017년 10월 13일 21시,금요일,광주광역시 광산구 신창동,경상사고,0,0,1,0,차대차 - 측면충돌,안전운전불이행,건조,맑음,단일로 - 기타,승용,여,61세,상해없음,원동기,남,18세,경상
2017101300100686,2017년 10월 13일 22시,금요일,광주광역시 서구 금호동,경상사고,0,0,1,0,차대차 - 기타,안전운전불이행,건조,맑음,단일로 - 기타,승용,여,50세,상해없음,승용,남,48세,경상
2017101300100687,2017년 10월 13일 22시,금요일,광주광역시 북구 매곡동,경상사고,0,0,1,0,차대사람 - 차도통행중,안전운전불이행,건조,맑음,단일로 - 기타,이륜,남,18세,상해없음,보행자,남,18세,경상
2017101300100688,2017년 10월 13일 22시,금요일,광주광역시 북구 문흥동,경상사고,0,0,1,0,차대차 - 기타,중앙선침범,건조,맑음,단일로 - 기타,승용,남,47세,상해없음,원동기,남,50세,경상
2017101300100689,2017년 10월 13일 22시,금요일,광주광역시 북구 오치동,경상사고,0,0,1,0,차대차 - 측면충돌,신호위반,건조,맑음,교차로 - 교차로안,승용,여,60세,상해없음,승용,남,31세,경상
2017101400100032,2017년 10월 14일 00시,토요일,광주광역시 서구 금호동,중상사고,0,1,0,0,차대차 - 추돌,안전운전불이행,건조,맑음,단일로 - 기타,승용,남,26세,상해없음,화물,남,37세,중상
2017101400100060,2017년 10월 14일 02시,토요일,광주광역시 북구 중흥동,경상사고,0,0,1,0,차대차 - 측면충돌,안전거리미확보,건조,맑음,단일로 - 기타,승용,남,25세,상해없음,이륜,남,26세,경상
2017101400100084,2017년 10월 14일 04시,토요일,광주광역시 남구 방림동,경상사고,0,0,2,0,차대차 - 측면충돌,안전거리미확보,건조,맑음,교차로 - 교차로부근,승용,여,42세,상해없음,승용,남,62세,경상
2017101400100101,2017년 10월 14일 05시,토요일,광주광역시 동구 학동,중상사고,0,1,1,0,차대차 - 측면충돌,안전운전불이행,건조,맑음,단일로 - 기타,승용,남,61세,상해없음,이륜,남,20세,중상
2017101400100102,2017년 10월 14일 05시,토요일,광주광역시 동구 산수동,중상사고,0,1,0,0,차대차 - 기타,교차로운행방법위반,건조,맑음,교차로 - 교차로안,승용,여,56세,상해없음,자전거,남,64세,중상
2017101400100136,2017년 10월 14일 07시,토요일,광주광역시 북구 중흥동,경상사고,0,0,1,0,차량단독 - 기타,안전운전불이행,건조,맑음,교차로 - 교차로안,승용,여,29세,경상,,,,
2017101400100211,2017년 10월 14일 10시,토요일,광주광역시 광산구 운수동,경상사고,0,0,1,0,차대차 - 추돌,안전거리미확보,건조,맑음,단일로 - 기타,건설기계,남,59세,상해없음,승용,여,31세,경상
2017101400100241,2017년 10월 14일 11시,토요일,광주광역시 광산구 우산동,경상사고,0,0,4,0,차대차 - 추돌,안전운전불이행,건조,맑음,단일로 - 기타,승용,남,44세,상해없음,승용,남,37세,경상
2017101400100321,2017년 10월 14일 13시,토요일,광주광역시 서구 화정동,경상사고,0,0,4,0,차대차 - 추돌,안전운전불이행,건조,맑음,교차로 - 교차로부근,승용,여,29세,상해없음,승용,남,51세,경상
2017101400100367,2017년 10월 14일 14시,토요일,광주광역시 서구 쌍촌동,중상사고,0,1,2,0,차대차 - 측면충돌,안전운전불이행,건조,맑음,단일로 - 기타,승용,남,19세,상해없음,승용,남,47세,중상
2017101400100368,2017년 10월 14일 14시,토요일,광주광역시 서구 쌍촌동,경상사고,0,0,1,0,차대차 - 측면충돌,직진우회전진행방해,건조,맑음,교차로 - 교차로안,승용,남,64세,상해없음,승용,여,27세,경상
2017101400100403,2017년 10월 14일 15시,토요일,광주광역시 서구 화정동,경상사고,0,0,4,0,차대차 - 측면충돌,직진우회전진행방해,건조,맑음,교차로 - 교차로안,승용,남,57세,경상,승용,여,42세,경상
2017101400100404,2017년 10월 14일 15시,토요일,광주광역시 남구 진월동,사망사고,1,0,0,0,차대사람 - 기타,안전운전불이행,건조,맑음,단일로 - 기타,승합,남,42세,상해없음,보행자,남,3세,사망
2017101400100405,2017년 10월 14일 15시,토요일,광주광역시 북구 각화동,경상사고,0,0,1,0,차대차 - 측면충돌,안전운전불이행,건조,맑음,단일로 - 기타,화물,남,64세,상해없음,승용,남,58세,경상
2017101400100406,2017년 10월 14일 15시,토요일,광주광역시 광산구 장덕동,경상사고,0,0,1,0,차대차 - 측면충돌,불법유턴,건조,맑음,단일로 - 기타,승용,남,31세,상해없음,승용,남,60세,경상
2017101400100435,2017년 10월 14일 16시,토요일,광주광역시 서구 쌍촌동,중상사고,0,1,0,0,차대사람 - 기타,안전운전불이행,건조,맑음,단일로 - 기타,승용,여,43세,상해없음,보행자,남,37세,중상
2017101400100436,2017년 10월 14일 16시,토요일,광주광역시 북구 두암동,경상사고,0,0,1,0,차대차 - 기타,중앙선침범,건조,맑음,단일로 - 기타,이륜,남,22세,경상,승용,여,48세,상해없음
2017101400100437,2017년 10월 14일 16시,토요일,광주광역시 북구 오치동,경상사고,0,0,1,0,차대차 - 측면충돌,안전운전불이행,건조,맑음,교차로 - 교차로부근,승용,남,49세,경상,승용,남,61세,상해없음
2017101400100464,2017년 10월 14일 17시,토요일,광주광역시 북구 문흥동,경상사고,0,0,1,0,차대차 - 추돌,안전운전불이행,건조,흐림,단일로 - 기타,승용,남,51세,상해없음,승용,여,47세,경상
2017101400100472,2017년 10월 14일 17시,토요일,광주광역시 북구 매곡동,경상사고,0,0,1,0,차대차 - 추돌,안전운전불이행,건조,맑음,단일로 - 기타,승용,남,65세,기타불명,승용,여,35세,경상
2017101400100507,2017년 10월 14일 18시,토요일,광주광역시 광산구 수완동,경상사고,0,0,1,1,차대차 - 추돌,안전거리미확보,건조,맑음,단일로 - 기타,화물,남,55세,상해없음,승용,남,42세,부상신고
2017101400100518,2017년 10월 14일 18시,토요일,광주광역시 서구 치평동,경상사고,0,0,1,0,차대차 - 추돌,안전운전불이행,건조,맑음,교차로 - 교차로부근,승용,남,30세,상해없음,승용,여,49세,경상
2017101400100519,2017년 10월 14일 18시,토요일,광주광역시 북구 신안동,경상사고,0,0,1,0,차대차 - 기타,안전거리미확보,건조,맑음,단일로 - 기타,화물,남,53세,상해없음,이륜,남,37세,경상
2017101400100520,2017년 10월 14일 18시,토요일,광주광역시 광산구 월계동,경상사고,0,0,1,0,차대사람 - 횡단중,안전운전불이행,건조,맑음,단일로 - 기타,승용,여,22세,상해없음,보행자,남,30세,경상
2017101400100623,2017년 10월 14일 21시,토요일,광주광역시 서구 유촌동,경상사고,0,0,2,0,차대차 - 추돌,안전운전불이행,건조,맑음,단일로 - 기타,승용,여,20세,상해없음,승용,남,28세,경상
2017101500100052,2017년 10월 15일 01시,일요일,광주광역시 서구 치평동,경상사고,0,0,1,0,차대차 - 측면충돌,교차로운행방법위반,건조,맑음,교차로 - 교차로부근,승용,남,61세,상해없음,승용,남,44세,경상
2017101500100107,2017년 10월 15일 06시,일요일,광주광역시 서구 치평동,사망사고,1,0,0,0,차대사람 - 횡단중,안전운전불이행,젖음/습기,비,단일로 - 기타,승용,남,28세,상해없음,보행자,남,73세,사망
2017101500100108,2017년 10월 15일 06시,일요일,광주광역시 서구 치평동,사망사고,1,0,0,0,차대사람 - 횡단중,안전운전불이행,젖음/습기,비,단일로 - 기타,승용,남,73세,상해없음,보행자,여,53세,사망
2017101500100109,2017년 10월 15일 06시,일요일,광주광역시 광산구 신가동,경상사고,0,0,1,0,차대차 - 추돌,안전운전불이행,젖음/습기,비,교차로 - 교차로부근,승용,남,25세,상해없음,승용,남,58세,경상
2017101500100197,2017년 10월 15일 12시,일요일,광주광역시 광산구 소촌동,경상사고,0,0,2,0,차대차 - 측면충돌,안전운전불이행,건조,맑음,교차로 - 교차로안,승용,여,51세,경상,승용,남,25세,경상
2017101500100253,2017년 10월 15일 14시,일요일,광주광역시 동구 학동,경상사고,0,0,4,0,차대차 - 측면충돌,안전운전불이행,건조,흐림,단일로 - 기타,화물,남,60세,상해없음,승합,남,45세,경상
2017101500100288,2017년 10월 15일 15시,일요일,광주광역시 북구 운암동,경상사고,0,0,4,0,차대차 - 추돌,안전거리미확보,건조,맑음,단일로 - 기타,화물,여,56세,상해없음,승용,남,24세,경상
2017101500100390,2017년 10월 15일 18시,일요일,광주광역시 남구 송하동,경상사고,0,0,2,0,차대차 - 추돌,안전거리미확보,젖음/습기,흐림,교차로 - 교차로안,승용,남,49세,상해없음,승용,남,51세,경상
2017101500100417,2017년 10월 15일 19시,일요일,광주광역시 광산구 월계동,중상사고,0,2,1,0,차대차 - 측면충돌,중앙선침범,건조,맑음,단일로 - 기타,승용,남,56세,상해없음,승용,여,44세,중상
2017101500100451,2017년 10월 15일 20시,일요일,광주광역시 북구 연제동,경상사고,0,0,1,0,차대사람 - 차도통행중,신호위반,건조,맑음,교차로 - 교차로안,승용,남,52세,상해없음,보행자,남,38세,경상
2017101600100032,2017년 10월 16일 00시,월요일,광주광역시 서구 금호동,경상사고,0,0,1,0,차대차 - 측면충돌,안전운전불이행,건조,흐림,단일로 - 기타,승용,남,56세,상해없음,승용,남,34세,경상
2017101600100051,2017년 10월 16일 04시,월요일,광주광역시 동구 산수동,경상사고,0,0,2,0,차대차 - 측면충돌,신호위반,건조,맑음,교차로 - 교차로횡단보도내,이륜,남,17세,경상,승용,남,29세,상해없음
2017101600100093,2017년 10월 16일 07시,월요일,광주광역시 서구 금호동,중상사고,0,1,0,0,차대사람 - 기타,안전운전불이행,건조,맑음,단일로 - 기타,승용,남,32세,상해없음,보행자,남,16세,중상
2017101600100094,2017년 10월 16일 07시,월요일,광주광역시 서구 풍암동,경상사고,0,0,1,0,차대차 - 추돌,안전운전불이행,건조,맑음,단일로 - 기타,화물,여,47세,상해없음,승용,남,54세,경상
2017101600100128,2017년 10월 16일 08시,월요일,광주광역시 북구 운암동,경상사고,0,0,2,0,차대차 - 측면충돌,안전거리미확보,건조,맑음,단일로 - 기타,승용,남,71세,상해없음,승용,여,50세,경상
2017101600100152,2017년 10월 16일 09시,월요일,광주광역시 북구 연제동,경상사고,0,0,2,0,차대차 - 측면충돌,신호위반,건조,맑음,교차로 - 교차로안,승용,여,52세,경상,승용,여,23세,경상
2017101600100153,2017년 10월 16일 09시,월요일,광주광역시 광산구 월곡동,경상사고,0,0,1,0,차대차 - 기타,직진우회전진행방해,건조,맑음,교차로 - 교차로안,기타불명,기타불명,미분류,기타불명,승용,남,56세,상해없음
2017101600100211,2017년 10월 16일 11시,월요일,광주광역시 동구 운림동,중상사고,0,1,0,0,차대사람 - 기타,안전운전불이행,건조,맑음,주차장 - 주차장,화물,남,52세,상해없음,보행자,남,58세,중상
2017101600100212,2017년 10월 16일 11시,월요일,광주광역시 서구 화정동,경상사고,0,0,1,0,차대차 - 측면충돌,직진우회전진행방해,건조,맑음,교차로 - 교차로안,승용,여,53세,기타불명,화물,남,59세,경상
2017101600100242,2017년 10월 16일 12시,월요일,광주광역시 동구 충장로2가,중상사고,0,1,0,0,차대사람 - 길가장자리구역통행중,신호위반,건조,맑음,단일로 - 기타,승용,여,27세,상해없음,보행자,여,22세,중상
2017101600100279,2017년 10월 16일 13시,월요일,광주광역시 서구 금호동,경상사고,0,0,1,0,차대차 - 측면충돌,신호위반,건조,맑음,교차로 - 교차로안,승용,여,52세,상해없음,승용,여,48세,경상
2017101600100280,2017년 10월 16일 13시,월요일,광주광역시 북구 풍향동,부상신고사고,0,0,0,1,차대차 - 측면충돌,안전운전불이행,건조,맑음,교차로 - 교차로안,승용,여,56세,상해없음,승용,남,60세,부상신고
2017101600100281,2017년 10월 16일 13시,월요일,광주광역시 광산구 우산동,경상사고,0,0,1,0,차대차 - 추돌,안전운전불이행,건조,맑음,단일로 - 기타,승용,남,57세,상해없음,승용,여,47세,경상
2017101600100351,2017년 10월 16일 15시,월요일,광주광역시 서구 유촌동,경상사고,0,0,2,0,차대차 - 추돌,신호위반,건조,맑음,교차로 - 교차로안,승용,여,57세,경상,화물,남,48세,경상
2017101600100352,2017년 10월 16일 15시,월요일,광주광역시 서구 매월동,경상사고,0,0,1,0,차대차 - 추돌,안전거리미확보,건조,맑음,단일로 - 기타,화물,남,22세,상해없음,화물,남,47세,경상
2017101600100466,2017년 10월 16일 18시,월요일,광주광역시 서구 농성동,경상사고,0,0,2,0,차대차 - 후진중충돌,안전운전불이행,건조,맑음,교차로 - 교차로부근,승용,남,47세,상해없음,승용,남,23세,경상
2017101600100467,2017년 10월 16일 18시,월요일,광주광역시 광산구 신창동,경상사고,0,0,1,0,차대사람 - 횡단중,보행자보호의무위반,건조,맑음,교차로 - 교차로횡단보도내,승용,여,42세,상해없음,보행자,여,13세,경상
2017101600100517,2017년 10월 16일 19시,월요일,광주광역시 북구 신안동,중상사고,0,1,1,0,차대차 - 측면충돌,안전운전불이행,건조,맑음,단일로 - 기타,화물,남,66세,상해없음,이륜,남,15세,중상
2017101600100566,2017년 10월 16일 21시,월요일,광주광역시 광산구 월계동,부상신고사고,0,0,0,1,차대차 - 측면충돌,안전운전불이행,건조,흐림,교차로 - 교차로부근,이륜,남,20세,부상신고,승용,남,59세,상해없음
2017101600100589,2017년 10월 16일 22시,월요일,광주광역시 북구 양산동,경상사고,0,0,2,0,차대차 - 추돌,안전운전불이행,건조,맑음,단일로 - 기타,승용,남,46세,상해없음,승용,남,24세,경상
2017101700100200,2017년 10월 17일 09시,화요일,광주광역시 동구 학동,중상사고,0,1,1,0,차대차 - 추돌,안전거리미확보,건조,맑음,단일로 - 고가도로위,승용,여,49세,상해없음,승용,여,31세,경상
2017101700100245,2017년 10월 17일 10시,화요일,광주광역시 동구 계림동,경상사고,0,0,1,0,차대차 - 기타,안전운전불이행,건조,맑음,기타 - 기타,화물,남,53세,상해없음,자전거,남,61세,경상
2017101700100325,2017년 10월 17일 13시,화요일,광주광역시 남구 진월동,경상사고,0,0,1,0,차대사람 - 기타,안전운전불이행,건조,맑음,교차로 - 교차로안,승용,여,50세,상해없음,보행자,남,27세,경상
2017101700100356,2017년 10월 17일 14시,화요일,광주광역시 남구 백운동,경상사고,0,0,2,0,차대차 - 측면충돌,안전운전불이행,건조,맑음,교차로 - 교차로부근,승용,남,48세,상해없음,승용,남,49세,경상
2017101700100395,2017년 10월 17일 15시,화요일,광주광역시 서구 쌍촌동,경상사고,0,0,2,0,차대차 - 측면충돌,안전운전불이행,건조,맑음,교차로 - 교차로안,승용,남,67세,상해없음,승용,여,36세,경상
2017101700100470,2017년 10월 17일 17시,화요일,광주광역시 북구 문흥동,경상사고,0,0,1,0,차대사람 - 기타,안전운전불이행,건조,맑음,기타 - 기타,승용,남,53세,상해없음,보행자,여,5세,경상
2017101700100605,2017년 10월 17일 20시,화요일,광주광역시 동구 금남로5가,경상사고,0,0,1,0,차대차 - 기타,안전거리미확보,건조,맑음,단일로 - 기타,승용,남,55세,상해없음,승용,남,20세,경상
2017101800100032,2017년 10월 18일 00시,수요일,광주광역시 광산구 수완동,경상사고,0,0,2,0,차대차 - 측면충돌,신호위반,건조,맑음,교차로 - 교차로안,승용,남,25세,상해없음,승용,남,22세,경상
2017101800100044,2017년 10월 18일 01시,수요일,광주광역시 남구 주월동,중상사고,0,1,1,0,차대차 - 추돌,안전운전불이행,건조,맑음,교차로 - 교차로부근,이륜,남,29세,상해없음,승용,남,48세,경상
2017101800100076,2017년 10월 18일 05시,수요일,광주광역시 동구 호남동,중상사고,0,1,0,0,차대차 - 기타,안전운전불이행,건조,맑음,교차로 - 교차로안,승용,남,26세,상해없음,승용,남,63세,중상
2017101800100119,2017년 10월 18일 07시,수요일,광주광역시 동구 소태동,중상사고,0,1,8,0,차대차 - 측면충돌,신호위반,건조,맑음,교차로 - 교차로안,건설기계,남,53세,상해없음,승용,남,65세,경상
2017101800100120,2017년 10월 18일 07시,수요일,광주광역시 남구 주월동,경상사고,0,0,2,0,차대차 - 측면충돌,신호위반,건조,맑음,교차로 - 교차로안,승용,남,76세,상해없음,승용,남,56세,경상
2017101800100209,2017년 10월 18일 10시,수요일,광주광역시 동구 지산동,사망사고,1,0,0,0,차대사람 - 횡단중,안전운전불이행,건조,흐림,교차로 - 교차로안,승합,남,64세,상해없음,보행자,남,58세,사망
2017101800100210,2017년 10월 18일 10시,수요일,광주광역시 서구 매월동,경상사고,0,0,1,0,차대차 - 측면충돌,안전운전불이행,건조,맑음,단일로 - 기타,화물,남,25세,상해없음,화물,남,44세,경상
2017101800100211,2017년 10월 18일 10시,수요일,광주광역시 북구 본촌동,경상사고,0,0,1,0,차대차 - 후진중충돌,안전운전불이행,건조,맑음,단일로 - 기타,승용,남,69세,상해없음,화물,남,50세,경상
2017101800100233,2017년 10월 18일 11시,수요일,광주광역시 북구 대촌동,경상사고,0,0,1,0,차대차 - 측면충돌,안전운전불이행,건조,맑음,교차로 - 교차로안,승용,여,56세,경상,승합,남,49세,상해없음
2017101800100234,2017년 10월 18일 11시,수요일,광주광역시 광산구 송정동,경상사고,0,0,1,0,차대차 - 기타,안전운전불이행,건조,맑음,교차로 - 교차로부근,화물,남,51세,상해없음,원동기,남,22세,경상
2017101800100260,2017년 10월 18일 12시,수요일,광주광역시 동구 산수동,경상사고,0,0,1,0,차대차 - 측면충돌,안전운전불이행,건조,흐림,교차로 - 교차로안,승용,여,55세,경상,승용,남,24세,기타불명
2017101800100261,2017년 10월 18일 12시,수요일,광주광역시 북구 용봉동,경상사고,0,0,1,0,차대사람 - 기타,안전운전불이행,건조,맑음,단일로 - 기타,승합,남,31세,상해없음,보행자,여,22세,경상
2017101800100319,2017년 10월 18일 14시,수요일,광주광역시 서구 서창동,경상사고,0,0,1,0,차대차 - 측면충돌,교차로운행방법위반,건조,맑음,교차로 - 교차로안,승용,여,58세,상해없음,원동기,남,47세,경상
2017101800100320,2017년 10월 18일 14시,수요일,광주광역시 북구 운암동,경상사고,0,0,1,0,차대차 - 측면충돌,교차로운행방법위반,건조,맑음,교차로 - 교차로안,승용,남,24세,상해없음,승용,여,25세,경상
2017101800100366,2017년 10월 18일 16시,수요일,광주광역시 북구 동림동,경상사고,0,0,3,0,차대차 - 측면충돌,신호위반,건조,맑음,교차로 - 교차로안,승용,여,44세,경상,승합,여,41세,경상
2017101800100367,2017년 10월 18일 16시,수요일,광주광역시 광산구 안청동,경상사고,0,0,1,0,차대차 - 측면충돌,안전거리미확보,건조,맑음,교차로 - 교차로안,화물,남,42세,상해없음,승용,여,49세,경상
2017101800100368,2017년 10월 18일 16시,수요일,광주광역시 광산구 송정동,경상사고,0,0,1,0,차대차 - 기타,안전운전불이행,건조,맑음,교차로 - 교차로안,승합,남,54세,상해없음,자전거,여,71세,경상
2017101800100409,2017년 10월 18일 17시,수요일,광주광역시 남구 월산동,부상신고사고,0,0,0,1,차대차 - 기타,안전거리미확보,건조,맑음,단일로 - 기타,승용,남,77세,상해없음,승용,남,60세,부상신고
2017101800100474,2017년 10월 18일 18시,수요일,광주광역시 동구 장동,경상사고,0,0,1,0,차대차 - 후진중충돌,안전운전불이행,건조,맑음,단일로 - 기타,승용,여,34세,상해없음,승용,남,35세,경상
2017101800100475,2017년 10월 18일 18시,수요일,광주광역시 동구 대인동,경상사고,0,0,1,0,차대차 - 후진중충돌,안전운전불이행,건조,맑음,교차로 - 교차로안,화물,남,61세,상해없음,승용,남,33세,경상
2017101800100476,2017년 10월 18일 18시,수요일,광주광역시 북구 용두동,중상사고,0,1,1,0,차대사람 - 횡단중,안전운전불이행,건조,맑음,단일로 - 기타,승용,여,33세,상해없음,보행자,남,50세,경상
2017101800100519,2017년 10월 18일 19시,수요일,광주광역시 광산구 소촌동,경상사고,0,0,2,0,차대차 - 추돌,안전운전불이행,건조,맑음,단일로 - 기타,승용,남,55세,상해없음,승용,남,61세,경상
2017101800100557,2017년 10월 18일 20시,수요일,광주광역시 서구 화정동,중상사고,0,1,0,0,차대차 - 기타,중앙선침범,건조,맑음,교차로 - 교차로부근,원동기,남,19세,상해없음,원동기,남,54세,중상
2017101800100558,2017년 10월 18일 20시,수요일,광주광역시 남구 월산동,중상사고,0,1,0,0,차대사람 - 횡단중,안전운전불이행,건조,맑음,단일로 - 기타,승용,남,53세,상해없음,보행자,남,10세,중상
2017101800100590,2017년 10월 18일 21시,수요일,광주광역시 남구 봉선동,경상사고,0,0,1,0,차대차 - 측면충돌,신호위반,건조,맑음,교차로 - 교차로안,승용,여,49세,상해없음,이륜,남,29세,경상
2017101800100609,2017년 10월 18일 22시,수요일,광주광역시 남구 주월동,경상사고,0,0,1,0,차대사람 - 기타,안전운전불이행,건조,맑음,단일로 - 기타,승용,여,33세,상해없음,보행자,남,51세,경상
2017101800100610,2017년 10월 18일 22시,수요일,광주광역시 광산구 우산동,경상사고,0,0,2,0,차대차 - 후진중충돌,안전운전불이행,건조,맑음,단일로 - 기타,화물,남,57세,상해없음,승용,남,40세,경상
2017101900100033,2017년 10월 19일 00시,목요일,광주광역시 북구 임동,경상사고,0,0,1,0,차대차 - 추돌,안전거리미확보,건조,맑음,단일로 - 기타,승용,남,30세,상해없음,화물,여,56세,경상
2017101900100072,2017년 10월 19일 05시,목요일,광주광역시 북구 중흥동,경상사고,0,0,1,0,차대차 - 측면충돌,안전운전불이행,건조,맑음,단일로 - 기타,승용,남,63세,상해없음,자전거,남,70세,경상
2017101900100090,2017년 10월 19일 06시,목요일,광주광역시 북구 용봉동,경상사고,0,0,2,0,차대차 - 추돌,안전운전불이행,건조,맑음,단일로 - 기타,승용,남,25세,상해없음,승용,여,68세,경상
2017101900100170,2017년 10월 19일 08시,목요일,광주광역시 서구 쌍촌동,경상사고,0,0,7,0,차대차 - 추돌,안전운전불이행,건조,맑음,단일로 - 기타,승용,여,46세,경상,승용,남,21세,경상
2017101900100171,2017년 10월 19일 08시,목요일,광주광역시 광산구 신창동,경상사고,0,0,2,1,차대차 - 측면충돌,직진우회전진행방해,건조,맑음,교차로 - 교차로안,승용,여,32세,부상신고,승용,남,65세,경상
2017101900100216,2017년 10월 19일 09시,목요일,광주광역시 서구 금호동,경상사고,0,0,1,0,차대차 - 측면충돌,신호위반,건조,맑음,교차로 - 교차로안,승합,남,41세,상해없음,승용,남,33세,경상