사고번호,사고일시,요일,시군구,사고내용,사망자수,중상자수,경상자수,부상신고자수,사고유형,법규위반,노면상태,기상상태,도로형태,가해운전자 차종,가해운전자 성별,가해운전자 연령,가해운전자 상해정도,피해운전자 차종,피해운전자 성별,피해운전자 연령,피해운전자 상해정도
2017102400100206,2017년 10월 24일 09시,화요일,광주광역시 북구 용봉동,경상사고,0,0,1,0,차대사람 - 기타,안전운전불이행,건조,맑음,단일로 - 기타,승용,남,62세,상해없음,보행자,여,28세,경상
2017102400100312,2017년 10월 24일 12시,화요일,광주광역시 북구 운암동,중상사고,0,1,0,0,차대차 - 추돌,안전운전불이행,건조,맑음,단일로 - 기타,승용,여,59세,상해없음,자전거,남,65세,중상
2017102400100479,2017년 10월 24일 17시,화요일,광주광역시 북구 오치동,경상사고,0,0,3,0,차대차 - 측면충돌,안전운전불이행,건조,맑음,교차로 - 교차로안,승용,남,66세,상해없음,승용,남,29세,경상
2017102400100546,2017년 10월 24일 18시,화요일,광주광역시 북구 풍향동,경상사고,0,0,1,0,차대차 - 측면충돌,신호위반,건조,맑음,교차로 - 교차로안,화물,남,63세,상해없음,승용,남,69세,경상
2017102400100585,2017년 10월 24일 19시,화요일,광주광역시 북구 풍향동,경상사고,0,0,6,0,차대차 - 기타,안전거리미확보,건조,맑음,교차로 - 교차로부근,승용,남,77세,경상,승용,남,57세,경상
2017102400100622,2017년 10월 24일 20시,화요일,광주광역시 남구 봉선동,경상사고,0,0,2,0,차대차 - 추돌,안전운전불이행,건조,맑음,단일로 - 기타,승용,남,64세,경상,화물,여,57세,경상
2017102400100656,2017년 10월 24일 21시,화요일,광주광역시 서구 쌍촌동,경상사고,0,0,1,0,차대차 - 측면충돌,안전운전불이행,건조,맑음,단일로 - 기타,승용,남,32세,상해없음,승용,남,39세,경상
2017102400100681,2017년 10월 24일 22시,화요일,광주광역시 광산구 신가동,경상사고,0,0,1,0,차대차 - 측면충돌,불법유턴,건조,맑음,교차로 - 교차로부근,승용,남,43세,상해없음,이륜,남,33세,경상
2017102500100115,2017년 10월 25일 07시,수요일,광주광역시 광산구 장덕동,경상사고,0,0,1,0,차대차 - 측면충돌,신호위반,건조,맑음,교차로 - 교차로안,승용,여,36세,상해없음,승용,남,66세,경상
2017102500100116,2017년 10월 25일 07시,수요일,광주광역시 광산구 우산동,경상사고,0,0,1,0,차량단독 - 기타,안전운전불이행,건조,맑음,교차로 - 교차로부근,승합,남,56세,상해없음,,,,
2017102500100167,2017년 10월 25일 08시,수요일,광주광역시 남구 칠석동,중상사고,0,11,10,1,차대차 - 정면충돌,교차로운행방법위반,건조,맑음,교차로 - 교차로안,승합,남,69세,상해없음,승용,남,37세,중상
2017102500100168,2017년 10월 25일 08시,수요일,광주광역시 북구 운암동,경상사고,0,0,1,0,차대사람 - 기타,안전운전불이행,건조,맑음,교차로 - 교차로안,승용,여,60세,상해없음,보행자,남,12세,경상
2017102500100169,2017년 10월 25일 08시,수요일,광주광역시 광산구 수완동,중상사고,0,1,0,0,차대차 - 측면충돌,직진우회전진행방해,건조,맑음,교차로 - 교차로안,승용,남,33세,상해없음,자전거,남,75세,중상
2017102500100170,2017년 10월 25일 08시,수요일,광주광역시 광산구 송촌동,부상신고사고,0,0,0,1,차대차 - 기타,신호위반,건조,맑음,단일로 - 기타,자전거,여,40세,부상신고,화물,남,51세,상해없음
2017102500100171,2017년 10월 25일 08시,수요일,광주광역시 광산구 월전동,경상사고,0,0,1,0,차대차 - 측면충돌,안전운전불이행,건조,맑음,교차로 - 교차로안,화물,남,22세,상해없음,특수,남,28세,경상
2017102500100246,2017년 10월 25일 10시,수요일,광주광역시 남구 봉선동,경상사고,0,0,1,0,차대차 - 기타,안전운전불이행,건조,맑음,단일로 - 기타,승용,남,64세,기타불명,화물,남,46세,경상
2017102500100285,2017년 10월 25일 11시,수요일,광주광역시 동구 충장로2가,경상사고,0,0,1,0,차대사람 - 기타,안전운전불이행,건조,맑음,기타 - 기타,승용,남,28세,상해없음,보행자,여,19세,경상
2017102500100286,2017년 10월 25일 11시,수요일,광주광역시 북구 동림동,경상사고,0,0,1,0,차대차 - 기타,안전운전불이행,건조,맑음,단일로 - 기타,승용,남,59세,상해없음,이륜,남,42세,경상
2017102500100287,2017년 10월 25일 11시,수요일,광주광역시 북구 용봉동,중상사고,0,1,0,0,차대차 - 측면충돌,교차로운행방법위반,건조,맑음,교차로 - 교차로안,승용,남,27세,상해없음,이륜,남,55세,중상
2017102500100379,2017년 10월 25일 14시,수요일,광주광역시 북구 수곡동,경상사고,0,0,3,0,차대차 - 추돌,안전운전불이행,건조,맑음,단일로 - 기타,화물,남,54세,상해없음,승용,여,36세,경상
2017102500100503,2017년 10월 25일 17시,수요일,광주광역시 동구 수기동,경상사고,0,0,1,0,차대차 - 측면충돌,안전운전불이행,건조,맑음,단일로 - 기타,승용,여,33세,상해없음,승용,여,26세,경상
2017102500100504,2017년 10월 25일 17시,수요일,광주광역시 서구 화정동,경상사고,0,0,2,0,차대차 - 추돌,중앙선침범,건조,맑음,단일로 - 기타,승용,여,73세,상해없음,승용,남,73세,경상
2017102500100625,2017년 10월 25일 19시,수요일,광주광역시 서구 금호동,경상사고,0,0,1,0,차대사람 - 횡단중,안전운전불이행,건조,흐림,단일로 - 기타,이륜,여,59세,상해없음,보행자,여,74세,경상
2017102500100626,2017년 10월 25일 19시,수요일,광주광역시 북구 신용동,경상사고,0,0,8,0,차대차 - 추돌,안전거리미확보,건조,맑음,단일로 - 기타,승용,남,36세,경상,승용,남,30세,경상
2017102500100627,2017년 10월 25일 19시,수요일,광주광역시 북구 용봉동,경상사고,0,0,2,0,차대차 - 추돌,안전운전불이행,건조,맑음,교차로 - 교차로부근,승용,남,33세,상해없음,승용,남,59세,경상
2017102500100628,2017년 10월 25일 19시,수요일,광주광역시 북구 운암동,경상사고,0,0,1,0,차량단독 - 기타,기타,건조,맑음,단일로 - 기타,승합,남,42세,상해없음,,,,
2017102500100629,2017년 10월 25일 19시,수요일,광주광역시 광산구 운남동,경상사고,0,0,2,0,차대차 - 측면충돌,안전운전불이행,건조,맑음,단일로 - 기타,승용,남,58세,상해없음,승용,여,35세,경상
2017102500100694,2017년 10월 25일 21시,수요일,광주광역시 북구 오치동,중상사고,0,1,0,0,차대차 - 측면충돌,안전운전불이행,건조,맑음,교차로 - 교차로안,승용,남,46세,상해없음,원동기,남,17세,중상
2017102500100722,2017년 10월 25일 22시,수요일,광주광역시 북구 풍향동,경상사고,0,0,1,0,차대차 - 측면충돌,신호위반,건조,맑음,교차로 - 교차로안,승용,여,24세,상해없음,승용,여,56세,경상
2017102500100723,2017년 10월 25일 22시,수요일,광주광역시 북구 대촌동,중상사고,0,1,0,0,차대차 - 추돌,안전운전불이행,건조,맑음,교차로 - 교차로부근,승용,남,43세,상해없음,승용,남,38세,중상
2017102600100040,2017년 10월 26일 01시,목요일,광주광역시 동구 호남동,중상사고,0,2,1,0,차대차 - 측면충돌,신호위반,건조,맑음,교차로 - 교차로안,승용,남,32세,경상,승용,여,67세,중상
2017102600100051,2017년 10월 26일 02시,목요일,광주광역시 북구 임동,중상사고,0,1,2,0,차대차 - 측면충돌,신호위반,건조,맑음,교차로 - 교차로안,승용,남,74세,경상,승용,남,27세,중상
2017102600100143,2017년 10월 26일 08시,목요일,광주광역시 광산구 월곡동,경상사고,0,0,1,0,차대차 - 측면충돌,안전운전불이행,건조,맑음,교차로 - 교차로안,승용,여,50세,상해없음,승용,남,45세,경상
2017102600100202,2017년 10월 26일 10시,목요일,광주광역시 동구 금남로5가,중상사고,0,1,0,0,차대사람 - 횡단중,안전운전불이행,건조,맑음,단일로 - 기타,승용,남,21세,상해없음,보행자,여,69세,중상
2017102600100285,2017년 10월 26일 13시,목요일,광주광역시 동구 금남로3가,중상사고,0,1,0,0,차대차 - 기타,안전운전불이행,건조,맑음,교차로 - 교차로부근,승용,여,55세,상해없음,이륜,남,57세,중상
2017102600100286,2017년 10월 26일 13시,목요일,광주광역시 광산구 송정동,경상사고,0,0,2,0,차대차 - 측면충돌,차로위반,건조,맑음,교차로 - 교차로안,승용,남,78세,상해없음,승용,여,56세,경상
2017102600100327,2017년 10월 26일 14시,목요일,광주광역시 서구 치평동,경상사고,0,0,1,0,차대차 - 측면충돌,중앙선침범,건조,맑음,교차로 - 교차로부근,화물,남,63세,상해없음,승용,남,30세,경상
2017102600100498,2017년 10월 26일 18시,목요일,광주광역시 서구 화정동,경상사고,0,0,1,0,차대차 - 기타,중앙선침범,건조,맑음,교차로 - 교차로부근,승용,남,58세,상해없음,원동기,남,19세,경상
2017102600100499,2017년 10월 26일 18시,목요일,광주광역시 북구 오룡동,중상사고,0,1,0,0,차대차 - 측면충돌,안전운전불이행,건조,맑음,교차로 - 교차로안,승용,남,35세,상해없음,승용,여,33세,중상
2017102600100645,2017년 10월 26일 23시,목요일,광주광역시 남구 월산동,경상사고,0,0,1,0,차대사람 - 횡단중,신호위반,건조,맑음,단일로 - 기타,승용,남,66세,상해없음,보행자,남,37세,경상
2017102700100039,2017년 10월 27일 00시,금요일,광주광역시 서구 치평동,중상사고,0,1,0,0,차대사람 - 기타,안전운전불이행,건조,맑음,단일로 - 기타,승용,여,26세,상해없음,보행자,남,64세,중상
2017102700100040,2017년 10월 27일 00시,금요일,광주광역시 북구 누문동,경상사고,0,0,1,0,차대차 - 기타,안전거리미확보,건조,맑음,단일로 - 기타,기타불명,기타불명,미분류,기타불명,승용,남,58세,상해없음
2017102700100122,2017년 10월 27일 07시,금요일,광주광역시 광산구 소촌동,중상사고,0,1,0,0,차대차 - 추돌,안전운전불이행,건조,맑음,교차로 - 교차로안,화물,남,47세,상해없음,승용,남,39세,중상
2017102700100168,2017년 10월 27일 08시,금요일,광주광역시 서구 치평동,경상사고,0,0,1,0,차대사람 - 횡단중,안전운전불이행,건조,맑음,단일로 - 기타,승용,여,48세,상해없음,보행자,남,84세,경상
2017102700100199,2017년 10월 27일 09시,금요일,광주광역시 북구 양산동,경상사고,0,0,1,0,차대차 - 측면충돌,차로위반,건조,맑음,단일로 - 기타,승용,남,45세,상해없음,이륜,남,43세,경상
2017102700100240,2017년 10월 27일 10시,금요일,광주광역시 북구 동림동,경상사고,0,0,2,0,차대차 - 측면충돌,교차로운행방법위반,건조,맑음,교차로 - 교차로안,승용,남,43세,경상,화물,남,27세,경상
2017102700100278,2017년 10월 27일 11시,금요일,광주광역시 동구 금남로2가,중상사고,0,1,2,0,차대차 - 추돌,안전거리미확보,건조,맑음,단일로 - 기타,이륜,남,25세,중상,승용,남,23세,경상
2017102700100279,2017년 10월 27일 11시,금요일,광주광역시 동구 학동,경상사고,0,0,1,0,차대차 - 추돌,안전거리미확보,건조,맑음,단일로 - 기타,승용,남,61세,상해없음,승용,여,47세,경상
2017102700100311,2017년 10월 27일 12시,금요일,광주광역시 광산구 도산동,경상사고,0,0,1,0,차대차 - 측면충돌,안전거리미확보,건조,맑음,단일로 - 기타,승용,남,70세,상해없음,화물,남,33세,경상
2017102700100386,2017년 10월 27일 14시,금요일,광주광역시 북구 중흥동,경상사고,0,0,1,0,차대차 - 측면충돌,안전운전불이행,건조,맑음,단일로 - 기타,승용,여,49세,상해없음,화물,남,43세,경상
2017102700100423,2017년 10월 27일 15시,금요일,광주광역시 서구 쌍촌동,경상사고,0,0,1,0,차대차 - 후진중충돌,안전운전불이행,건조,맑음,단일로 - 기타,승용,여,64세,상해없음,승용,남,39세,경상
2017102700100510,2017년 10월 27일 17시,금요일,광주광역시 동구 계림동,경상사고,0,0,2,0,차대차 - 측면충돌,직진우회전진행방해,건조,맑음,교차로 - 교차로안,승용,여,49세,경상,승용,남,57세,경상
2017102700100511,2017년 10월 27일 17시,금요일,광주광역시 북구 일곡동,경상사고,0,0,1,0,차대사람 - 횡단중,보행자보호의무위반,건조,맑음,교차로 - 교차로횡단보도내,승용,남,41세,상해없음,보행자,남,6세,경상
2017102700100588,2017년 10월 27일 18시,금요일,광주광역시 북구 삼각동,경상사고,0,0,2,0,차대차 - 측면충돌,신호위반,건조,맑음,교차로 - 교차로안,승용,남,56세,경상,이륜,남,18세,경상
2017102700100589,2017년 10월 27일 18시,금요일,광주광역시 북구 중흥동,경상사고,0,0,1,0,차대차 - 추돌,안전거리미확보,건조,맑음,단일로 - 기타,승용,여,37세,상해없음,승용,남,22세,경상
2017102700100590,2017년 10월 27일 18시,금요일,광주광역시 북구 운암동,중상사고,0,1,0,0,차대사람 - 기타,기타,건조,맑음,단일로 - 기타,승합,남,54세,상해없음,보행자,여,84세,중상
2017102700100591,2017년 10월 27일 18시,금요일,광주광역시 광산구 수완동,경상사고,0,0,2,0,차대차 - 측면충돌,교차로운행방법위반,건조,맑음,교차로 - 교차로안,승용,여,50세,상해없음,승용,남,34세,경상
2017102700100646,2017년 10월 27일 19시,금요일,광주광역시 서구 화정동,경상사고,0,0,1,0,차대차 - 측면충돌,안전거리미확보,건조,맑음,단일로 - 기타,승용,남,59세,상해없음,승용,남,29세,경상
2017102700100647,2017년 10월 27일 19시,금요일,광주광역시 서구 쌍촌동,경상사고,0,0,1,0,차대차 - 기타,안전거리미확보,건조,맑음,단일로 - 기타,승용,남,19세,상해없음,이륜,남,36세,경상
2017102700100702,2017년 10월 27일 20시,금요일,광주광역시 북구 두암동,경상사고,0,0,1,0,차대차 - 측면충돌,안전운전불이행,건조,맑음,단일로 - 기타,승용,남,42세,상해없음,승용,남,42세,경상
2017102700100703,2017년 10월 27일 20시,금요일,광주광역시 광산구 우산동,경상사고,0,0,1,0,차대차 - 추돌,차로위반,건조,맑음,단일로 - 기타,승용,남,35세,상해없음,승용,남,57세,경상
2017102700100735,2017년 10월 27일 21시,금요일,광주광역시 광산구 월계동,경상사고,0,0,1,0,차대차 - 측면충돌,안전거리미확보,건조,맑음,단일로 - 기타,승용,남,62세,상해없음,원동기,남,22세,경상
2017102700100736,2017년 10월 27일 21시,금요일,광주광역시 광산구 월계동,경상사고,0,0,1,0,차대차 - 측면충돌,교차로운행방법위반,건조,맑음,교차로 - 교차로안,승용,여,50세,상해없음,이륜,남,16세,경상
2017102700100800,2017년 10월 27일 23시,금요일,광주광역시 서구 풍암동,경상사고,0,0,1,0,차대차 - 기타,신호위반,건조,맑음,교차로 - 교차로안,승용,남,19세,상해없음,승용,남,62세,경상
2017102700100801,2017년 10월 27일 23시,금요일,광주광역시 남구 주월동,경상사고,0,0,1,0,차대차 - 측면충돌,직진우회전진행방해,건조,맑음,교차로 - 교차로안,이륜,남,42세,상해없음,승용,남,48세,경상
2017102700100802,2017년 10월 27일 23시,금요일,광주광역시 북구 풍향동,중상사고,0,1,0,0,차대사람 - 횡단중,안전운전불이행,건조,맑음,교차로 - 교차로횡단보도내,승용,여,63세,상해없음,보행자,남,55세,중상
2017102800100038,2017년 10월 28일 00시,토요일,광주광역시 북구 운암동,경상사고,0,0,1,0,차대차 - 측면충돌,차로위반,건조,맑음,단일로 - 기타,승용,남,45세,상해없음,승용,남,47세,상해없음
2017102800100068,2017년 10월 28일 02시,토요일,광주광역시 동구 금남로5가,경상사고,0,0,4,0,차대차 - 기타,안전거리미확보,건조,맑음,교차로 - 교차로부근,승용,남,25세,상해없음,승용,남,66세,상해없음
2017102800100094,2017년 10월 28일 04시,토요일,광주광역시 북구 청풍동,경상사고,0,0,1,0,차대차 - 추돌,안전운전불이행,건조,맑음,교차로 - 교차로안,승용,남,43세,상해없음,승용,남,68세,상해없음
2017102800100108,2017년 10월 28일 05시,토요일,광주광역시 남구 월산동,경상사고,0,0,1,0,차대차 - 측면충돌,차로위반,건조,맑음,단일로 - 기타,화물,남,52세,상해없음,승용,남,63세,경상
2017102800100150,2017년 10월 28일 07시,토요일,광주광역시 북구 각화동,경상사고,0,0,1,0,차대차 - 측면충돌,차로위반,건조,맑음,단일로 - 기타,승합,남,56세,상해없음,승용,남,28세,경상
2017102800100249,2017년 10월 28일 10시,토요일,광주광역시 남구 월산동,경상사고,0,0,3,0,차대차 - 측면충돌,안전거리미확보,건조,맑음,단일로 - 기타,승용,남,51세,상해없음,승용,남,31세,경상
2017102800100250,2017년 10월 28일 10시,토요일,광주광역시 북구 동림동,경상사고,0,0,1,0,차대차 - 측면충돌,안전운전불이행,건조,맑음,단일로 - 기타,자전거,남,25세,상해없음,자전거,남,49세,경상
2017102800100251,2017년 10월 28일 10시,토요일,광주광역시 광산구 신창동,경상사고,0,0,1,0,차대차 - 측면충돌,안전운전불이행,건조,맑음,교차로 - 교차로안,승용,여,38세,상해없음,이륜,남,36세,경상
2017102800100252,2017년 10월 28일 10시,토요일,광주광역시 광산구 신가동,중상사고,0,1,0,0,차대차 - 측면충돌,안전거리미확보,건조,맑음,단일로 - 기타,승용,남,57세,상해없음,승용,남,27세,중상
2017102800100253,2017년 10월 28일 10시,토요일,광주광역시 광산구 흑석동,경상사고,0,0,3,0,차대차 - 기타,안전운전불이행,건조,맑음,단일로 - 기타,승합,남,36세,상해없음,승용,남,39세,경상
2017102800100292,2017년 10월 28일 11시,토요일,광주광역시 남구 진월동,중상사고,0,1,0,0,차대사람 - 차도통행중,안전운전불이행,건조,맑음,단일로 - 기타,승용,여,49세,기타불명,보행자,남,76세,중상
2017102800100369,2017년 10월 28일 13시,토요일,광주광역시 서구 치평동,경상사고,0,0,2,0,차대차 - 추돌,안전운전불이행,건조,맑음,교차로 - 교차로부근,승용,남,57세,상해없음,승용,남,43세,경상
2017102800100518,2017년 10월 28일 16시,토요일,광주광역시 북구 일곡동,중상사고,0,3,3,0,차대차 - 정면충돌,중앙선침범,건조,맑음,단일로 - 기타,이륜,남,16세,중상,승용,남,36세,경상
2017102800100566,2017년 10월 28일 17시,토요일,광주광역시 동구 산수동,중상사고,0,1,4,0,차대차 - 정면충돌,중앙선침범,건조,맑음,단일로 - 기타,승용,남,25세,상해없음,승용,남,33세,기타불명
2017102800100567,2017년 10월 28일 17시,토요일,광주광역시 서구 화정동,경상사고,0,0,1,0,차대차 - 추돌,안전거리미확보,건조,맑음,단일로 - 기타,승용,남,48세,상해없음,승용,남,46세,상해없음
2017102800100568,2017년 10월 28일 17시,토요일,광주광역시 북구 오치동,경상사고,0,0,2,0,차대차 - 측면충돌,안전운전불이행,건조,맑음,단일로 - 기타,승용,남,25세,경상,승용,남,37세,경상
2017102800100626,2017년 10월 28일 18시,토요일,광주광역시 서구 농성동,경상사고,0,0,1,0,차대차 - 추돌,안전거리미확보,건조,맑음,교차로 - 교차로부근,승용,남,62세,상해없음,승용,남,44세,경상
2017102800100627,2017년 10월 28일 18시,토요일,광주광역시 서구 화정동,경상사고,0,0,2,0,차대차 - 추돌,안전운전불이행,건조,맑음,교차로 - 교차로부근,승용,남,59세,상해없음,승용,남,26세,경상
2017102800100628,2017년 10월 28일 18시,토요일,광주광역시 광산구 삼도동,경상사고,0,0,1,0,차량단독 - 기타,안전운전불이행,건조,맑음,단일로 - 교량,이륜,남,68세,경상,,,,
2017102800100678,2017년 10월 28일 19시,토요일,광주광역시 광산구 우산동,중상사고,0,1,1,0,차대사람 - 횡단중,안전운전불이행,건조,맑음,단일로 - 기타,이륜,남,28세,경상,보행자,여,44세,중상
2017102800100724,2017년 10월 28일 20시,토요일,광주광역시 광산구 장덕동,경상사고,0,0,1,0,차대사람 - 횡단중,신호위반,건조,맑음,교차로 - 교차로안,승용,여,35세,상해없음,보행자,여,18세,경상
2017102800100773,2017년 10월 28일 22시,토요일,광주광역시 서구 유촌동,경상사고,0,0,2,0,차대차 - 측면충돌,안전거리미확보,건조,맑음,단일로 - 기타,승용,여,62세,상해없음,승용,남,29세,경상
2017102900100036,2017년 10월 29일 00시,일요일,광주광역시 광산구 우산동,경상사고,0,0,1,0,차대차 - 추돌,안전운전불이행,건조,맑음,교차로 - 교차로부근,승용,남,31세,상해없음,승용,남,34세,경상
2017102900100072,2017년 10월 29일 03시,일요일,광주광역시 북구 북동,사망사고,1,1,1,0,차량단독 - 공작물충돌,안전운전불이행,건조,맑음,단일로 - 기타,승용,남,74세,경상,,,,
2017102900100085,2017년 10월 29일 04시,일요일,광주광역시 서구 쌍촌동,경상사고,0,0,2,0,차대차 - 추돌,안전운전불이행,건조,맑음,단일로 - 기타,승용,남,24세,상해없음,승용,남,26세,경상
2017102900100094,2017년 10월 29일 05시,일요일,광주광역시 동구 금동,경상사고,0,0,1,0,차대사람 - 기타,안전운전불이행,건조,맑음,단일로 - 기타,승용,남,19세,상해없음,보행자,여,20세,상해없음
2017102900100095,2017년 10월 29일 05시,일요일,광주광역시 서구 치평동,경상사고,0,0,3,0,차대차 - 추돌,안전운전불이행,건조,맑음,교차로 - 교차로부근,승용,남,26세,상해없음,승용,남,65세,경상
2017102900100145,2017년 10월 29일 09시,일요일,광주광역시 동구 계림동,경상사고,0,0,1,0,차대차 - 기타,중앙선침범,건조,맑음,단일로 - 기타,승용,남,59세,상해없음,승용,남,32세,경상
2017102900100186,2017년 10월 29일 11시,일요일,광주광역시 북구 중흥동,경상사고,0,0,2,0,차대차 - 기타,안전운전불이행,건조,맑음,단일로 - 기타,승용,남,64세,상해없음,승용,남,70세,경상
2017102900100236,2017년 10월 29일 13시,일요일,광주광역시 서구 치평동,경상사고,0,0,2,0,차대차 - 추돌,안전운전불이행,건조,맑음,교차로 - 교차로부근,승용,남,21세,상해없음,승용,남,47세,경상
2017102900100237,2017년 10월 29일 13시,일요일,광주광역시 광산구 신가동,부상신고사고,0,0,0,1,차대차 - 추돌,안전운전불이행,건조,맑음,단일로 - 기타,승합,남,47세,상해없음,이륜,남,17세,부상신고
2017102900100272,2017년 10월 29일 14시,일요일,광주광역시 북구 임동,경상사고,0,0,1,0,차대차 - 기타,안전거리미확보,건조,맑음,단일로 - 기타,승용,남,72세,상해없음,이륜,남,63세,경상
2017102900100305,2017년 10월 29일 15시,일요일,광주광역시 광산구 신가동,중상사고,0,1,0,0,차대사람 - 횡단중,안전운전불이행,건조,맑음,단일로 - 기타,승용,남,36세,상해없음,보행자,남,23세,중상
2017102900100306,2017년 10월 29일 15시,일요일,광주광역시 광산구 산월동,경상사고,0,0,5,0,차대차 - 측면충돌,안전거리미확보,건조,맑음,단일로 - 기타,승용,여,50세,상해없음,승용,여,31세,경상
2017102900100338,2017년 10월 29일 16시,일요일,광주광역시 북구 동림동,경상사고,0,0,1,0,차대차 - 추돌,안전운전불이행,건조,맑음,단일로 - 기타,승용,남,56세,상해없음,승용,여,35세,경상
2017102900100339,2017년 10월 29일 16시,일요일,광주광역시 북구 용두동,경상사고,0,0,1,0,차대차 - 측면충돌,차로위반,건조,맑음,단일로 - 기타,승용,남,31세,상해없음,승용,남,38세,경상
2017102900100376,2017년 10월 29일 17시,일요일,광주광역시 서구 광천동,경상사고,0,0,1,0,차대차 - 기타,안전운전불이행,건조,맑음,교차로 - 교차로안,승용,남,43세,상해없음,이륜,남,37세,경상
2017102900100429,2017년 10월 29일 18시,일요일,광주광역시 남구 방림동,경상사고,0,0,1,0,차대사람 - 횡단중,안전운전불이행,건조,맑음,단일로 - 기타,승용,남,45세,상해없음,보행자,남,48세,경상
2017102900100430,2017년 10월 29일 18시,일요일,광주광역시 북구 삼각동,경상사고,0,0,1,0,차대차 - 추돌,안전운전불이행,건조,맑음,교차로 - 교차로부근,이륜,남,75세,경상,승용,남,52세,상해없음
2017102900100520,2017년 10월 29일 21시,일요일,광주광역시 동구 황금동,경상사고,0,0,1,0,차대사람 - 기타,안전운전불이행,건조,맑음,단일로 - 기타,승용,남,35세,상해없음,보행자,여,54세,경상
2017102900100539,2017년 10월 29일 22시,일요일,광주광역시 북구 용봉동,경상사고,0,0,3,0,차대차 - 측면충돌,신호위반,건조,맑음,교차로 - 교차로부근,이륜,남,23세,경상,승용,남,25세,경상
2017102900100540,2017년 10월 29일 22시,일요일,광주광역시 광산구 우산동,경상사고,0,0,3,0,차대차 - 측면충돌,안전운전불이행,건조,맑음,단일로 - 기타,승용,남,41세,상해없음,승용,남,55세,경상
2017102900100559,2017년 10월 29일 23시,일요일,광주광역시 광산구 송정동,경상사고,0,0,2,0,차대차 - 추돌,안전운전불이행,건조,맑음,교차로 - 교차로부근,화물,남,20세,상해없음,승용,남,62세,경상
2017103000100036,2017년 10월 30일 00시,월요일,광주광역시 동구 남동,중상사고,0,3,1,0,차대차 - 측면충돌,신호위반,건조,맑음,교차로 - 교차로안,승용,남,24세,상해없음,승용,여,53세,중상
2017103000100037,2017년 10월 30일 00시,월요일,광주광역시 남구 월산동,경상사고,0,0,2,0,차대차 - 기타,교차로운행방법위반,건조,맑음,교차로 - 교차로안,승용,남,54세,상해없음,승용,남,45세,경상
2017103000100046,2017년 10월 30일 01시,월요일,광주광역시 동구 학동,경상사고,0,0,2,0,차대차 - 추돌,안전운전불이행,건조,맑음,단일로 - 기타,승용,남,29세,상해없음,승용,남,59세,경상
2017103000100105,2017년 10월 30일 06시,월요일,광주광역시 남구 주월동,중상사고,0,1,0,0,차대사람 - 횡단중,보행자보호의무위반,건조,맑음,교차로 - 교차로횡단보도내,승용,남,35세,상해없음,보행자,여,62세,중상
2017103000100190,2017년 10월 30일 08시,월요일,광주광역시 광산구 황룡동,중상사고,0,1,0,0,차대차 - 측면충돌,중앙선침범,건조,맑음,단일로 - 기타,승용,여,47세,상해없음,승용,여,46세,중상
2017103000100191,2017년 10월 30일 08시,월요일,광주광역시 광산구 우산동,경상사고,0,0,1,0,차대사람 - 횡단중,안전운전불이행,건조,맑음,기타 - 기타,특수,남,45세,상해없음,보행자,여,7세,경상
2017103000100192,2017년 10월 30일 08시,월요일,광주광역시 광산구 도천동,경상사고,0,0,1,0,차대차 - 측면충돌,안전운전불이행,건조,맑음,단일로 - 기타,승용,여,36세,상해없음,승용,남,40세,경상
2017103000100256,2017년 10월 30일 10시,월요일,광주광역시 북구 우산동,경상사고,0,0,1,0,차대차 - 측면충돌,안전운전불이행,건조,맑음,단일로 - 기타,화물,남,51세,상해없음,자전거,남,64세,경상
2017103000100257,2017년 10월 30일 10시,월요일,광주광역시 북구 두암동,경상사고,0,0,1,0,차대사람 - 기타,보행자보호의무위반,건조,맑음,교차로 - 교차로안,승용,여,49세,상해없음,보행자,여,64세,경상
2017103000100296,2017년 10월 30일 11시,월요일,광주광역시 광산구 선암동,중상사고,0,1,0,0,차대차 - 기타,안전운전불이행,건조,맑음,단일로 - 기타,화물,남,62세,상해없음,사륜오토바이(ATV),남,73세,중상
2017103000100362,2017년 10월 30일 13시,월요일,광주광역시 동구 계림동,중상사고,0,1,0,0,차대차 - 기타,신호위반,건조,맑음,교차로 - 교차로안,승용,남,67세,상해없음,이륜,남,70세,중상
2017103000100363,2017년 10월 30일 13시,월요일,광주광역시 남구 진월동,중상사고,0,1,1,0,차대차 - 추돌,안전운전불이행,건조,맑음,단일로 - 기타,화물,남,48세,상해없음,승용,여,36세,경상
2017103000100364,2017년 10월 30일 13시,월요일,광주광역시 북구 동림동,경상사고,0,0,1,0,차대차 - 측면충돌,차로위반,건조,맑음,단일로 - 교량,승용,여,63세,상해없음,승용,남,43세,경상
2017103000100451,2017년 10월 30일 15시,월요일,광주광역시 북구 유동,경상사고,0,0,1,0,차대차 - 기타,안전운전불이행,건조,맑음,교차로 - 교차로부근,승용,여,43세,상해없음,자전거,남,57세,경상