사고번호,사고일시,요일,시군구,사고내용,사망자수,중상자수,경상자수,부상신고자수,사고유형,법규위반,노면상태,기상상태,도로형태,가해운전자 차종,가해운전자 성별,가해운전자 연령,가해운전자 상해정도,피해운전자 차종,피해운전자 성별,피해운전자 연령,피해운전자 상해정도
2017103000100452,2017년 10월 30일 15시,월요일,광주광역시 북구 신용동,경상사고,0,0,2,0,차대차 - 측면충돌,안전운전불이행,건조,맑음,단일로 - 기타,승용,남,47세,상해없음,화물,남,64세,경상
2017103000100495,2017년 10월 30일 16시,월요일,광주광역시 서구 화정동,경상사고,0,0,1,0,차대차 - 측면충돌,중앙선침범,건조,맑음,단일로 - 기타,승용,여,59세,상해없음,승용,여,55세,경상
2017103000100496,2017년 10월 30일 16시,월요일,광주광역시 서구 매월동,경상사고,0,0,2,0,차대차 - 기타,교차로운행방법위반,건조,맑음,교차로 - 교차로안,승용,남,34세,경상,승용,여,37세,경상
2017103000100497,2017년 10월 30일 16시,월요일,광주광역시 광산구 운남동,중상사고,0,1,0,0,차대차 - 측면충돌,안전운전불이행,건조,맑음,교차로 - 교차로부근,자전거,남,73세,중상,승합,여,53세,상해없음
2017103000100498,2017년 10월 30일 16시,월요일,광주광역시 광산구 신창동,경상사고,0,0,1,0,차대차 - 기타,안전운전불이행,건조,맑음,교차로 - 교차로안,승용,여,45세,상해없음,승용,여,42세,경상
2017103000100552,2017년 10월 30일 17시,월요일,광주광역시 서구 화정동,경상사고,0,0,2,0,차대차 - 측면충돌,교차로운행방법위반,건조,흐림,교차로 - 교차로안,화물,남,24세,경상,화물,남,21세,경상
2017103000100553,2017년 10월 30일 17시,월요일,광주광역시 남구 방림동,중상사고,0,1,0,0,차대사람 - 길가장자리구역통행중,안전운전불이행,건조,맑음,단일로 - 기타,승용,남,31세,상해없음,보행자,여,76세,중상
2017103000100554,2017년 10월 30일 17시,월요일,광주광역시 광산구 하남동,경상사고,0,0,3,0,차대차 - 기타,안전운전불이행,건조,맑음,교차로 - 교차로부근,화물,남,49세,상해없음,화물,여,51세,경상
2017103000100607,2017년 10월 30일 18시,월요일,광주광역시 동구 용산동,경상사고,0,0,3,0,차대차 - 추돌,안전거리미확보,건조,맑음,단일로 - 기타,승용,남,53세,상해없음,승용,남,64세,경상
2017103000100608,2017년 10월 30일 18시,월요일,광주광역시 동구 불로동,부상신고사고,0,0,0,1,차대사람 - 기타,안전운전불이행,건조,맑음,단일로 - 기타,기타불명,기타불명,미분류,기타불명,보행자,남,46세,부상신고
2017103000100609,2017년 10월 30일 18시,월요일,광주광역시 북구 운암동,경상사고,0,0,6,0,차대차 - 측면충돌,안전거리미확보,건조,맑음,단일로 - 기타,승합,남,48세,상해없음,승용,남,28세,경상
2017103000100610,2017년 10월 30일 18시,월요일,광주광역시 북구 운암동,경상사고,0,0,1,0,차대차 - 측면충돌,중앙선침범,건조,맑음,교차로 - 교차로안,화물,남,57세,상해없음,승용,남,27세,상해없음
2017103000100611,2017년 10월 30일 18시,월요일,광주광역시 광산구 송정동,중상사고,0,1,0,0,차대사람 - 횡단중,안전운전불이행,건조,맑음,단일로 - 기타,승용,여,62세,상해없음,보행자,여,79세,중상
2017103000100661,2017년 10월 30일 19시,월요일,광주광역시 광산구 우산동,경상사고,0,0,4,0,차대차 - 추돌,안전거리미확보,건조,맑음,단일로 - 기타,승용,남,22세,상해없음,승용,남,55세,경상
2017103000100722,2017년 10월 30일 21시,월요일,광주광역시 북구 운암동,경상사고,0,0,2,0,차대차 - 측면충돌,안전운전불이행,건조,맑음,단일로 - 기타,승용,남,25세,상해없음,승용,남,60세,상해없음
2017103000100745,2017년 10월 30일 22시,월요일,광주광역시 북구 양산동,경상사고,0,0,1,0,차대차 - 측면충돌,안전운전불이행,건조,맑음,단일로 - 기타,이륜,남,61세,상해없음,자전거,남,13세,경상
2017103000100746,2017년 10월 30일 22시,월요일,광주광역시 광산구 운남동,경상사고,0,0,4,0,차대차 - 추돌,안전운전불이행,건조,맑음,교차로 - 교차로부근,승용,남,27세,상해없음,화물,남,57세,경상
2017103000100761,2017년 10월 30일 23시,월요일,광주광역시 북구 신안동,경상사고,0,0,2,0,차량단독 - 공작물충돌,안전운전불이행,건조,맑음,단일로 - 기타,화물,남,47세,상해없음,,,,
2017103000100762,2017년 10월 30일 23시,월요일,광주광역시 북구 문흥동,경상사고,0,0,1,0,차대차 - 측면충돌,교차로운행방법위반,건조,맑음,교차로 - 교차로안,이륜,남,19세,상해없음,이륜,남,54세,경상
2017103100100040,2017년 10월 31일 01시,화요일,광주광역시 남구 백운동,경상사고,0,0,4,0,차대차 - 측면충돌,안전운전불이행,건조,맑음,교차로 - 교차로부근,승용,남,19세,경상,승용,남,66세,경상
2017103100100115,2017년 10월 31일 07시,화요일,광주광역시 서구 치평동,경상사고,0,0,1,0,차대차 - 측면충돌,교차로운행방법위반,건조,맑음,교차로 - 교차로안,승용,남,27세,상해없음,승용,여,44세,경상
2017103100100116,2017년 10월 31일 07시,화요일,광주광역시 남구 주월동,경상사고,0,0,1,0,차대사람 - 횡단중,보행자보호의무위반,건조,맑음,교차로 - 교차로안,화물,남,59세,상해없음,보행자,남,13세,경상
2017103100100117,2017년 10월 31일 07시,화요일,광주광역시 북구 대촌동,경상사고,0,0,1,0,차대차 - 추돌,안전운전불이행,건조,맑음,교차로 - 교차로부근,화물,남,49세,상해없음,승용,남,19세,경상
2017103100100164,2017년 10월 31일 08시,화요일,광주광역시 남구 백운동,경상사고,0,0,1,0,차대차 - 추돌,안전운전불이행,건조,맑음,교차로 - 교차로부근,승용,남,31세,상해없음,승용,여,55세,경상
2017103100100165,2017년 10월 31일 08시,화요일,광주광역시 북구 연제동,경상사고,0,0,1,0,차대차 - 기타,안전거리미확보,건조,맑음,단일로 - 기타,화물,남,66세,상해없음,승용,남,31세,경상
2017103100100166,2017년 10월 31일 08시,화요일,광주광역시 북구 운암동,부상신고사고,0,0,0,1,차대차 - 추돌,안전운전불이행,건조,맑음,교차로 - 교차로부근,승용,남,46세,상해없음,승용,남,54세,부상신고
2017103100100167,2017년 10월 31일 08시,화요일,광주광역시 광산구 신창동,중상사고,0,1,0,0,차대사람 - 기타,안전운전불이행,건조,맑음,단일로 - 기타,승용,여,38세,상해없음,보행자,여,13세,중상
2017103100100222,2017년 10월 31일 09시,화요일,광주광역시 서구 쌍촌동,부상신고사고,0,0,0,1,차대차 - 기타,안전운전불이행,건조,맑음,교차로 - 교차로횡단보도내,자전거,남,26세,부상신고,승용,남,34세,상해없음
2017103100100223,2017년 10월 31일 09시,화요일,광주광역시 광산구 도산동,중상사고,0,1,0,0,차대차 - 기타,안전운전불이행,건조,맑음,교차로 - 교차로안,승용,남,56세,상해없음,승용,남,32세,중상
2017103100100248,2017년 10월 31일 10시,화요일,광주광역시 동구 동명동,경상사고,0,0,1,0,차대차 - 기타,불법유턴,건조,맑음,교차로 - 교차로안,자전거,남,52세,경상,승합,남,56세,상해없음
2017103100100291,2017년 10월 31일 11시,화요일,광주광역시 남구 백운동,중상사고,0,1,0,0,차대사람 - 기타,중앙선침범,건조,맑음,단일로 - 기타,승용,남,64세,상해없음,보행자,남,63세,중상
2017103100100319,2017년 10월 31일 12시,화요일,광주광역시 동구 동명동,경상사고,0,0,3,0,차대차 - 기타,신호위반,건조,맑음,교차로 - 교차로안,승용,남,46세,상해없음,승용,남,58세,경상
2017103100100320,2017년 10월 31일 12시,화요일,광주광역시 서구 벽진동,경상사고,0,0,1,0,차대차 - 기타,안전운전불이행,건조,맑음,단일로 - 기타,자전거,남,54세,상해없음,자전거,남,57세,경상
2017103100100321,2017년 10월 31일 12시,화요일,광주광역시 남구 진월동,중상사고,0,1,0,0,차대사람 - 횡단중,신호위반,건조,맑음,단일로 - 기타,승용,남,68세,상해없음,보행자,남,24세,중상
2017103100100354,2017년 10월 31일 13시,화요일,광주광역시 서구 내방동,경상사고,0,0,1,0,차대차 - 측면충돌,차로위반,건조,맑음,단일로 - 기타,승용,남,69세,상해없음,승용,남,28세,경상
2017103100100355,2017년 10월 31일 13시,화요일,광주광역시 서구 금호동,중상사고,0,1,0,0,차대사람 - 횡단중,보행자보호의무위반,건조,맑음,교차로 - 교차로횡단보도내,승용,여,27세,상해없음,보행자,여,77세,중상
2017103100100356,2017년 10월 31일 13시,화요일,광주광역시 남구 봉선동,경상사고,0,0,1,0,차대사람 - 횡단중,신호위반,건조,맑음,교차로 - 교차로횡단보도내,승용,남,60세,상해없음,보행자,여,45세,경상
2017103100100357,2017년 10월 31일 13시,화요일,광주광역시 북구 동림동,경상사고,0,0,1,0,차대차 - 기타,신호위반,건조,맑음,교차로 - 교차로안,승용,남,27세,경상,승용,여,34세,상해없음
2017103100100408,2017년 10월 31일 14시,화요일,광주광역시 광산구 월전동,경상사고,0,0,1,0,차대차 - 측면충돌,차로위반,건조,맑음,단일로 - 기타,승합,남,71세,상해없음,승용,남,51세,경상
2017103100100455,2017년 10월 31일 15시,화요일,광주광역시 서구 풍암동,경상사고,0,0,1,0,차대차 - 기타,안전운전불이행,건조,맑음,단일로 - 기타,화물,남,45세,상해없음,승용,여,33세,경상
2017103100100501,2017년 10월 31일 16시,화요일,광주광역시 남구 주월동,경상사고,0,0,1,0,차대차 - 기타,중앙선침범,건조,맑음,교차로 - 교차로부근,승용,여,62세,상해없음,승용,여,30세,경상
2017103100100502,2017년 10월 31일 16시,화요일,광주광역시 광산구 산월동,경상사고,0,0,1,0,차대차 - 기타,안전운전불이행,건조,맑음,단일로 - 기타,화물,남,67세,상해없음,승용,남,67세,경상
2017103100100605,2017년 10월 31일 18시,화요일,광주광역시 서구 풍암동,경상사고,0,0,1,0,차대차 - 측면충돌,안전운전불이행,건조,맑음,단일로 - 기타,승용,남,55세,상해없음,자전거,남,10세,경상
2017103100100646,2017년 10월 31일 19시,화요일,광주광역시 북구 중흥동,경상사고,0,0,3,0,차대차 - 측면충돌,교차로운행방법위반,건조,맑음,교차로 - 교차로안,승용,남,34세,상해없음,승용,여,24세,경상
2017103100100647,2017년 10월 31일 19시,화요일,광주광역시 광산구 장덕동,경상사고,0,0,3,1,차대차 - 측면충돌,교차로운행방법위반,건조,맑음,교차로 - 교차로안,승용,여,53세,부상신고,승용,남,42세,경상
2017103100100679,2017년 10월 31일 20시,화요일,광주광역시 서구 치평동,경상사고,0,0,1,0,차대차 - 측면충돌,안전운전불이행,건조,맑음,교차로 - 교차로안,승용,남,58세,상해없음,승용,남,42세,경상
2017103100100680,2017년 10월 31일 20시,화요일,광주광역시 서구 풍암동,경상사고,0,0,1,0,차대차 - 측면충돌,교차로운행방법위반,건조,맑음,교차로 - 교차로부근,승용,여,59세,상해없음,승용,남,31세,경상
2017103100100738,2017년 10월 31일 22시,화요일,광주광역시 동구 장동,경상사고,0,0,1,0,차대차 - 기타,안전운전불이행,건조,맑음,단일로 - 기타,승용,남,50세,상해없음,이륜,남,48세,경상
2017103100100739,2017년 10월 31일 22시,화요일,광주광역시 북구 두암동,중상사고,0,1,0,0,차대차 - 추돌,안전운전불이행,건조,맑음,단일로 - 기타,승용,남,30세,상해없음,승합,남,53세,기타불명
2017103100100767,2017년 10월 31일 23시,화요일,광주광역시 남구 서동,경상사고,0,0,1,0,차대차 - 측면충돌,안전운전불이행,건조,맑음,교차로 - 교차로안,승용,남,46세,상해없음,승용,여,41세,경상
2017103100100768,2017년 10월 31일 23시,화요일,광주광역시 북구 삼각동,경상사고,0,0,2,0,차대차 - 추돌,안전운전불이행,건조,맑음,교차로 - 교차로부근,승용,남,50세,상해없음,승용,남,54세,경상
2017110100100041,2017년 11월 1일 00시,수요일,광주광역시 북구 두암동,경상사고,0,0,1,0,차대차 - 측면충돌,교차로운행방법위반,건조,맑음,교차로 - 교차로안,승용,여,54세,상해없음,이륜,남,24세,경상
2017110100100057,2017년 11월 1일 01시,수요일,광주광역시 북구 운암동,경상사고,0,0,1,0,차대차 - 추돌,안전운전불이행,건조,맑음,단일로 - 기타,승용,남,24세,상해없음,승용,남,58세,경상
2017110100100139,2017년 11월 1일 07시,수요일,광주광역시 남구 월산동,경상사고,0,0,1,0,차대사람 - 보도통행중,신호위반,건조,맑음,교차로 - 교차로횡단보도내,승용,여,22세,상해없음,보행자,여,48세,경상
2017110100100179,2017년 11월 1일 08시,수요일,광주광역시 광산구 신가동,중상사고,0,1,0,0,차대차 - 측면충돌,신호위반,건조,맑음,교차로 - 교차로부근,승용,남,32세,상해없음,자전거,남,43세,중상
2017110100100180,2017년 11월 1일 08시,수요일,광주광역시 광산구 비아동,경상사고,0,0,1,0,차대차 - 측면충돌,안전운전불이행,건조,맑음,교차로 - 교차로안,승용,여,49세,상해없음,승용,남,32세,경상
2017110100100267,2017년 11월 1일 11시,수요일,광주광역시 서구 치평동,경상사고,0,0,2,0,차대차 - 기타,안전운전불이행,건조,맑음,교차로 - 교차로안,화물,남,42세,경상,승용,여,49세,경상
2017110100100268,2017년 11월 1일 11시,수요일,광주광역시 서구 매월동,경상사고,0,0,3,0,차대차 - 측면충돌,교차로운행방법위반,건조,맑음,교차로 - 교차로안,승용,남,39세,경상,화물,남,63세,상해없음
2017110100100269,2017년 11월 1일 11시,수요일,광주광역시 서구 치평동,경상사고,0,0,2,0,차대차 - 기타,안전거리미확보,건조,맑음,단일로 - 기타,승용,남,31세,상해없음,승용,남,54세,경상
2017110100100270,2017년 11월 1일 11시,수요일,광주광역시 광산구 비아동,경상사고,0,0,2,0,차대차 - 측면충돌,신호위반,건조,맑음,교차로 - 교차로안,승용,남,44세,경상,화물,남,52세,경상
2017110100100302,2017년 11월 1일 12시,수요일,광주광역시 동구 충장로4가,경상사고,0,0,1,0,차대차 - 기타,기타,건조,맑음,단일로 - 기타,승용,남,56세,상해없음,자전거,여,55세,경상
2017110100100303,2017년 11월 1일 12시,수요일,광주광역시 북구 신안동,중상사고,0,1,0,0,차대사람 - 횡단중,안전운전불이행,건조,맑음,교차로 - 교차로부근,이륜,남,36세,상해없음,보행자,여,36세,중상
2017110100100371,2017년 11월 1일 14시,수요일,광주광역시 북구 풍향동,경상사고,0,0,2,0,차대차 - 기타,안전거리미확보,건조,맑음,단일로 - 기타,승용,남,61세,상해없음,승용,여,30세,경상
2017110100100409,2017년 11월 1일 15시,수요일,광주광역시 광산구 운수동,경상사고,0,0,1,0,차대차 - 측면충돌,안전운전불이행,건조,맑음,교차로 - 교차로부근,승용,여,52세,상해없음,승용,남,40세,경상
2017110100100443,2017년 11월 1일 16시,수요일,광주광역시 북구 동림동,부상신고사고,0,0,0,1,차대차 - 측면충돌,안전운전불이행,건조,맑음,단일로 - 기타,기타불명,기타불명,미분류,기타불명,자전거,남,9세,부상신고
2017110100100444,2017년 11월 1일 16시,수요일,광주광역시 광산구 선암동,경상사고,0,0,1,0,차대차 - 측면충돌,안전거리미확보,건조,맑음,단일로 - 교량,화물,남,46세,상해없음,승용,여,46세,경상
2017110100100491,2017년 11월 1일 17시,수요일,광주광역시 북구 중흥동,경상사고,0,0,3,0,차대차 - 측면충돌,안전운전불이행,건조,맑음,단일로 - 기타,승용,남,46세,경상,승용,남,49세,경상
2017110100100569,2017년 11월 1일 18시,수요일,광주광역시 북구 동림동,중상사고,0,1,0,0,차대사람 - 횡단중,안전운전불이행,건조,맑음,교차로 - 교차로부근,화물,남,69세,상해없음,보행자,여,77세,중상
2017110100100570,2017년 11월 1일 18시,수요일,광주광역시 북구 연제동,경상사고,0,0,4,0,차대차 - 추돌,안전운전불이행,건조,맑음,단일로 - 기타,화물,남,46세,경상,승용,여,36세,경상
2017110100100571,2017년 11월 1일 18시,수요일,광주광역시 광산구 비아동,경상사고,0,0,5,0,차대차 - 추돌,안전거리미확보,건조,맑음,단일로 - 기타,승용,남,71세,상해없음,승용,남,26세,경상
2017110100100623,2017년 11월 1일 19시,수요일,광주광역시 남구 진월동,경상사고,0,0,1,0,차대차 - 측면충돌,안전운전불이행,건조,맑음,교차로 - 교차로안,승용,남,72세,상해없음,이륜,남,24세,경상
2017110100100624,2017년 11월 1일 19시,수요일,광주광역시 북구 임동,경상사고,0,0,5,0,차대차 - 측면충돌,안전거리미확보,건조,맑음,교차로 - 교차로안,승용,남,43세,상해없음,승용,여,63세,경상
2017110100100625,2017년 11월 1일 19시,수요일,광주광역시 북구 양산동,경상사고,0,0,2,0,차대차 - 측면충돌,안전운전불이행,건조,맑음,단일로 - 기타,승합,남,40세,경상,승용,남,52세,경상
2017110100100626,2017년 11월 1일 19시,수요일,광주광역시 광산구 우산동,경상사고,0,0,1,0,차대차 - 측면충돌,안전거리미확보,건조,맑음,단일로 - 터널,화물,남,29세,상해없음,승용,여,45세,경상
2017110100100709,2017년 11월 1일 22시,수요일,광주광역시 서구 화정동,경상사고,0,0,2,0,차대차 - 추돌,안전운전불이행,건조,맑음,교차로 - 교차로부근,승용,여,38세,상해없음,승용,여,31세,경상
2017110100100710,2017년 11월 1일 22시,수요일,광주광역시 서구 치평동,경상사고,0,0,1,0,차대차 - 측면충돌,안전거리미확보,건조,맑음,단일로 - 기타,승용,남,58세,상해없음,승용,남,35세,경상
2017110100100711,2017년 11월 1일 22시,수요일,광주광역시 서구 치평동,경상사고,0,0,2,0,차대차 - 측면충돌,안전운전불이행,건조,맑음,교차로 - 교차로안,승합,남,38세,상해없음,승용,여,27세,경상
2017110100100712,2017년 11월 1일 22시,수요일,광주광역시 남구 월산동,중상사고,0,1,0,0,차대차 - 측면충돌,중앙선침범,건조,맑음,교차로 - 교차로부근,화물,남,39세,상해없음,원동기,남,49세,중상
2017110100100735,2017년 11월 1일 23시,수요일,광주광역시 북구 중흥동,경상사고,0,0,1,0,차대차 - 추돌,안전운전불이행,건조,맑음,교차로 - 교차로부근,승용,남,26세,상해없음,승용,여,25세,경상
2017110200100045,2017년 11월 2일 01시,목요일,광주광역시 북구 용봉동,부상신고사고,0,0,0,1,차대차 - 측면충돌,신호위반,건조,맑음,교차로 - 교차로안,승용,남,36세,상해없음,승용,남,50세,상해없음
2017110200100088,2017년 11월 2일 06시,목요일,광주광역시 광산구 소촌동,중상사고,0,1,2,0,차대차 - 측면충돌,안전거리미확보,건조,맑음,단일로 - 기타,화물,남,59세,경상,화물,남,57세,경상
2017110200100111,2017년 11월 2일 07시,목요일,광주광역시 서구 유촌동,중상사고,0,1,1,0,차대차 - 측면충돌,안전운전불이행,건조,맑음,단일로 - 기타,승용,남,23세,상해없음,승용,여,29세,중상
2017110200100138,2017년 11월 2일 08시,목요일,광주광역시 북구 우산동,경상사고,0,0,3,0,차대차 - 측면충돌,중앙선침범,건조,맑음,단일로 - 기타,승용,남,65세,상해없음,승용,여,49세,경상
2017110200100178,2017년 11월 2일 09시,목요일,광주광역시 광산구 신창동,경상사고,0,0,1,0,차대차 - 측면충돌,안전운전불이행,건조,맑음,교차로 - 교차로안,화물,여,49세,상해없음,자전거,남,25세,경상
2017110200100199,2017년 11월 2일 10시,목요일,광주광역시 서구 덕흥동,경상사고,0,0,1,0,차대차 - 기타,안전운전불이행,건조,맑음,단일로 - 기타,특수,남,52세,상해없음,승용,여,32세,경상
2017110200100244,2017년 11월 2일 12시,목요일,광주광역시 서구 쌍촌동,경상사고,0,0,1,0,차대차 - 측면충돌,교차로운행방법위반,건조,맑음,교차로 - 교차로안,승용,여,48세,상해없음,승용,남,57세,경상
2017110200100271,2017년 11월 2일 13시,목요일,광주광역시 광산구 수완동,경상사고,0,0,2,0,차대차 - 추돌,안전거리미확보,건조,맑음,단일로 - 기타,승용,남,50세,경상,승용,남,47세,경상
2017110200100294,2017년 11월 2일 14시,목요일,광주광역시 북구 두암동,경상사고,0,0,1,0,차대차 - 후진중충돌,안전운전불이행,건조,맑음,단일로 - 기타,화물,남,50세,상해없음,이륜,남,35세,경상
2017110200100326,2017년 11월 2일 15시,목요일,광주광역시 남구 백운동,경상사고,0,0,7,1,차대차 - 추돌,안전운전불이행,건조,맑음,단일로 - 기타,건설기계,남,52세,상해없음,승합,남,47세,경상
2017110200100408,2017년 11월 2일 17시,목요일,광주광역시 서구 내방동,경상사고,0,0,1,0,차대사람 - 기타,안전운전불이행,건조,맑음,단일로 - 기타,승용,남,66세,상해없음,보행자,남,87세,경상
2017110200100452,2017년 11월 2일 18시,목요일,광주광역시 서구 광천동,경상사고,0,0,1,0,차대사람 - 기타,안전운전불이행,건조,맑음,단일로 - 기타,기타불명,기타불명,미분류,기타불명,보행자,남,52세,경상
2017110200100453,2017년 11월 2일 18시,목요일,광주광역시 북구 중흥동,중상사고,0,1,1,0,차대차 - 기타,신호위반,건조,맑음,교차로 - 교차로안,승용,남,74세,상해없음,승용,남,32세,경상
2017110200100454,2017년 11월 2일 18시,목요일,광주광역시 북구 신용동,중상사고,0,1,1,0,차대차 - 추돌,안전거리미확보,건조,맑음,단일로 - 기타,승용,남,23세,상해없음,승용,남,37세,중상
2017110200100497,2017년 11월 2일 19시,목요일,광주광역시 서구 화정동,경상사고,0,0,1,0,차대사람 - 횡단중,안전운전불이행,건조,맑음,단일로 - 기타,승용,남,31세,상해없음,보행자,여,13세,경상
2017110200100528,2017년 11월 2일 20시,목요일,광주광역시 서구 치평동,경상사고,0,0,1,0,차대차 - 측면충돌,차로위반,건조,맑음,단일로 - 기타,승용,남,52세,상해없음,원동기,남,25세,경상
2017110200100529,2017년 11월 2일 20시,목요일,광주광역시 북구 신용동,중상사고,0,1,0,0,차대차 - 기타,기타,건조,맑음,교차로 - 교차로안,자전거,남,13세,중상,승용,여,48세,상해없음
2017110200100558,2017년 11월 2일 21시,목요일,광주광역시 서구 광천동,경상사고,0,0,1,0,차대사람 - 기타,안전운전불이행,건조,맑음,단일로 - 기타,승용,남,36세,상해없음,보행자,남,24세,경상
2017110200100559,2017년 11월 2일 21시,목요일,광주광역시 광산구 산정동,경상사고,0,0,1,0,차대차 - 추돌,안전운전불이행,건조,맑음,교차로 - 교차로안,승합,남,47세,상해없음,승용,여,48세,경상
2017110200100581,2017년 11월 2일 22시,목요일,광주광역시 서구 유촌동,경상사고,0,0,1,0,차대차 - 추돌,안전거리미확보,건조,맑음,단일로 - 기타,기타불명,기타불명,미분류,기타불명,승용,남,40세,경상
2017110200100582,2017년 11월 2일 22시,목요일,광주광역시 북구 운암동,경상사고,0,0,2,0,차대차 - 측면충돌,안전거리미확보,건조,맑음,단일로 - 기타,승합,남,27세,상해없음,승용,여,29세,경상
2017110200100596,2017년 11월 2일 23시,목요일,광주광역시 남구 백운동,경상사고,0,0,2,0,차대차 - 측면충돌,교차로운행방법위반,건조,맑음,교차로 - 교차로안,승용,남,27세,경상,승용,남,49세,경상
2017110300100042,2017년 11월 3일 00시,금요일,광주광역시 서구 금호동,사망사고,1,0,1,0,차대차 - 추돌,안전운전불이행,건조,맑음,단일로 - 기타,승용,남,19세,경상,화물,남,48세,기타불명
2017110300100043,2017년 11월 3일 00시,금요일,광주광역시 서구 쌍촌동,중상사고,0,1,2,0,차대차 - 측면충돌,신호위반,건조,맑음,교차로 - 교차로안,승용,남,41세,상해없음,승용,남,67세,중상
2017110300100044,2017년 11월 3일 00시,금요일,광주광역시 서구 광천동,경상사고,0,0,1,0,차대차 - 기타,안전운전불이행,건조,맑음,교차로 - 교차로부근,승용,여,36세,상해없음,승합,남,36세,상해없음
2017110300100087,2017년 11월 3일 05시,금요일,광주광역시 서구 치평동,경상사고,0,0,1,0,차대차 - 기타,신호위반,건조,맑음,교차로 - 교차로안,승합,남,62세,상해없음,승용,남,43세,경상
2017110300100088,2017년 11월 3일 05시,금요일,광주광역시 북구 신안동,중상사고,0,1,0,0,차대차 - 측면충돌,안전운전불이행,건조,맑음,교차로 - 교차로안,승용,남,43세,상해없음,자전거,남,69세,중상
2017110300100220,2017년 11월 3일 09시,금요일,광주광역시 북구 신용동,경상사고,0,0,2,0,차대차 - 측면충돌,안전운전불이행,건조,맑음,교차로 - 교차로안,승용,여,51세,경상,승용,여,68세,경상
2017110300100331,2017년 11월 3일 12시,금요일,광주광역시 북구 운암동,경상사고,0,0,1,0,차대차 - 측면충돌,안전운전불이행,건조,맑음,단일로 - 기타,화물,남,75세,상해없음,승용,여,64세,경상
2017110300100424,2017년 11월 3일 15시,금요일,광주광역시 북구 매곡동,경상사고,0,0,1,0,차대사람 - 차도통행중,안전운전불이행,건조,맑음,교차로 - 교차로부근,기타불명,기타불명,미분류,기타불명,보행자,남,32세,경상
2017110300100425,2017년 11월 3일 15시,금요일,광주광역시 광산구 선동,경상사고,0,0,1,0,차대차 - 측면충돌,안전거리미확보,건조,흐림,단일로 - 교량,특수,남,40세,상해없음,승용,여,48세,경상
2017110300100461,2017년 11월 3일 16시,금요일,광주광역시 동구 궁동,중상사고,0,1,3,0,차대차 - 추돌,안전운전불이행,건조,흐림,단일로 - 기타,승용,남,57세,중상,승합,남,62세,경상
2017110300100519,2017년 11월 3일 17시,금요일,광주광역시 북구 임동,경상사고,0,0,1,0,차대차 - 추돌,안전운전불이행,건조,맑음,단일로 - 기타,원동기,남,23세,경상,화물,남,57세,상해없음
2017110300100588,2017년 11월 3일 18시,금요일,광주광역시 동구 지산동,경상사고,0,0,2,0,차대차 - 추돌,안전운전불이행,건조,맑음,교차로 - 교차로부근,승용,남,59세,상해없음,이륜,남,27세,경상
2017110300100589,2017년 11월 3일 18시,금요일,광주광역시 광산구 안청동,경상사고,0,0,1,0,차대차 - 기타,안전운전불이행,건조,맑음,단일로 - 기타,화물,남,34세,경상,화물,남,59세,상해없음
2017110300100636,2017년 11월 3일 19시,금요일,광주광역시 북구 삼각동,중상사고,0,1,0,0,차대차 - 측면충돌,불법유턴,건조,맑음,교차로 - 교차로안,자전거,남,11세,중상,승용,남,47세,상해없음
2017110300100681,2017년 11월 3일 20시,금요일,광주광역시 서구 덕흥동,경상사고,0,0,1,0,차대차 - 측면충돌,안전운전불이행,건조,맑음,단일로 - 기타,승용,남,47세,상해없음,승용,남,43세,경상
2017110300100682,2017년 11월 3일 20시,금요일,광주광역시 광산구 월계동,경상사고,0,0,2,0,차대차 - 측면충돌,안전운전불이행,건조,맑음,교차로 - 교차로안,승용,여,49세,상해없음,승용,여,52세,경상
2017110400100045,2017년 11월 4일 01시,토요일,광주광역시 동구 불로동,경상사고,0,0,2,0,차대차 - 추돌,안전거리미확보,건조,맑음,교차로 - 교차로부근,승용,남,33세,상해없음,승용,남,56세,상해없음
2017110400100046,2017년 11월 4일 01시,토요일,광주광역시 남구 주월동,경상사고,0,0,3,0,차대차 - 추돌,안전운전불이행,건조,맑음,단일로 - 기타,승용,남,31세,상해없음,승용,남,44세,경상
2017110400100047,2017년 11월 4일 01시,토요일,광주광역시 북구 용봉동,경상사고,0,0,1,0,차대사람 - 기타,안전운전불이행,건조,흐림,단일로 - 기타,기타불명,기타불명,미분류,기타불명,보행자,남,19세,경상
2017110400100048,2017년 11월 4일 01시,토요일,광주광역시 북구 운암동,경상사고,0,0,1,0,차대차 - 측면충돌,안전거리미확보,건조,맑음,단일로 - 기타,승용,여,54세,상해없음,이륜,남,23세,경상
2017110400100061,2017년 11월 4일 02시,토요일,광주광역시 북구 대촌동,경상사고,0,0,1,0,차대차 - 측면충돌,신호위반,건조,흐림,교차로 - 교차로안,승용,남,53세,상해없음,승용,남,27세,경상