사고번호,사고일시,요일,시군구,사고내용,사망자수,중상자수,경상자수,부상신고자수,사고유형,법규위반,노면상태,기상상태,도로형태,가해운전자 차종,가해운전자 성별,가해운전자 연령,가해운전자 상해정도,피해운전자 차종,피해운전자 성별,피해운전자 연령,피해운전자 상해정도
2017110400100087,2017년 11월 4일 04시,토요일,광주광역시 광산구 신가동,경상사고,0,0,1,0,차대사람 - 기타,안전운전불이행,건조,맑음,교차로 - 교차로부근,승용,남,65세,상해없음,보행자,남,22세,경상
2017110400100111,2017년 11월 4일 06시,토요일,광주광역시 서구 벽진동,중상사고,0,2,0,0,차대차 - 기타,교차로운행방법위반,건조,맑음,교차로 - 교차로안,승용,남,28세,상해없음,화물,남,42세,중상
2017110400100124,2017년 11월 4일 07시,토요일,광주광역시 서구 치평동,경상사고,0,0,1,0,차대차 - 측면충돌,안전거리미확보,건조,맑음,단일로 - 기타,승용,남,24세,상해없음,승용,남,44세,경상
2017110400100125,2017년 11월 4일 07시,토요일,광주광역시 광산구 도산동,경상사고,0,0,1,0,차대차 - 추돌,안전운전불이행,건조,맑음,단일로 - 기타,승용,남,32세,상해없음,승용,남,34세,경상
2017110400100148,2017년 11월 4일 08시,토요일,광주광역시 서구 풍암동,중상사고,0,1,0,0,차대사람 - 기타,안전운전불이행,건조,맑음,교차로 - 교차로안,승합,남,57세,상해없음,보행자,남,72세,중상
2017110400100175,2017년 11월 4일 09시,토요일,광주광역시 남구 양림동,경상사고,0,0,1,0,차대사람 - 기타,기타,건조,맑음,단일로 - 기타,화물,남,38세,상해없음,보행자,여,39세,경상
2017110400100235,2017년 11월 4일 11시,토요일,광주광역시 서구 농성동,중상사고,0,1,0,0,차대사람 - 기타,안전운전불이행,건조,맑음,단일로 - 기타,승용,남,42세,상해없음,보행자,남,6세,중상
2017110400100236,2017년 11월 4일 11시,토요일,광주광역시 남구 방림동,경상사고,0,0,1,0,차대차 - 추돌,안전거리미확보,건조,맑음,단일로 - 기타,승용,남,71세,상해없음,승용,남,32세,경상
2017110400100266,2017년 11월 4일 12시,토요일,광주광역시 동구 지산동,경상사고,0,0,2,0,차대사람 - 횡단중,안전운전불이행,건조,맑음,단일로 - 기타,이륜,남,60세,경상,보행자,여,20세,경상
2017110400100267,2017년 11월 4일 12시,토요일,광주광역시 서구 치평동,경상사고,0,0,2,0,차대차 - 측면충돌,차로위반,건조,맑음,단일로 - 기타,승용,여,43세,상해없음,승용,남,33세,경상
2017110400100268,2017년 11월 4일 12시,토요일,광주광역시 광산구 소촌동,경상사고,0,0,5,0,차대차 - 추돌,안전운전불이행,건조,맑음,기타 - 기타,화물,남,37세,상해없음,승용,여,58세,경상
2017110400100300,2017년 11월 4일 13시,토요일,광주광역시 서구 풍암동,중상사고,0,2,1,0,차대차 - 기타,안전거리미확보,건조,맑음,단일로 - 기타,승용,여,47세,상해없음,승용,남,27세,중상
2017110400100333,2017년 11월 4일 14시,토요일,광주광역시 북구 임동,경상사고,0,0,2,0,차대차 - 측면충돌,신호위반,건조,맑음,교차로 - 교차로안,승용,남,65세,상해없음,승용,남,29세,경상
2017110400100411,2017년 11월 4일 16시,토요일,광주광역시 광산구 수완동,경상사고,0,0,5,0,차대차 - 측면충돌,교차로운행방법위반,건조,맑음,교차로 - 교차로부근,승용,남,32세,상해없음,승용,여,34세,경상
2017110400100412,2017년 11월 4일 16시,토요일,광주광역시 광산구 월계동,중상사고,0,1,0,0,차대차 - 측면충돌,과속,건조,맑음,단일로 - 기타,승용,남,65세,상해없음,자전거,남,74세,중상
2017110400100451,2017년 11월 4일 17시,토요일,광주광역시 남구 주월동,경상사고,0,0,1,0,차대차 - 측면충돌,직진우회전진행방해,건조,맑음,교차로 - 교차로안,승용,여,46세,상해없음,이륜,남,27세,경상
2017110400100499,2017년 11월 4일 18시,토요일,광주광역시 서구 덕흥동,경상사고,0,0,1,0,차대차 - 추돌,안전운전불이행,건조,맑음,단일로 - 기타,승용,남,50세,상해없음,승용,여,43세,경상
2017110400100500,2017년 11월 4일 18시,토요일,광주광역시 북구 매곡동,중상사고,0,1,0,0,차대사람 - 횡단중,보행자보호의무위반,건조,맑음,교차로 - 교차로안,승용,남,51세,상해없음,보행자,남,58세,중상
2017110400100569,2017년 11월 4일 20시,토요일,광주광역시 서구 광천동,경상사고,0,0,1,0,차대차 - 추돌,안전운전불이행,건조,맑음,단일로 - 기타,승용,남,52세,상해없음,승용,남,34세,경상
2017110400100570,2017년 11월 4일 20시,토요일,광주광역시 북구 오룡동,경상사고,0,0,1,0,차대차 - 측면충돌,안전거리미확보,건조,맑음,단일로 - 기타,승용,남,67세,상해없음,원동기,남,24세,경상
2017110400100652,2017년 11월 4일 23시,토요일,광주광역시 서구 농성동,경상사고,0,0,1,0,차대차 - 측면충돌,안전운전불이행,건조,맑음,교차로 - 교차로안,승용,남,75세,상해없음,승용,남,66세,경상
2017110500100043,2017년 11월 5일 01시,일요일,광주광역시 광산구 우산동,경상사고,0,0,2,0,차대차 - 측면충돌,교차로운행방법위반,건조,맑음,교차로 - 교차로안,승용,여,26세,경상,승용,남,31세,상해없음
2017110500100083,2017년 11월 5일 05시,일요일,광주광역시 북구 우산동,경상사고,0,0,1,0,차대차 - 측면충돌,안전운전불이행,건조,맑음,교차로 - 교차로부근,승용,남,20세,상해없음,승용,남,53세,상해없음
2017110500100207,2017년 11월 5일 12시,일요일,광주광역시 서구 치평동,경상사고,0,0,2,0,차대차 - 측면충돌,안전운전불이행,건조,맑음,교차로 - 교차로안,승용,여,49세,경상,승용,남,52세,경상
2017110500100208,2017년 11월 5일 12시,일요일,광주광역시 광산구 송정동,경상사고,0,0,4,0,차대차 - 기타,중앙선침범,건조,맑음,교차로 - 교차로부근,승용,남,21세,상해없음,승용,남,54세,경상
2017110500100225,2017년 11월 5일 13시,일요일,광주광역시 북구 신용동,경상사고,0,0,1,0,차대사람 - 횡단중,보행자보호의무위반,건조,맑음,단일로 - 기타,승용,여,32세,상해없음,보행자,남,8세,경상
2017110500100226,2017년 11월 5일 13시,일요일,광주광역시 북구 운암동,경상사고,0,0,1,0,차대차 - 추돌,안전거리미확보,건조,맑음,교차로 - 교차로부근,승용,남,50세,상해없음,승용,남,64세,상해없음
2017110500100227,2017년 11월 5일 13시,일요일,광주광역시 광산구 월곡동,경상사고,0,0,1,0,차대차 - 기타,차로위반,건조,맑음,기타 - 기타,승용,남,42세,상해없음,자전거,남,16세,경상
2017110500100359,2017년 11월 5일 17시,일요일,광주광역시 서구 쌍촌동,경상사고,0,0,2,0,차대차 - 측면충돌,안전거리미확보,건조,맑음,교차로 - 교차로안,승용,남,56세,상해없음,승용,남,24세,경상
2017110500100406,2017년 11월 5일 18시,일요일,광주광역시 남구 주월동,중상사고,0,1,0,0,차대차 - 측면충돌,교차로운행방법위반,건조,맑음,교차로 - 교차로안,승합,남,65세,상해없음,자전거,남,60세,중상
2017110500100407,2017년 11월 5일 18시,일요일,광주광역시 광산구 장덕동,경상사고,0,0,1,0,차대차 - 추돌,안전운전불이행,건조,맑음,교차로 - 교차로부근,승용,여,52세,상해없음,이륜,남,52세,경상
2017110500100446,2017년 11월 5일 19시,일요일,광주광역시 서구 풍암동,중상사고,0,1,0,0,차대차 - 측면충돌,안전운전불이행,건조,맑음,교차로 - 교차로안,승용,남,50세,상해없음,이륜,남,54세,중상
2017110500100447,2017년 11월 5일 19시,일요일,광주광역시 북구 중흥동,경상사고,0,0,1,0,차대차 - 기타,교차로운행방법위반,건조,맑음,교차로 - 교차로안,승용,남,24세,상해없음,원동기,남,49세,경상
2017110500100513,2017년 11월 5일 22시,일요일,광주광역시 북구 풍향동,경상사고,0,0,2,0,차대차 - 측면충돌,안전거리미확보,건조,맑음,단일로 - 기타,승용,여,49세,기타불명,승용,남,58세,경상
2017110600100034,2017년 11월 6일 00시,월요일,광주광역시 서구 덕흥동,경상사고,0,0,1,0,차대차 - 측면충돌,안전운전불이행,건조,맑음,단일로 - 기타,승용,남,27세,상해없음,승용,남,47세,경상
2017110600100040,2017년 11월 6일 01시,월요일,광주광역시 광산구 월계동,부상신고사고,0,0,0,1,차대차 - 기타,안전거리미확보,건조,맑음,단일로 - 기타,승용,남,24세,부상신고,승용,남,46세,상해없음
2017110600100062,2017년 11월 6일 05시,월요일,광주광역시 북구 유동,경상사고,0,0,1,0,차대사람 - 횡단중,안전운전불이행,건조,맑음,교차로 - 교차로횡단보도내,승용,남,28세,상해없음,보행자,남,36세,경상
2017110600100106,2017년 11월 6일 07시,월요일,광주광역시 서구 덕흥동,경상사고,0,0,3,0,차대차 - 측면충돌,차로위반,건조,맑음,단일로 - 기타,승용,여,24세,경상,승용,남,42세,경상
2017110600100107,2017년 11월 6일 07시,월요일,광주광역시 북구 신안동,경상사고,0,0,1,0,차대차 - 측면충돌,신호위반,건조,맑음,교차로 - 교차로안,승용,여,48세,상해없음,승용,남,29세,경상
2017110600100108,2017년 11월 6일 07시,월요일,광주광역시 북구 양산동,경상사고,0,0,2,0,차대차 - 기타,안전운전불이행,건조,맑음,교차로 - 교차로부근,화물,남,56세,기타불명,승용,남,37세,경상
2017110600100109,2017년 11월 6일 07시,월요일,광주광역시 북구 매곡동,경상사고,0,0,1,0,차대차 - 추돌,안전거리미확보,건조,맑음,단일로 - 기타,승용,남,46세,상해없음,승용,남,44세,경상
2017110600100143,2017년 11월 6일 08시,월요일,광주광역시 서구 덕흥동,중상사고,0,1,0,0,차대차 - 기타,안전운전불이행,건조,맑음,단일로 - 기타,기타불명,기타불명,미분류,기타불명,승용,여,34세,중상
2017110600100144,2017년 11월 6일 08시,월요일,광주광역시 북구 신용동,경상사고,0,0,7,0,차대차 - 추돌,안전운전불이행,건조,맑음,단일로 - 기타,승용,남,57세,상해없음,승용,남,30세,경상
2017110600100182,2017년 11월 6일 09시,월요일,광주광역시 동구 계림동,경상사고,0,0,1,0,차대차 - 기타,안전운전불이행,건조,맑음,단일로 - 기타,승용,남,23세,상해없음,자전거,남,36세,경상
2017110600100183,2017년 11월 6일 09시,월요일,광주광역시 남구 주월동,경상사고,0,0,2,0,차대차 - 측면충돌,직진우회전진행방해,건조,맑음,교차로 - 교차로안,승용,남,62세,상해없음,승용,남,41세,경상
2017110600100299,2017년 11월 6일 13시,월요일,광주광역시 북구 운암동,중상사고,0,1,0,0,차대사람 - 기타,안전운전불이행,건조,맑음,기타 - 기타,승용,여,61세,상해없음,보행자,여,81세,중상
2017110600100412,2017년 11월 6일 16시,월요일,광주광역시 서구 화정동,경상사고,0,0,1,0,차대차 - 후진중충돌,안전운전불이행,건조,맑음,단일로 - 기타,승용,남,47세,상해없음,승용,여,44세,경상
2017110600100466,2017년 11월 6일 17시,월요일,광주광역시 북구 우산동,경상사고,0,0,1,0,차대사람 - 길가장자리구역통행중,안전운전불이행,건조,맑음,단일로 - 기타,승용,남,62세,상해없음,보행자,여,71세,경상
2017110600100467,2017년 11월 6일 17시,월요일,광주광역시 북구 우산동,중상사고,0,1,0,0,차대차 - 측면충돌,교차로운행방법위반,건조,맑음,교차로 - 교차로안,원동기,남,75세,중상,승용,남,41세,상해없음
2017110600100530,2017년 11월 6일 18시,월요일,광주광역시 광산구 도천동,경상사고,0,0,1,0,차대차 - 측면충돌,안전거리미확보,건조,맑음,단일로 - 기타,승용,남,63세,상해없음,승용,여,34세,경상
2017110600100531,2017년 11월 6일 18시,월요일,광주광역시 광산구 운수동,경상사고,0,0,2,0,차대차 - 측면충돌,안전운전불이행,건조,맑음,단일로 - 기타,승용,여,59세,경상,승용,남,43세,경상
2017110600100571,2017년 11월 6일 19시,월요일,광주광역시 북구 본촌동,경상사고,0,0,1,0,차대차 - 측면충돌,안전운전불이행,건조,맑음,교차로 - 교차로안,승용,남,51세,상해없음,화물,남,51세,경상
2017110600100572,2017년 11월 6일 19시,월요일,광주광역시 광산구 비아동,경상사고,0,0,2,0,차대차 - 추돌,안전운전불이행,건조,맑음,단일로 - 기타,승용,남,39세,상해없음,화물,남,56세,경상
2017110600100630,2017년 11월 6일 22시,월요일,광주광역시 서구 동천동,경상사고,0,0,4,0,차대차 - 추돌,안전운전불이행,건조,맑음,교차로 - 교차로부근,승용,남,21세,경상,승용,남,54세,경상
2017110700100034,2017년 11월 7일 00시,화요일,광주광역시 북구 동림동,경상사고,0,0,4,0,차대차 - 측면충돌,안전운전불이행,건조,맑음,단일로 - 기타,승용,남,36세,경상,승용,여,40세,경상
2017110700100119,2017년 11월 7일 07시,화요일,광주광역시 북구 문흥동,경상사고,0,0,1,0,차량단독 - 기타,기타,건조,맑음,단일로 - 기타,승합,남,60세,상해없음,,,,
2017110700100159,2017년 11월 7일 08시,화요일,광주광역시 동구 계림동,경상사고,0,0,2,0,차대차 - 추돌,안전거리미확보,건조,맑음,단일로 - 기타,화물,남,48세,상해없음,승용,남,51세,경상
2017110700100160,2017년 11월 7일 08시,화요일,광주광역시 광산구 소촌동,경상사고,0,0,1,0,차대차 - 추돌,안전운전불이행,건조,맑음,교차로 - 교차로부근,기타불명,기타불명,미분류,기타불명,승용,여,48세,경상
2017110700100192,2017년 11월 7일 09시,화요일,광주광역시 북구 연제동,경상사고,0,0,2,0,차대차 - 기타,안전거리미확보,건조,맑음,단일로 - 기타,승용,여,61세,경상,승용,남,37세,경상
2017110700100226,2017년 11월 7일 10시,화요일,광주광역시 동구 불로동,경상사고,0,0,2,0,차대차 - 기타,신호위반,건조,맑음,교차로 - 교차로안,승용,남,66세,상해없음,승용,여,46세,경상
2017110700100227,2017년 11월 7일 10시,화요일,광주광역시 동구 산수동,경상사고,0,0,2,0,차대차 - 측면충돌,직진우회전진행방해,건조,맑음,교차로 - 교차로안,승용,남,24세,경상,승용,여,69세,경상
2017110700100274,2017년 11월 7일 12시,화요일,광주광역시 서구 화정동,경상사고,0,0,1,0,차대차 - 측면충돌,신호위반,건조,맑음,교차로 - 교차로안,승용,남,60세,상해없음,승용,여,38세,경상
2017110700100301,2017년 11월 7일 13시,화요일,광주광역시 서구 화정동,경상사고,0,0,1,0,차량단독 - 기타,기타,건조,맑음,단일로 - 기타,승합,남,57세,상해없음,,,,
2017110700100328,2017년 11월 7일 14시,화요일,광주광역시 서구 쌍촌동,경상사고,0,0,1,0,차대차 - 측면충돌,안전운전불이행,건조,맑음,교차로 - 교차로안,승용,남,36세,상해없음,승합,남,58세,경상
2017110700100356,2017년 11월 7일 15시,화요일,광주광역시 남구 양림동,경상사고,0,0,1,0,차대차 - 추돌,안전운전불이행,건조,맑음,교차로 - 교차로부근,화물,남,40세,상해없음,승용,남,32세,경상
2017110700100357,2017년 11월 7일 15시,화요일,광주광역시 북구 월출동,경상사고,0,0,3,0,차대차 - 기타,안전거리미확보,건조,맑음,단일로 - 기타,화물,남,67세,상해없음,승용,여,35세,경상
2017110700100437,2017년 11월 7일 17시,화요일,광주광역시 남구 진월동,경상사고,0,0,6,0,차대차 - 추돌,안전거리미확보,건조,맑음,단일로 - 기타,승합,남,50세,상해없음,승용,남,56세,경상
2017110700100545,2017년 11월 7일 19시,화요일,광주광역시 남구 주월동,경상사고,0,0,1,0,차대차 - 정면충돌,신호위반,건조,맑음,교차로 - 교차로안,승용,여,44세,상해없음,승용,여,45세,경상
2017110700100546,2017년 11월 7일 19시,화요일,광주광역시 광산구 월계동,경상사고,0,0,1,0,차대사람 - 횡단중,안전운전불이행,건조,맑음,단일로 - 기타,승용,남,51세,상해없음,보행자,여,19세,경상
2017110700100584,2017년 11월 7일 20시,화요일,광주광역시 동구 계림동,경상사고,0,0,1,0,차대차 - 기타,안전거리미확보,건조,맑음,단일로 - 기타,승용,남,62세,상해없음,승용,남,25세,경상
2017110700100585,2017년 11월 7일 20시,화요일,광주광역시 서구 마륵동,경상사고,0,0,1,0,차대사람 - 횡단중,보행자보호의무위반,건조,기타,기타 - 기타,화물,남,65세,상해없음,보행자,남,33세,경상
2017110700100586,2017년 11월 7일 20시,화요일,광주광역시 북구 문흥동,경상사고,0,0,2,0,차대차 - 추돌,안전거리미확보,건조,맑음,단일로 - 기타,승용,여,61세,상해없음,승용,남,48세,경상
2017110700100613,2017년 11월 7일 21시,화요일,광주광역시 서구 쌍촌동,경상사고,0,0,2,0,차대차 - 추돌,안전거리미확보,건조,맑음,단일로 - 기타,승용,남,28세,상해없음,화물,남,54세,경상
2017110700100659,2017년 11월 7일 23시,화요일,광주광역시 남구 주월동,경상사고,0,0,1,0,차대사람 - 기타,안전운전불이행,건조,맑음,주차장 - 주차장,승용,남,58세,상해없음,보행자,남,24세,경상
2017110800100044,2017년 11월 8일 01시,수요일,광주광역시 북구 우산동,경상사고,0,0,2,0,차대차 - 추돌,안전운전불이행,건조,맑음,교차로 - 교차로부근,승용,남,50세,상해없음,승용,여,25세,경상
2017110800100045,2017년 11월 8일 01시,수요일,광주광역시 북구 동림동,경상사고,0,0,1,0,차대차 - 후진중충돌,안전운전불이행,건조,맑음,교차로 - 교차로부근,승용,남,53세,상해없음,승용,남,54세,상해없음
2017110800100128,2017년 11월 8일 07시,수요일,광주광역시 남구 월산동,경상사고,0,0,1,0,차대차 - 측면충돌,안전운전불이행,건조,맑음,단일로 - 기타,승용,남,68세,상해없음,승용,남,50세,경상
2017110800100129,2017년 11월 8일 07시,수요일,광주광역시 광산구 소촌동,중상사고,0,1,1,0,차대차 - 정면충돌,신호위반,건조,맑음,교차로 - 교차로안,화물,남,43세,경상,승용,남,34세,중상
2017110800100168,2017년 11월 8일 08시,수요일,광주광역시 서구 금호동,경상사고,0,0,3,0,차대차 - 측면충돌,안전운전불이행,건조,맑음,단일로 - 기타,승용,남,34세,상해없음,승용,남,63세,경상
2017110800100169,2017년 11월 8일 08시,수요일,광주광역시 남구 월산동,경상사고,0,0,1,0,차대차 - 측면충돌,차로위반,건조,맑음,교차로 - 교차로안,승용,남,65세,상해없음,승용,남,55세,경상
2017110800100170,2017년 11월 8일 08시,수요일,광주광역시 북구 일곡동,중상사고,0,1,0,0,차량단독 - 공작물충돌,안전운전불이행,건조,맑음,교차로 - 교차로부근,승용,남,42세,중상,,,,
2017110800100171,2017년 11월 8일 08시,수요일,광주광역시 광산구 도산동,경상사고,0,0,1,0,차대사람 - 기타,안전운전불이행,건조,맑음,단일로 - 기타,승용,여,59세,상해없음,보행자,여,17세,경상
2017110800100172,2017년 11월 8일 08시,수요일,광주광역시 광산구 송정동,경상사고,0,0,1,0,차대차 - 측면충돌,불법유턴,건조,맑음,교차로 - 교차로안,화물,남,40세,상해없음,승용,남,50세,경상
2017110800100206,2017년 11월 8일 09시,수요일,광주광역시 동구 지산동,경상사고,0,0,1,0,차대차 - 추돌,안전거리미확보,건조,맑음,단일로 - 터널,화물,남,40세,상해없음,승용,여,59세,경상
2017110800100207,2017년 11월 8일 09시,수요일,광주광역시 북구 신안동,경상사고,0,0,2,0,차대차 - 측면충돌,안전운전불이행,건조,맑음,단일로 - 기타,승용,여,48세,상해없음,승용,남,51세,경상
2017110800100266,2017년 11월 8일 11시,수요일,광주광역시 서구 금호동,경상사고,0,0,1,0,차대차 - 측면충돌,안전운전불이행,건조,맑음,단일로 - 기타,승용,남,59세,상해없음,승용,남,63세,경상
2017110800100336,2017년 11월 8일 13시,수요일,광주광역시 남구 진월동,경상사고,0,0,3,0,차대차 - 추돌,안전거리미확보,건조,맑음,단일로 - 기타,승용,남,70세,경상,화물,남,55세,경상
2017110800100368,2017년 11월 8일 14시,수요일,광주광역시 동구 학동,중상사고,0,1,0,0,차대사람 - 기타,안전운전불이행,건조,맑음,단일로 - 기타,승용,여,66세,상해없음,보행자,여,44세,중상
2017110800100369,2017년 11월 8일 14시,수요일,광주광역시 서구 치평동,경상사고,0,0,1,0,차대차 - 기타,신호위반,건조,맑음,단일로 - 기타,화물,남,67세,상해없음,자전거,남,20세,경상
2017110800100400,2017년 11월 8일 15시,수요일,광주광역시 서구 광천동,경상사고,0,0,1,0,차대차 - 추돌,안전거리미확보,건조,맑음,단일로 - 기타,승합,남,55세,상해없음,승용,남,38세,경상
2017110800100441,2017년 11월 8일 16시,수요일,광주광역시 동구 학동,경상사고,0,0,3,0,차대차 - 측면충돌,신호위반,건조,맑음,교차로 - 교차로안,승용,남,51세,상해없음,승용,남,68세,경상
2017110800100442,2017년 11월 8일 16시,수요일,광주광역시 서구 벽진동,중상사고,0,1,0,0,차대차 - 측면충돌,안전운전불이행,건조,맑음,단일로 - 기타,승용,남,67세,상해없음,승용,남,34세,중상
2017110800100443,2017년 11월 8일 16시,수요일,광주광역시 서구 매월동,경상사고,0,0,2,0,차대차 - 기타,직진우회전진행방해,건조,맑음,교차로 - 교차로안,승용,남,39세,경상,승용,여,41세,경상
2017110800100495,2017년 11월 8일 17시,수요일,광주광역시 광산구 월곡동,중상사고,0,1,0,0,차대사람 - 횡단중,안전운전불이행,건조,맑음,단일로 - 기타,이륜,남,18세,상해없음,보행자,여,60세,중상
2017110800100554,2017년 11월 8일 18시,수요일,광주광역시 광산구 장덕동,중상사고,0,1,1,0,차대차 - 측면충돌,교차로운행방법위반,건조,맑음,교차로 - 교차로안,승합,여,38세,상해없음,원동기,남,27세,중상
2017110800100597,2017년 11월 8일 19시,수요일,광주광역시 동구 계림동,경상사고,0,0,1,0,차량단독 - 기타,기타,건조,맑음,단일로 - 기타,승합,남,56세,상해없음,,,,
2017110800100598,2017년 11월 8일 19시,수요일,광주광역시 광산구 우산동,경상사고,0,0,3,0,차대차 - 측면충돌,차로위반,건조,맑음,단일로 - 기타,승용,남,43세,상해없음,승용,남,66세,상해없음
2017110800100599,2017년 11월 8일 19시,수요일,광주광역시 광산구 도산동,중상사고,0,1,0,0,차대사람 - 횡단중,보행자보호의무위반,건조,맑음,단일로 - 기타,승용,남,33세,상해없음,보행자,여,71세,중상
2017110800100670,2017년 11월 8일 21시,수요일,광주광역시 동구 동명동,경상사고,0,0,1,0,차대차 - 기타,중앙선침범,건조,맑음,기타 - 기타,자전거,남,67세,경상,이륜,남,42세,상해없음
2017110800100671,2017년 11월 8일 21시,수요일,광주광역시 서구 화정동,경상사고,0,0,1,0,차대차 - 후진중충돌,안전운전불이행,건조,맑음,교차로 - 교차로부근,승용,남,49세,상해없음,승용,여,39세,경상
2017110800100695,2017년 11월 8일 22시,수요일,광주광역시 서구 금호동,경상사고,0,0,1,0,차대차 - 측면충돌,안전운전불이행,건조,맑음,교차로 - 교차로안,특수,남,23세,상해없음,이륜,남,35세,경상
2017110800100696,2017년 11월 8일 22시,수요일,광주광역시 광산구 월계동,경상사고,0,0,1,0,차대사람 - 횡단중,안전운전불이행,건조,맑음,교차로 - 교차로안,승용,남,40세,상해없음,보행자,남,51세,경상
2017110900100035,2017년 11월 9일 00시,목요일,광주광역시 북구 삼각동,중상사고,0,1,0,0,차대차 - 측면충돌,안전운전불이행,건조,맑음,단일로 - 기타,승용,남,24세,상해없음,이륜,남,33세,중상
2017110900100036,2017년 11월 9일 00시,목요일,광주광역시 광산구 운남동,경상사고,0,0,2,0,차대사람 - 횡단중,신호위반,건조,맑음,단일로 - 기타,승용,남,27세,상해없음,보행자,여,37세,경상
2017110900100045,2017년 11월 9일 01시,목요일,광주광역시 서구 화정동,사망사고,1,0,0,0,차대사람 - 횡단중,과속,건조,맑음,교차로 - 교차로부근,승용,남,24세,상해없음,보행자,남,59세,사망
2017110900100070,2017년 11월 9일 05시,목요일,광주광역시 북구 금곡동,중상사고,0,1,1,0,차량단독 - 공작물충돌,안전운전불이행,건조,맑음,단일로 - 기타,승용,남,21세,경상,,,,
2017110900100116,2017년 11월 9일 07시,목요일,광주광역시 광산구 송정동,경상사고,0,0,3,0,차대차 - 측면충돌,안전운전불이행,건조,맑음,교차로 - 교차로부근,화물,남,56세,경상,승용,남,34세,경상
2017110900100155,2017년 11월 9일 08시,목요일,광주광역시 북구 용봉동,경상사고,0,0,4,0,차대차 - 추돌,안전운전불이행,건조,맑음,교차로 - 교차로부근,승용,여,25세,상해없음,승용,남,57세,경상
2017110900100156,2017년 11월 9일 08시,목요일,광주광역시 광산구 신가동,중상사고,0,1,0,0,차대차 - 측면충돌,안전운전불이행,건조,맑음,교차로 - 교차로부근,승용,여,36세,상해없음,자전거,여,63세,중상
2017110900100194,2017년 11월 9일 09시,목요일,광주광역시 동구 월남동,경상사고,0,0,3,0,차대차 - 기타,안전거리미확보,건조,맑음,단일로 - 기타,건설기계,남,30세,경상,승용,남,63세,경상
2017110900100195,2017년 11월 9일 09시,목요일,광주광역시 서구 농성동,경상사고,0,0,1,0,차대차 - 기타,안전운전불이행,건조,맑음,교차로 - 교차로안,자전거,남,58세,경상,승합,남,42세,상해없음
2017110900100196,2017년 11월 9일 09시,목요일,광주광역시 북구 대촌동,경상사고,0,0,1,0,차대차 - 추돌,안전거리미확보,건조,맑음,교차로 - 교차로안,기타불명,기타불명,미분류,기타불명,승용,여,62세,경상
2017110900100226,2017년 11월 9일 10시,목요일,광주광역시 남구 월산동,중상사고,0,1,0,0,차대사람 - 횡단중,안전운전불이행,건조,맑음,단일로 - 기타,승용,남,36세,상해없음,보행자,남,60세,중상
2017110900100252,2017년 11월 9일 11시,목요일,광주광역시 서구 농성동,경상사고,0,0,1,0,차대차 - 기타,안전운전불이행,건조,맑음,단일로 - 기타,승용,남,20세,상해없음,자전거,남,21세,경상
2017110900100253,2017년 11월 9일 11시,목요일,광주광역시 남구 월산동,중상사고,0,1,0,0,차대사람 - 횡단중,안전운전불이행,건조,맑음,교차로 - 교차로횡단보도내,승용,여,52세,상해없음,보행자,여,53세,중상
2017110900100282,2017년 11월 9일 12시,목요일,광주광역시 서구 광천동,경상사고,0,0,1,0,차대차 - 측면충돌,안전운전불이행,건조,맑음,단일로 - 기타,승용,남,55세,상해없음,승용,남,68세,상해없음
2017110900100300,2017년 11월 9일 13시,목요일,광주광역시 북구 용두동,경상사고,0,0,3,0,차대차 - 추돌,안전운전불이행,건조,맑음,단일로 - 기타,화물,남,52세,상해없음,승용,남,68세,경상
2017110900100331,2017년 11월 9일 14시,목요일,광주광역시 서구 마륵동,중상사고,0,1,3,0,차대차 - 기타,중앙선침범,건조,맑음,교차로 - 교차로부근,승용,여,52세,경상,승용,여,53세,중상
2017110900100332,2017년 11월 9일 14시,목요일,광주광역시 동구 계림동,경상사고,0,0,1,0,차대사람 - 기타,안전운전불이행,건조,맑음,단일로 - 기타,승용,남,19세,상해없음,보행자,남,70세,경상
2017110900100333,2017년 11월 9일 14시,목요일,광주광역시 북구 임동,경상사고,0,0,1,0,차대차 - 측면충돌,안전운전불이행,건조,맑음,교차로 - 교차로안,승용,남,72세,상해없음,자전거,남,58세,경상
2017110900100372,2017년 11월 9일 15시,목요일,광주광역시 서구 치평동,경상사고,0,0,3,0,차대차 - 측면충돌,직진우회전진행방해,건조,맑음,교차로 - 교차로안,승용,여,31세,경상,승용,남,52세,경상
2017110900100529,2017년 11월 9일 18시,목요일,광주광역시 동구 동명동,경상사고,0,0,1,0,차대사람 - 횡단중,보행자보호의무위반,젖음/습기,맑음,단일로 - 기타,승용,여,51세,상해없음,보행자,남,60세,경상
2017110900100530,2017년 11월 9일 18시,목요일,광주광역시 광산구 도산동,부상신고사고,0,0,0,1,차대차 - 측면충돌,안전운전불이행,건조,맑음,단일로 - 기타,승용,여,47세,부상신고,승용,남,48세,상해없음
2017110900100601,2017년 11월 9일 20시,목요일,광주광역시 서구 금호동,경상사고,0,0,1,0,차대차 - 추돌,안전운전불이행,건조,맑음,교차로 - 교차로부근,승용,남,54세,상해없음,승용,남,26세,상해없음