사고번호,사고일시,요일,시군구,사고내용,사망자수,중상자수,경상자수,부상신고자수,사고유형,법규위반,노면상태,기상상태,도로형태,가해운전자 차종,가해운전자 성별,가해운전자 연령,가해운전자 상해정도,피해운전자 차종,피해운전자 성별,피해운전자 연령,피해운전자 상해정도
2017110900100602,2017년 11월 9일 20시,목요일,광주광역시 남구 주월동,경상사고,0,0,1,0,차대사람 - 기타,안전운전불이행,건조,맑음,단일로 - 기타,승용,여,49세,상해없음,보행자,여,40세,경상
2017110900100661,2017년 11월 9일 22시,목요일,광주광역시 북구 동림동,경상사고,0,0,2,0,차대차 - 추돌,안전운전불이행,건조,맑음,단일로 - 기타,승용,남,58세,상해없음,승용,남,37세,경상
2017111000100050,2017년 11월 10일 01시,금요일,광주광역시 동구 학동,경상사고,0,0,2,0,차대차 - 추돌,안전운전불이행,건조,맑음,교차로 - 교차로부근,승용,남,61세,상해없음,승용,남,43세,상해없음
2017111000100051,2017년 11월 10일 01시,금요일,광주광역시 광산구 월계동,경상사고,0,0,2,0,차대차 - 측면충돌,중앙선침범,건조,맑음,교차로 - 교차로부근,승용,여,53세,상해없음,승용,남,52세,경상
2017111000100067,2017년 11월 10일 02시,금요일,광주광역시 북구 우산동,경상사고,0,0,1,0,차대사람 - 횡단중,신호위반,건조,맑음,교차로 - 교차로안,승합,남,61세,상해없음,보행자,남,32세,경상
2017111000100205,2017년 11월 10일 09시,금요일,광주광역시 서구 화정동,경상사고,0,0,1,0,차대차 - 측면충돌,안전운전불이행,건조,맑음,교차로 - 교차로부근,승용,남,69세,상해없음,승용,여,58세,경상
2017111000100206,2017년 11월 10일 09시,금요일,광주광역시 광산구 월계동,중상사고,0,1,0,0,차대사람 - 차도통행중,안전운전불이행,건조,맑음,단일로 - 기타,승용,여,35세,상해없음,보행자,여,85세,중상
2017111000100235,2017년 11월 10일 10시,금요일,광주광역시 광산구 장덕동,경상사고,0,0,2,0,차대차 - 측면충돌,안전운전불이행,건조,맑음,단일로 - 기타,화물,남,53세,경상,승용,남,24세,경상
2017111000100312,2017년 11월 10일 13시,금요일,광주광역시 서구 광천동,경상사고,0,0,1,0,차대차 - 측면충돌,차로위반,건조,맑음,단일로 - 기타,승합,남,58세,상해없음,승용,여,58세,경상
2017111000100396,2017년 11월 10일 15시,금요일,광주광역시 서구 화정동,경상사고,0,0,1,0,차대차 - 측면충돌,안전운전불이행,건조,맑음,단일로 - 기타,승합,남,62세,상해없음,승용,남,27세,경상
2017111000100397,2017년 11월 10일 15시,금요일,광주광역시 북구 각화동,경상사고,0,0,1,0,차대사람 - 기타,안전운전불이행,건조,맑음,단일로 - 기타,승용,여,32세,상해없음,보행자,남,27세,경상
2017111000100429,2017년 11월 10일 16시,금요일,광주광역시 동구 금동,경상사고,0,0,1,0,차대사람 - 기타,안전운전불이행,건조,맑음,단일로 - 기타,승용,남,42세,상해없음,보행자,남,61세,경상
2017111000100430,2017년 11월 10일 16시,금요일,광주광역시 서구 치평동,경상사고,0,0,1,0,차대차 - 측면충돌,안전운전불이행,건조,맑음,단일로 - 기타,승용,여,58세,상해없음,승용,여,32세,경상
2017111000100431,2017년 11월 10일 16시,금요일,광주광역시 남구 봉선동,경상사고,0,0,1,0,차대차 - 기타,안전운전불이행,건조,맑음,단일로 - 기타,승용,남,62세,상해없음,승용,남,55세,경상
2017111000100432,2017년 11월 10일 16시,금요일,광주광역시 남구 주월동,경상사고,0,0,1,0,차대사람 - 기타,안전운전불이행,건조,맑음,교차로 - 교차로안,승용,남,70세,상해없음,보행자,여,16세,경상
2017111000100433,2017년 11월 10일 16시,금요일,광주광역시 북구 오치동,경상사고,0,0,1,0,차대차 - 추돌,안전운전불이행,건조,맑음,교차로 - 교차로부근,화물,남,48세,상해없음,승용,여,53세,경상
2017111000100481,2017년 11월 10일 17시,금요일,광주광역시 서구 치평동,경상사고,0,0,1,0,차대차 - 측면충돌,신호위반,건조,맑음,교차로 - 교차로안,승용,여,47세,상해없음,승용,남,56세,경상
2017111000100557,2017년 11월 10일 18시,금요일,광주광역시 서구 광천동,경상사고,0,0,2,0,차대차 - 측면충돌,안전거리미확보,건조,맑음,단일로 - 기타,승용,여,56세,경상,화물,남,55세,경상
2017111000100558,2017년 11월 10일 18시,금요일,광주광역시 북구 중흥동,경상사고,0,0,1,0,차대차 - 측면충돌,안전운전불이행,젖음/습기,비,단일로 - 기타,승용,남,37세,상해없음,자전거,남,18세,경상
2017111000100612,2017년 11월 10일 19시,금요일,광주광역시 서구 치평동,경상사고,0,0,2,0,차대차 - 측면충돌,교차로운행방법위반,건조,맑음,교차로 - 교차로안,승용,남,56세,상해없음,승용,여,31세,경상
2017111000100613,2017년 11월 10일 19시,금요일,광주광역시 북구 용봉동,경상사고,0,0,3,0,차대차 - 추돌,안전운전불이행,건조,맑음,단일로 - 기타,승합,남,62세,상해없음,승용,남,26세,경상
2017111000100614,2017년 11월 10일 19시,금요일,광주광역시 광산구 수완동,경상사고,0,0,1,0,차대차 - 추돌,안전거리미확보,건조,맑음,단일로 - 기타,승용,남,35세,상해없음,승용,여,46세,경상
2017111000100653,2017년 11월 10일 20시,금요일,광주광역시 북구 운암동,경상사고,0,0,1,0,차대차 - 측면충돌,안전운전불이행,건조,맑음,단일로 - 기타,승용,남,53세,상해없음,이륜,남,24세,경상
2017111000100654,2017년 11월 10일 20시,금요일,광주광역시 광산구 수완동,경상사고,0,0,1,0,차대차 - 추돌,안전거리미확보,건조,맑음,단일로 - 기타,승용,남,63세,상해없음,승용,여,44세,경상
2017111000100690,2017년 11월 10일 21시,금요일,광주광역시 서구 쌍촌동,경상사고,0,0,1,0,차대차 - 추돌,안전운전불이행,건조,맑음,교차로 - 교차로부근,승용,남,61세,상해없음,승용,남,54세,경상
2017111000100742,2017년 11월 10일 23시,금요일,광주광역시 광산구 쌍암동,경상사고,0,0,1,0,차대사람 - 길가장자리구역통행중,안전운전불이행,건조,맑음,교차로 - 교차로부근,승용,남,59세,상해없음,보행자,남,26세,경상
2017111100100101,2017년 11월 11일 05시,토요일,광주광역시 북구 우산동,경상사고,0,0,1,0,차대차 - 측면충돌,안전운전불이행,건조,맑음,단일로 - 기타,승용,남,70세,상해없음,승용,여,30세,경상
2017111100100123,2017년 11월 11일 06시,토요일,광주광역시 광산구 신가동,경상사고,0,0,2,0,차대차 - 추돌,안전거리미확보,건조,맑음,교차로 - 교차로안,승합,남,50세,경상,승용,남,52세,상해없음
2017111100100165,2017년 11월 11일 08시,토요일,광주광역시 북구 중흥동,경상사고,0,0,1,0,차대사람 - 보도통행중,안전운전불이행,건조,맑음,교차로 - 교차로부근,기타불명,기타불명,미분류,기타불명,보행자,여,21세,경상
2017111100100214,2017년 11월 11일 10시,토요일,광주광역시 광산구 쌍암동,경상사고,0,0,3,0,차대차 - 측면충돌,안전운전불이행,건조,맑음,교차로 - 교차로안,승용,남,20세,경상,승용,남,51세,경상
2017111100100215,2017년 11월 11일 10시,토요일,광주광역시 광산구 송정동,경상사고,0,0,1,0,차대차 - 측면충돌,안전운전불이행,건조,맑음,단일로 - 기타,화물,남,73세,상해없음,자전거,여,64세,경상
2017111100100254,2017년 11월 11일 11시,토요일,광주광역시 북구 중흥동,경상사고,0,0,3,0,차대차 - 기타,중앙선침범,건조,맑음,단일로 - 기타,승용,남,34세,경상,승용,남,51세,경상
2017111100100255,2017년 11월 11일 11시,토요일,광주광역시 북구 두암동,경상사고,0,0,1,0,차대차 - 측면충돌,안전운전불이행,건조,맑음,단일로 - 기타,승용,남,73세,상해없음,원동기,남,36세,경상
2017111100100256,2017년 11월 11일 11시,토요일,광주광역시 광산구 복룡동,경상사고,0,0,2,0,차대차 - 추돌,안전거리미확보,건조,맑음,교차로 - 교차로부근,승용,남,54세,상해없음,승용,여,42세,경상
2017111100100299,2017년 11월 11일 12시,토요일,광주광역시 남구 백운동,경상사고,0,0,1,0,차대차 - 측면충돌,안전운전불이행,건조,맑음,단일로 - 기타,승용,남,51세,상해없음,승용,남,37세,경상
2017111100100300,2017년 11월 11일 12시,토요일,광주광역시 북구 운암동,경상사고,0,0,3,0,차대차 - 측면충돌,신호위반,건조,맑음,교차로 - 교차로안,승용,여,46세,경상,승용,남,61세,경상
2017111100100387,2017년 11월 11일 14시,토요일,광주광역시 서구 광천동,경상사고,0,0,2,0,차대차 - 추돌,안전운전불이행,건조,맑음,단일로 - 기타,승용,남,64세,상해없음,승용,여,26세,경상
2017111100100388,2017년 11월 11일 14시,토요일,광주광역시 북구 용봉동,경상사고,0,0,1,0,차대차 - 기타,중앙선침범,건조,맑음,단일로 - 기타,화물,남,36세,상해없음,승용,여,42세,경상
2017111100100424,2017년 11월 11일 15시,토요일,광주광역시 서구 내방동,경상사고,0,0,1,0,차대사람 - 횡단중,신호위반,건조,맑음,단일로 - 기타,승용,남,52세,상해없음,보행자,남,14세,경상
2017111100100467,2017년 11월 11일 16시,토요일,광주광역시 남구 행암동,경상사고,0,0,1,0,차대차 - 측면충돌,안전거리미확보,건조,맑음,교차로 - 교차로부근,화물,남,51세,상해없음,이륜,남,27세,경상
2017111100100514,2017년 11월 11일 17시,토요일,광주광역시 광산구 월계동,중상사고,0,1,0,0,차대차 - 측면충돌,신호위반,건조,맑음,교차로 - 교차로안,이륜,남,16세,중상,승용,여,42세,상해없음
2017111100100573,2017년 11월 11일 18시,토요일,광주광역시 서구 금호동,경상사고,0,0,1,0,차대차 - 추돌,안전운전불이행,건조,맑음,교차로 - 교차로부근,승용,남,40세,상해없음,승용,남,55세,경상
2017111100100574,2017년 11월 11일 18시,토요일,광주광역시 서구 농성동,경상사고,0,0,1,0,차대사람 - 기타,안전운전불이행,건조,맑음,단일로 - 기타,승용,남,48세,상해없음,보행자,여,26세,경상
2017111100100575,2017년 11월 11일 18시,토요일,광주광역시 남구 진월동,경상사고,0,0,3,0,차대차 - 측면충돌,기타,건조,맑음,교차로 - 교차로안,원동기,남,22세,경상,승용,여,37세,경상
2017111100100616,2017년 11월 11일 19시,토요일,광주광역시 광산구 신가동,중상사고,0,1,0,0,차대사람 - 보도통행중,보행자보호의무위반,건조,맑음,교차로 - 교차로횡단보도내,승용,남,49세,상해없음,보행자,남,74세,중상
2017111100100685,2017년 11월 11일 22시,토요일,광주광역시 북구 용봉동,경상사고,0,0,1,0,차대차 - 측면충돌,차로위반,건조,맑음,단일로 - 기타,승용,남,66세,상해없음,이륜,남,23세,경상
2017111100100719,2017년 11월 11일 23시,토요일,광주광역시 북구 두암동,경상사고,0,0,2,0,차대차 - 추돌,안전운전불이행,건조,맑음,교차로 - 교차로부근,승용,남,47세,기타불명,승용,남,44세,경상
2017111100100720,2017년 11월 11일 23시,토요일,광주광역시 광산구 수완동,경상사고,0,0,1,0,차대차 - 측면충돌,안전운전불이행,건조,맑음,단일로 - 기타,승용,남,29세,상해없음,승용,남,54세,경상
2017111200100021,2017년 11월 12일 00시,일요일,광주광역시 동구 학동,경상사고,0,0,3,0,차대차 - 기타,안전운전불이행,건조,맑음,단일로 - 고가도로위,승용,남,63세,경상,승용,남,25세,경상
2017111200100048,2017년 11월 12일 02시,일요일,광주광역시 서구 치평동,경상사고,0,0,1,0,차대차 - 측면충돌,직진우회전진행방해,건조,맑음,교차로 - 교차로안,승용,남,53세,상해없음,승용,남,24세,경상
2017111200100049,2017년 11월 12일 02시,일요일,광주광역시 광산구 월계동,중상사고,0,1,3,0,차대차 - 추돌,안전운전불이행,건조,맑음,단일로 - 기타,승용,남,22세,상해없음,승용,남,57세,중상
2017111200100081,2017년 11월 12일 05시,일요일,광주광역시 서구 양동,경상사고,0,0,2,0,차대차 - 기타,안전운전불이행,건조,맑음,단일로 - 기타,화물,남,71세,상해없음,승용,남,27세,경상
2017111200100091,2017년 11월 12일 06시,일요일,광주광역시 서구 화정동,중상사고,0,1,0,0,차대사람 - 횡단중,안전운전불이행,건조,맑음,단일로 - 기타,승용,남,63세,상해없음,보행자,남,74세,중상
2017111200100092,2017년 11월 12일 06시,일요일,광주광역시 서구 화정동,경상사고,0,0,1,0,차대차 - 기타,안전운전불이행,건조,맑음,교차로 - 교차로부근,승용,남,30세,상해없음,승용,남,60세,상해없음
2017111200100093,2017년 11월 12일 06시,일요일,광주광역시 서구 풍암동,경상사고,0,0,2,0,차대차 - 측면충돌,교차로운행방법위반,건조,맑음,교차로 - 교차로안,승용,남,58세,경상,승용,남,43세,경상
2017111200100135,2017년 11월 12일 09시,일요일,광주광역시 남구 방림동,경상사고,0,0,3,0,차대차 - 기타,안전운전불이행,건조,맑음,단일로 - 기타,승용,여,44세,상해없음,승용,여,33세,경상
2017111200100157,2017년 11월 12일 10시,일요일,광주광역시 광산구 도산동,경상사고,0,0,1,0,차대차 - 추돌,안전운전불이행,건조,맑음,단일로 - 기타,승용,남,38세,상해없음,승용,여,53세,경상
2017111200100183,2017년 11월 12일 11시,일요일,광주광역시 서구 매월동,경상사고,0,0,5,0,차대차 - 추돌,안전운전불이행,건조,맑음,단일로 - 기타,승용,여,27세,경상,승용,남,46세,경상
2017111200100184,2017년 11월 12일 11시,일요일,광주광역시 광산구 산월동,경상사고,0,0,3,0,차대차 - 기타,신호위반,건조,맑음,교차로 - 교차로안,이륜,남,64세,경상,승용,남,30세,경상
2017111200100211,2017년 11월 12일 12시,일요일,광주광역시 서구 화정동,경상사고,0,0,2,0,차대차 - 측면충돌,안전운전불이행,건조,맑음,교차로 - 교차로부근,화물,남,71세,상해없음,화물,남,32세,경상
2017111200100212,2017년 11월 12일 12시,일요일,광주광역시 남구 방림동,경상사고,0,0,2,0,차대차 - 측면충돌,기타,건조,맑음,교차로 - 교차로부근,승용,남,80세,기타불명,승용,여,37세,경상
2017111200100253,2017년 11월 12일 13시,일요일,광주광역시 북구 용봉동,부상신고사고,0,0,0,1,차대사람 - 기타,안전운전불이행,건조,맑음,단일로 - 기타,승용,남,31세,기타불명,보행자,남,43세,부상신고
2017111200100287,2017년 11월 12일 14시,일요일,광주광역시 서구 양동,중상사고,0,1,0,0,차대차 - 기타,직진우회전진행방해,건조,맑음,교차로 - 교차로안,이륜,남,49세,중상,승용,남,63세,상해없음
2017111200100321,2017년 11월 12일 15시,일요일,광주광역시 광산구 월곡동,경상사고,0,0,1,0,차대차 - 측면충돌,안전운전불이행,건조,맑음,단일로 - 기타,승용,남,44세,상해없음,원동기,남,27세,경상
2017111200100359,2017년 11월 12일 16시,일요일,광주광역시 북구 일곡동,경상사고,0,0,2,0,차대차 - 측면충돌,안전운전불이행,건조,맑음,교차로 - 교차로안,승용,남,62세,상해없음,승용,남,50세,경상
2017111200100360,2017년 11월 12일 16시,일요일,광주광역시 광산구 선암동,중상사고,0,1,1,0,차대차 - 추돌,안전운전불이행,건조,맑음,단일로 - 기타,승용,남,47세,상해없음,승용,남,29세,중상
2017111200100391,2017년 11월 12일 17시,일요일,광주광역시 북구 용봉동,경상사고,0,0,2,0,차량단독 - 기타,안전운전불이행,건조,맑음,교차로 - 교차로안,승합,남,58세,상해없음,,,,
2017111200100392,2017년 11월 12일 17시,일요일,광주광역시 광산구 수완동,경상사고,0,0,1,0,차대차 - 정면충돌,안전운전불이행,건조,맑음,단일로 - 기타,이륜,남,60세,경상,승용,여,45세,상해없음
2017111200100439,2017년 11월 12일 18시,일요일,광주광역시 동구 내남동,경상사고,0,0,2,0,차대차 - 추돌,안전운전불이행,건조,맑음,단일로 - 기타,승용,남,69세,상해없음,승용,남,57세,경상
2017111200100440,2017년 11월 12일 18시,일요일,광주광역시 서구 쌍촌동,사망사고,1,0,0,0,차대차 - 측면충돌,신호위반,건조,맑음,단일로 - 기타,승합,남,57세,상해없음,이륜,남,35세,사망
2017111200100471,2017년 11월 12일 19시,일요일,광주광역시 광산구 운수동,경상사고,0,0,3,0,차대차 - 추돌,차로위반,건조,맑음,단일로 - 기타,승용,남,41세,상해없음,승용,여,36세,경상
2017111200100472,2017년 11월 12일 19시,일요일,광주광역시 광산구 도산동,경상사고,0,0,1,0,차대사람 - 기타,안전운전불이행,건조,맑음,교차로 - 교차로부근,승용,남,69세,상해없음,보행자,남,19세,경상
2017111200100497,2017년 11월 12일 20시,일요일,광주광역시 북구 양산동,경상사고,0,0,2,0,차대차 - 측면충돌,안전운전불이행,건조,맑음,교차로 - 교차로안,승합,남,19세,상해없음,승용,남,31세,경상
2017111300100030,2017년 11월 13일 00시,월요일,광주광역시 광산구 산월동,경상사고,0,0,1,0,차대차 - 추돌,안전운전불이행,건조,맑음,단일로 - 기타,승용,남,38세,상해없음,승용,여,32세,경상
2017111300100036,2017년 11월 13일 01시,월요일,광주광역시 동구 장동,경상사고,0,0,1,0,차대차 - 기타,안전운전불이행,건조,맑음,단일로 - 기타,승용,남,20세,상해없음,승용,남,25세,경상
2017111300100037,2017년 11월 13일 01시,월요일,광주광역시 남구 백운동,중상사고,0,1,0,0,차대사람 - 횡단중,안전운전불이행,건조,맑음,단일로 - 기타,승합,남,40세,상해없음,보행자,남,56세,중상
2017111300100038,2017년 11월 13일 01시,월요일,광주광역시 광산구 신가동,중상사고,0,1,0,0,차대차 - 측면충돌,안전운전불이행,건조,맑음,교차로 - 교차로안,승용,남,26세,상해없음,이륜,남,24세,중상
2017111300100046,2017년 11월 13일 02시,월요일,광주광역시 북구 문흥동,경상사고,0,0,2,0,차대차 - 추돌,안전운전불이행,건조,맑음,단일로 - 기타,승용,남,47세,상해없음,승용,남,23세,경상
2017111300100101,2017년 11월 13일 07시,월요일,광주광역시 서구 풍암동,경상사고,0,0,1,0,차대차 - 기타,안전운전불이행,건조,맑음,교차로 - 교차로부근,승용,남,42세,상해없음,승합,남,73세,경상
2017111300100102,2017년 11월 13일 07시,월요일,광주광역시 서구 동천동,경상사고,0,0,1,0,차대차 - 측면충돌,안전운전불이행,건조,맑음,교차로 - 교차로안,승용,여,46세,상해없음,승용,여,32세,경상
2017111300100103,2017년 11월 13일 07시,월요일,광주광역시 서구 풍암동,경상사고,0,0,2,0,차대차 - 기타,안전운전불이행,건조,맑음,단일로 - 기타,승용,남,42세,상해없음,승용,남,48세,경상
2017111300100104,2017년 11월 13일 07시,월요일,광주광역시 북구 운암동,경상사고,0,0,3,0,차대차 - 추돌,안전운전불이행,건조,맑음,단일로 - 기타,승용,남,20세,기타불명,화물,남,45세,경상
2017111300100148,2017년 11월 13일 08시,월요일,광주광역시 동구 산수동,경상사고,0,0,1,0,차대차 - 기타,신호위반,건조,맑음,교차로 - 교차로안,승용,여,20세,상해없음,승합,남,51세,상해없음
2017111300100149,2017년 11월 13일 08시,월요일,광주광역시 서구 동천동,경상사고,0,0,1,0,차대사람 - 횡단중,안전운전불이행,건조,맑음,단일로 - 기타,승용,남,54세,상해없음,보행자,여,56세,경상
2017111300100181,2017년 11월 13일 09시,월요일,광주광역시 북구 임동,경상사고,0,0,2,0,차대차 - 측면충돌,신호위반,건조,맑음,교차로 - 교차로안,승용,여,60세,경상,승용,남,61세,경상
2017111300100182,2017년 11월 13일 09시,월요일,광주광역시 북구 용봉동,경상사고,0,0,1,0,차대차 - 측면충돌,교차로운행방법위반,건조,맑음,교차로 - 교차로안,승용,남,74세,상해없음,승용,남,32세,경상
2017111300100183,2017년 11월 13일 09시,월요일,광주광역시 북구 운암동,경상사고,0,0,1,0,차대차 - 측면충돌,신호위반,건조,맑음,교차로 - 교차로부근,승용,여,23세,상해없음,자전거,남,61세,경상
2017111300100216,2017년 11월 13일 10시,월요일,광주광역시 남구 방림동,경상사고,0,0,3,1,차대차 - 측면충돌,중앙선침범,건조,맑음,교차로 - 교차로부근,이륜,남,67세,부상신고,승용,남,74세,경상
2017111300100217,2017년 11월 13일 10시,월요일,광주광역시 북구 신안동,경상사고,0,0,1,0,차대차 - 측면충돌,교차로운행방법위반,건조,맑음,교차로 - 교차로안,화물,남,50세,상해없음,이륜,남,60세,경상
2017111300100312,2017년 11월 13일 13시,월요일,광주광역시 서구 치평동,경상사고,0,0,1,0,차대차 - 측면충돌,안전운전불이행,건조,맑음,단일로 - 기타,승용,남,31세,상해없음,이륜,남,29세,경상
2017111300100338,2017년 11월 13일 14시,월요일,광주광역시 광산구 장덕동,경상사고,0,0,2,0,차대차 - 측면충돌,신호위반,건조,맑음,교차로 - 교차로안,승용,여,39세,경상,승용,남,37세,경상
2017111300100463,2017년 11월 13일 17시,월요일,광주광역시 동구 지산동,경상사고,0,0,1,0,차대사람 - 길가장자리구역통행중,안전운전불이행,건조,맑음,단일로 - 기타,승용,남,52세,상해없음,보행자,남,28세,경상
2017111300100464,2017년 11월 13일 17시,월요일,광주광역시 북구 운암동,경상사고,0,0,4,0,차대차 - 측면충돌,신호위반,건조,맑음,교차로 - 교차로안,승용,여,49세,경상,승용,남,43세,경상
2017111300100465,2017년 11월 13일 17시,월요일,광주광역시 광산구 비아동,중상사고,0,1,1,0,차대차 - 측면충돌,신호위반,건조,맑음,교차로 - 교차로안,이륜,남,19세,상해없음,승용,여,35세,경상
2017111300100511,2017년 11월 13일 18시,월요일,광주광역시 광산구 장덕동,경상사고,0,0,2,1,차대차 - 측면충돌,신호위반,건조,맑음,교차로 - 교차로안,승용,남,24세,부상신고,승합,여,59세,경상
2017111300100546,2017년 11월 13일 19시,월요일,광주광역시 동구 서석동,경상사고,0,0,2,0,차대차 - 기타,안전거리미확보,건조,맑음,교차로 - 교차로부근,승합,남,61세,상해없음,승용,남,25세,경상
2017111300100547,2017년 11월 13일 19시,월요일,광주광역시 남구 진월동,경상사고,0,0,2,0,차대차 - 측면충돌,교차로운행방법위반,건조,맑음,교차로 - 교차로안,승용,여,60세,기타불명,승용,여,39세,경상
2017111300100548,2017년 11월 13일 19시,월요일,광주광역시 북구 문흥동,경상사고,0,0,1,0,차대사람 - 기타,안전운전불이행,건조,맑음,단일로 - 기타,승용,남,36세,상해없음,보행자,여,17세,경상
2017111300100571,2017년 11월 13일 20시,월요일,광주광역시 서구 치평동,경상사고,0,0,1,0,차대차 - 측면충돌,안전운전불이행,건조,맑음,교차로 - 교차로부근,승합,남,50세,상해없음,승용,남,40세,경상
2017111300100612,2017년 11월 13일 21시,월요일,광주광역시 광산구 신창동,중상사고,0,1,0,0,차대차 - 측면충돌,안전거리미확보,건조,맑음,단일로 - 기타,승용,남,42세,상해없음,이륜,남,26세,중상
2017111300100641,2017년 11월 13일 22시,월요일,광주광역시 광산구 장록동,경상사고,0,0,1,0,차대차 - 추돌,안전운전불이행,건조,맑음,교차로 - 교차로부근,승용,남,53세,상해없음,승용,여,28세,경상
2017111400100053,2017년 11월 14일 04시,화요일,광주광역시 남구 주월동,사망사고,1,0,0,0,차대사람 - 횡단중,안전운전불이행,건조,맑음,교차로 - 교차로부근,승용,남,21세,상해없음,보행자,여,70세,사망
2017111400100054,2017년 11월 14일 04시,화요일,광주광역시 광산구 우산동,경상사고,0,0,1,0,차대차 - 측면충돌,중앙선침범,건조,맑음,교차로 - 교차로부근,승용,남,39세,상해없음,승용,남,40세,경상
2017111400100148,2017년 11월 14일 08시,화요일,광주광역시 동구 계림동,경상사고,0,0,1,0,차대차 - 기타,안전운전불이행,건조,맑음,교차로 - 교차로안,이륜,남,62세,경상,승용,남,26세,상해없음
2017111400100149,2017년 11월 14일 08시,화요일,광주광역시 북구 매곡동,경상사고,0,0,1,0,차대차 - 추돌,안전거리미확보,건조,맑음,교차로 - 교차로부근,승합,남,42세,상해없음,승용,여,69세,경상
2017111400100217,2017년 11월 14일 10시,화요일,광주광역시 북구 운암동,중상사고,0,2,2,0,차대차 - 추돌,안전운전불이행,건조,맑음,교차로 - 교차로부근,승합,남,54세,상해없음,승용,여,54세,경상
2017111400100244,2017년 11월 14일 11시,화요일,광주광역시 서구 유촌동,경상사고,0,0,2,0,차대차 - 측면충돌,안전거리미확보,건조,맑음,단일로 - 기타,승용,남,69세,상해없음,승용,남,74세,경상
2017111400100266,2017년 11월 14일 12시,화요일,광주광역시 광산구 산정동,경상사고,0,0,1,0,차대사람 - 기타,안전운전불이행,건조,맑음,단일로 - 기타,승합,남,57세,기타불명,보행자,여,59세,경상
2017111400100301,2017년 11월 14일 13시,화요일,광주광역시 광산구 우산동,경상사고,0,0,1,0,차대사람 - 길가장자리구역통행중,안전운전불이행,건조,맑음,단일로 - 기타,승용,남,76세,상해없음,보행자,여,52세,경상
2017111400100343,2017년 11월 14일 14시,화요일,광주광역시 북구 오치동,경상사고,0,0,1,0,차대차 - 측면충돌,안전운전불이행,건조,맑음,단일로 - 기타,승용,남,43세,상해없음,이륜,남,22세,경상
2017111400100344,2017년 11월 14일 14시,화요일,광주광역시 광산구 수완동,경상사고,0,0,1,0,차대사람 - 횡단중,보행자보호의무위반,건조,맑음,교차로 - 교차로횡단보도내,승용,남,59세,상해없음,보행자,남,14세,경상
2017111400100392,2017년 11월 14일 15시,화요일,광주광역시 서구 풍암동,경상사고,0,0,1,0,차대차 - 측면충돌,안전운전불이행,건조,맑음,단일로 - 기타,승용,여,57세,상해없음,승용,남,63세,경상
2017111400100422,2017년 11월 14일 16시,화요일,광주광역시 광산구 신창동,경상사고,0,0,1,0,차대차 - 측면충돌,안전운전불이행,건조,맑음,교차로 - 교차로안,승용,남,55세,상해없음,승용,남,23세,경상
2017111400100464,2017년 11월 14일 17시,화요일,광주광역시 광산구 도덕동,경상사고,0,0,1,0,차대차 - 추돌,안전운전불이행,건조,맑음,기타 - 기타,승용,남,48세,상해없음,건설기계,남,43세,경상
2017111400100521,2017년 11월 14일 18시,화요일,광주광역시 서구 치평동,경상사고,0,0,1,0,차대차 - 기타,안전운전불이행,건조,맑음,단일로 - 기타,승용,여,53세,상해없음,승용,여,63세,경상
2017111400100522,2017년 11월 14일 18시,화요일,광주광역시 북구 신용동,경상사고,0,0,1,0,차대차 - 측면충돌,교차로운행방법위반,건조,맑음,교차로 - 교차로안,승용,남,54세,상해없음,원동기,남,17세,경상
2017111400100523,2017년 11월 14일 18시,화요일,광주광역시 북구 풍향동,경상사고,0,0,2,0,차대차 - 측면충돌,안전거리미확보,건조,맑음,교차로 - 교차로부근,승용,여,47세,경상,승합,남,59세,경상
2017111400100524,2017년 11월 14일 18시,화요일,광주광역시 광산구 도천동,경상사고,0,0,1,0,차대차 - 측면충돌,중앙선침범,건조,맑음,기타 - 기타,화물,남,57세,상해없음,승용,남,30세,경상
2017111400100567,2017년 11월 14일 19시,화요일,광주광역시 서구 쌍촌동,경상사고,0,0,1,0,차대차 - 측면충돌,안전운전불이행,건조,맑음,단일로 - 기타,승용,여,53세,상해없음,이륜,남,18세,경상
2017111400100655,2017년 11월 14일 22시,화요일,광주광역시 남구 주월동,경상사고,0,0,1,0,차량단독 - 기타,안전운전불이행,건조,맑음,교차로 - 교차로부근,승용,여,57세,경상,,,,
2017111400100656,2017년 11월 14일 22시,화요일,광주광역시 북구 우산동,경상사고,0,0,1,0,차대사람 - 기타,기타,건조,맑음,단일로 - 기타,승합,남,57세,상해없음,보행자,여,35세,경상
2017111500100060,2017년 11월 15일 02시,수요일,광주광역시 남구 주월동,경상사고,0,0,1,0,차대사람 - 기타,안전운전불이행,건조,맑음,단일로 - 기타,승용,남,68세,상해없음,보행자,남,43세,경상
2017111500100118,2017년 11월 15일 07시,수요일,광주광역시 동구 학동,경상사고,0,0,1,1,차대차 - 기타,안전거리미확보,건조,맑음,단일로 - 기타,승용,여,28세,부상신고,승용,남,43세,경상