사고번호,사고일시,요일,시군구,사고내용,사망자수,중상자수,경상자수,부상신고자수,사고유형,법규위반,노면상태,기상상태,도로형태,가해운전자 차종,가해운전자 성별,가해운전자 연령,가해운전자 상해정도,피해운전자 차종,피해운전자 성별,피해운전자 연령,피해운전자 상해정도
2017112100100538,2017년 11월 21일 18시,화요일,광주광역시 서구 광천동,경상사고,0,0,2,0,차대차 - 측면충돌,신호위반,건조,맑음,교차로 - 교차로안,승용,남,23세,상해없음,이륜,남,63세,경상
2017112100100539,2017년 11월 21일 18시,화요일,광주광역시 서구 세하동,경상사고,0,0,1,0,차대사람 - 기타,안전운전불이행,건조,맑음,단일로 - 기타,승용,여,56세,상해없음,보행자,여,62세,경상
2017112100100569,2017년 11월 21일 19시,화요일,광주광역시 서구 광천동,경상사고,0,0,1,0,차대차 - 측면충돌,불법유턴,건조,맑음,단일로 - 기타,화물,남,55세,상해없음,이륜,남,27세,경상
2017112100100570,2017년 11월 21일 19시,화요일,광주광역시 광산구 우산동,경상사고,0,0,1,0,차대차 - 기타,안전운전불이행,건조,맑음,단일로 - 기타,화물,남,56세,상해없음,승용,남,37세,경상
2017112100100599,2017년 11월 21일 20시,화요일,광주광역시 북구 누문동,경상사고,0,0,2,0,차대차 - 측면충돌,신호위반,건조,맑음,교차로 - 교차로안,승용,여,21세,상해없음,승용,남,24세,경상
2017112200100052,2017년 11월 22일 01시,수요일,광주광역시 광산구 장덕동,경상사고,0,0,2,0,차대차 - 측면충돌,안전운전불이행,건조,맑음,단일로 - 기타,승용,남,62세,상해없음,승용,남,25세,상해없음
2017112200100186,2017년 11월 22일 08시,수요일,광주광역시 동구 장동,경상사고,0,0,2,0,차대차 - 기타,신호위반,건조,맑음,교차로 - 교차로안,승용,여,55세,상해없음,승용,남,58세,경상
2017112200100187,2017년 11월 22일 08시,수요일,광주광역시 광산구 소촌동,경상사고,0,0,1,0,차대사람 - 기타,보행자보호의무위반,건조,맑음,단일로 - 기타,승용,남,63세,상해없음,보행자,여,8세,경상
2017112200100221,2017년 11월 22일 09시,수요일,광주광역시 서구 치평동,경상사고,0,0,2,0,차대차 - 추돌,안전거리미확보,건조,맑음,단일로 - 기타,승용,남,58세,상해없음,승합,남,43세,경상
2017112200100222,2017년 11월 22일 09시,수요일,광주광역시 북구 일곡동,경상사고,0,0,1,0,차대차 - 정면충돌,안전운전불이행,건조,맑음,단일로 - 기타,승용,남,64세,상해없음,승용,남,66세,상해없음
2017112200100255,2017년 11월 22일 10시,수요일,광주광역시 북구 임동,경상사고,0,0,1,0,차대차 - 측면충돌,안전운전불이행,건조,맑음,기타 - 기타,원동기,남,39세,경상,화물,남,70세,상해없음
2017112200100345,2017년 11월 22일 13시,수요일,광주광역시 서구 내방동,사망사고,1,0,0,0,차대차 - 측면충돌,과속,건조,맑음,단일로 - 기타,승용,남,41세,상해없음,자전거,남,83세,사망
2017112200100410,2017년 11월 22일 15시,수요일,광주광역시 서구 마륵동,경상사고,0,0,1,0,차대차 - 추돌,안전거리미확보,건조,맑음,단일로 - 기타,승용,남,24세,기타불명,화물,남,34세,경상
2017112200100547,2017년 11월 22일 18시,수요일,광주광역시 서구 금호동,경상사고,0,0,1,0,차대차 - 측면충돌,안전운전불이행,건조,맑음,교차로 - 교차로안,이륜,남,59세,경상,승용,남,34세,상해없음
2017112200100548,2017년 11월 22일 18시,수요일,광주광역시 북구 신안동,경상사고,0,0,1,0,차대차 - 측면충돌,안전운전불이행,건조,맑음,교차로 - 교차로안,승용,남,32세,상해없음,승용,여,59세,경상
2017112200100549,2017년 11월 22일 18시,수요일,광주광역시 광산구 서봉동,경상사고,0,0,2,0,차대차 - 측면충돌,안전운전불이행,건조,맑음,교차로 - 교차로부근,승용,남,35세,경상,화물,남,27세,경상
2017112200100597,2017년 11월 22일 19시,수요일,광주광역시 서구 농성동,경상사고,0,0,1,0,차대차 - 추돌,안전운전불이행,건조,맑음,교차로 - 교차로안,승용,남,54세,상해없음,승용,여,58세,경상
2017112200100598,2017년 11월 22일 19시,수요일,광주광역시 북구 양산동,중상사고,0,1,0,0,차대사람 - 횡단중,안전운전불이행,건조,맑음,단일로 - 기타,승용,여,50세,상해없음,보행자,여,12세,중상
2017112200100599,2017년 11월 22일 19시,수요일,광주광역시 광산구 운남동,경상사고,0,0,1,0,차대차 - 측면충돌,안전운전불이행,건조,맑음,단일로 - 기타,승용,남,58세,상해없음,승용,남,33세,경상
2017112200100629,2017년 11월 22일 20시,수요일,광주광역시 광산구 우산동,경상사고,0,0,2,0,차대차 - 측면충돌,교차로운행방법위반,건조,맑음,교차로 - 교차로안,승용,여,40세,상해없음,승용,남,37세,경상
2017112200100656,2017년 11월 22일 21시,수요일,광주광역시 북구 문흥동,경상사고,0,0,1,0,차대사람 - 기타,안전운전불이행,건조,맑음,단일로 - 기타,원동기,남,19세,상해없음,보행자,여,79세,경상
2017112200100657,2017년 11월 22일 21시,수요일,광주광역시 광산구 하남동,경상사고,0,0,1,0,차대차 - 측면충돌,신호위반,건조,맑음,교차로 - 교차로안,승합,남,42세,상해없음,승용,남,41세,경상
2017112200100684,2017년 11월 22일 22시,수요일,광주광역시 광산구 신가동,경상사고,0,0,2,0,차대차 - 측면충돌,안전운전불이행,건조,맑음,교차로 - 교차로부근,화물,남,50세,상해없음,승용,남,42세,경상
2017112200100711,2017년 11월 22일 23시,수요일,광주광역시 광산구 신가동,중상사고,0,1,0,0,차대차 - 측면충돌,신호위반,건조,맑음,교차로 - 교차로안,승용,남,39세,상해없음,승용,남,42세,중상
2017112300100070,2017년 11월 23일 02시,목요일,광주광역시 서구 유촌동,경상사고,0,0,1,0,차대차 - 추돌,안전운전불이행,건조,맑음,교차로 - 교차로부근,승용,남,29세,상해없음,승용,남,42세,경상
2017112300100093,2017년 11월 23일 05시,목요일,광주광역시 남구 노대동,중상사고,0,1,0,0,차량단독 - 공작물충돌,안전운전불이행,건조,맑음,단일로 - 기타,승용,남,19세,중상,,,,
2017112300100213,2017년 11월 23일 09시,목요일,광주광역시 서구 광천동,경상사고,0,0,1,0,차대차 - 추돌,안전거리미확보,건조,맑음,교차로 - 교차로부근,화물,남,52세,상해없음,승용,남,37세,경상
2017112300100214,2017년 11월 23일 09시,목요일,광주광역시 남구 진월동,경상사고,0,0,1,0,차대사람 - 기타,안전운전불이행,건조,맑음,단일로 - 기타,승용,여,41세,상해없음,보행자,여,76세,경상
2017112300100215,2017년 11월 23일 09시,목요일,광주광역시 광산구 송정동,중상사고,0,1,0,0,차대사람 - 횡단중,안전운전불이행,건조,맑음,기타 - 기타,승용,남,28세,상해없음,보행자,여,60세,중상
2017112300100252,2017년 11월 23일 10시,목요일,광주광역시 남구 지석동,경상사고,0,0,1,0,차대사람 - 기타,안전운전불이행,건조,맑음,단일로 - 기타,화물,남,59세,상해없음,보행자,남,33세,경상
2017112300100253,2017년 11월 23일 10시,목요일,광주광역시 북구 운암동,경상사고,0,0,1,0,차대사람 - 기타,안전운전불이행,건조,맑음,단일로 - 기타,기타불명,기타불명,미분류,기타불명,보행자,남,22세,경상
2017112300100277,2017년 11월 23일 11시,목요일,광주광역시 서구 쌍촌동,경상사고,0,0,1,0,차대차 - 기타,안전운전불이행,건조,맑음,단일로 - 기타,승용,남,42세,상해없음,승용,남,50세,경상
2017112300100278,2017년 11월 23일 11시,목요일,광주광역시 광산구 삼거동,경상사고,0,0,2,0,차대차 - 측면충돌,신호위반,건조,맑음,교차로 - 교차로안,건설기계,남,30세,경상,건설기계,남,52세,경상
2017112300100279,2017년 11월 23일 11시,목요일,광주광역시 광산구 송정동,경상사고,0,0,1,0,차대사람 - 기타,안전운전불이행,건조,맑음,단일로 - 기타,승용,여,46세,상해없음,보행자,남,19세,경상
2017112300100280,2017년 11월 23일 11시,목요일,광주광역시 광산구 신창동,경상사고,0,0,1,0,차대차 - 측면충돌,차로위반,젖음/습기,비,교차로 - 교차로부근,승용,여,35세,상해없음,승합,남,66세,경상
2017112300100338,2017년 11월 23일 13시,목요일,광주광역시 북구 매곡동,경상사고,0,0,1,0,차대차 - 측면충돌,신호위반,젖음/습기,흐림,교차로 - 교차로안,승용,여,43세,상해없음,원동기,남,25세,경상
2017112300100368,2017년 11월 23일 14시,목요일,광주광역시 서구 화정동,경상사고,0,0,1,0,차대차 - 측면충돌,신호위반,건조,맑음,단일로 - 기타,이륜,남,34세,상해없음,자전거,남,9세,경상
2017112300100369,2017년 11월 23일 14시,목요일,광주광역시 북구 용봉동,경상사고,0,0,1,0,차대사람 - 기타,불법유턴,젖음/습기,흐림,기타 - 기타,승용,여,56세,상해없음,보행자,여,53세,경상
2017112300100398,2017년 11월 23일 15시,목요일,광주광역시 서구 화정동,경상사고,0,0,2,0,차대차 - 측면충돌,안전운전불이행,젖음/습기,비,교차로 - 교차로안,승용,남,19세,상해없음,승용,남,31세,경상
2017112300100399,2017년 11월 23일 15시,목요일,광주광역시 서구 광천동,경상사고,0,0,2,0,차대차 - 측면충돌,안전운전불이행,건조,맑음,교차로 - 교차로안,승용,여,48세,상해없음,승용,남,68세,경상
2017112300100400,2017년 11월 23일 15시,목요일,광주광역시 남구 주월동,경상사고,0,0,2,0,차대차 - 측면충돌,안전운전불이행,건조,맑음,단일로 - 기타,승용,남,60세,상해없음,승용,남,62세,상해없음
2017112300100439,2017년 11월 23일 16시,목요일,광주광역시 동구 산수동,경상사고,0,0,1,0,차대사람 - 횡단중,보행자보호의무위반,건조,맑음,교차로 - 교차로횡단보도내,승용,남,72세,상해없음,보행자,남,47세,경상
2017112300100440,2017년 11월 23일 16시,목요일,광주광역시 북구 신안동,중상사고,0,1,2,0,차대차 - 측면충돌,교차로운행방법위반,건조,맑음,교차로 - 교차로안,승용,남,63세,상해없음,승용,남,57세,경상
2017112300100484,2017년 11월 23일 17시,목요일,광주광역시 북구 대촌동,경상사고,0,0,1,0,차대차 - 측면충돌,차로위반,건조,흐림,단일로 - 기타,승용,남,33세,상해없음,승용,여,29세,경상
2017112300100485,2017년 11월 23일 17시,목요일,광주광역시 광산구 신창동,중상사고,0,1,0,0,차대차 - 측면충돌,안전운전불이행,건조,맑음,교차로 - 교차로부근,승용,남,54세,상해없음,자전거,남,54세,중상
2017112300100486,2017년 11월 23일 17시,목요일,광주광역시 광산구 흑석동,경상사고,0,0,1,0,차대차 - 추돌,안전거리미확보,건조,맑음,교차로 - 교차로부근,승용,남,38세,상해없음,승용,여,52세,경상
2017112300100487,2017년 11월 23일 17시,목요일,광주광역시 광산구 도천동,경상사고,0,0,1,0,차대차 - 측면충돌,교차로운행방법위반,건조,맑음,교차로 - 교차로안,화물,남,21세,상해없음,화물,남,52세,경상
2017112300100540,2017년 11월 23일 18시,목요일,광주광역시 북구 연제동,경상사고,0,0,2,0,차대차 - 측면충돌,안전운전불이행,건조,맑음,단일로 - 기타,승용,남,63세,경상,승용,남,46세,경상
2017112300100602,2017년 11월 23일 20시,목요일,광주광역시 북구 신안동,경상사고,0,0,1,0,차대차 - 기타,안전운전불이행,건조,맑음,교차로 - 교차로부근,승용,남,35세,상해없음,자전거,여,41세,경상
2017112300100621,2017년 11월 23일 21시,목요일,광주광역시 동구 수기동,경상사고,0,0,1,0,차대차 - 추돌,안전거리미확보,건조,맑음,단일로 - 기타,승용,남,20세,상해없음,승용,여,26세,경상
2017112300100622,2017년 11월 23일 21시,목요일,광주광역시 서구 매월동,경상사고,0,0,1,0,차대사람 - 횡단중,보행자보호의무위반,건조,맑음,단일로 - 기타,승용,남,66세,상해없음,보행자,남,54세,경상
2017112300100623,2017년 11월 23일 21시,목요일,광주광역시 북구 중흥동,경상사고,0,0,3,0,차대차 - 기타,중앙선침범,건조,맑음,단일로 - 기타,승용,남,49세,상해없음,승용,남,29세,경상
2017112300100624,2017년 11월 23일 21시,목요일,광주광역시 광산구 도산동,경상사고,0,0,1,0,차대사람 - 차도통행중,안전운전불이행,건조,맑음,교차로 - 교차로안,승용,여,52세,상해없음,보행자,남,29세,경상
2017112300100670,2017년 11월 23일 23시,목요일,광주광역시 서구 풍암동,경상사고,0,0,1,0,차대차 - 추돌,안전운전불이행,건조,맑음,교차로 - 교차로부근,승용,여,43세,상해없음,승용,남,29세,경상
2017112300100671,2017년 11월 23일 23시,목요일,광주광역시 북구 중흥동,경상사고,0,0,1,0,차대차 - 추돌,안전운전불이행,건조,맑음,단일로 - 기타,승용,남,31세,경상,화물,남,59세,기타불명
2017112400100103,2017년 11월 24일 03시,금요일,광주광역시 북구 삼각동,중상사고,0,1,0,0,차대차 - 정면충돌,안전운전불이행,건조,기타,교차로 - 교차로안,화물,남,45세,상해없음,이륜,남,19세,중상
2017112400100113,2017년 11월 24일 04시,금요일,광주광역시 동구 선교동,경상사고,0,0,3,0,차대차 - 추돌,안전거리미확보,서리/결빙,기타,단일로 - 교량,화물,남,63세,상해없음,승용,남,56세,경상
2017112400100132,2017년 11월 24일 05시,금요일,광주광역시 동구 선교동,경상사고,0,0,1,0,차대차 - 추돌,안전거리미확보,서리/결빙,눈,기타 - 기타,화물,남,41세,상해없음,승용,남,34세,경상
2017112400100155,2017년 11월 24일 06시,금요일,광주광역시 서구 농성동,경상사고,0,0,1,0,차대차 - 측면충돌,안전운전불이행,건조,맑음,단일로 - 기타,원동기,남,62세,경상,승용,남,73세,상해없음
2017112400100156,2017년 11월 24일 06시,금요일,광주광역시 북구 양산동,경상사고,0,0,1,0,차대사람 - 횡단중,안전운전불이행,건조,맑음,단일로 - 기타,승용,남,32세,상해없음,보행자,남,56세,경상
2017112400100196,2017년 11월 24일 07시,금요일,광주광역시 서구 쌍촌동,경상사고,0,0,2,0,차대차 - 측면충돌,직진우회전진행방해,건조,맑음,교차로 - 교차로안,승용,남,36세,상해없음,승용,남,19세,경상
2017112400100197,2017년 11월 24일 07시,금요일,광주광역시 남구 주월동,경상사고,0,0,1,0,차대사람 - 횡단중,안전운전불이행,건조,맑음,교차로 - 교차로횡단보도내,기타불명,기타불명,미분류,기타불명,보행자,남,16세,경상
2017112400100198,2017년 11월 24일 07시,금요일,광주광역시 북구 임동,경상사고,0,0,1,0,차대차 - 측면충돌,교차로운행방법위반,건조,맑음,교차로 - 교차로안,기타불명,기타불명,미분류,기타불명,승용,남,38세,경상
2017112400100244,2017년 11월 24일 08시,금요일,광주광역시 서구 내방동,중상사고,0,1,0,0,차대사람 - 기타,안전운전불이행,건조,맑음,단일로 - 기타,승용,여,43세,상해없음,보행자,남,67세,중상
2017112400100245,2017년 11월 24일 08시,금요일,광주광역시 광산구 우산동,경상사고,0,0,1,0,차대사람 - 횡단중,안전운전불이행,건조,맑음,기타 - 기타,승용,여,54세,기타불명,보행자,여,29세,경상
2017112400100280,2017년 11월 24일 09시,금요일,광주광역시 서구 매월동,경상사고,0,0,1,0,차대차 - 추돌,안전거리미확보,건조,맑음,단일로 - 기타,승용,남,55세,상해없음,승용,남,44세,경상
2017112400100281,2017년 11월 24일 09시,금요일,광주광역시 광산구 장덕동,경상사고,0,0,1,0,차대차 - 측면충돌,신호위반,건조,맑음,교차로 - 교차로안,화물,남,57세,상해없음,승용,여,25세,경상
2017112400100282,2017년 11월 24일 09시,금요일,광주광역시 광산구 월곡동,경상사고,0,0,1,0,차대차 - 측면충돌,교차로운행방법위반,건조,맑음,교차로 - 교차로안,승용,남,56세,상해없음,승용,남,23세,경상
2017112400100305,2017년 11월 24일 10시,금요일,광주광역시 광산구 산정동,중상사고,0,1,0,0,차대사람 - 기타,안전운전불이행,건조,맑음,교차로 - 교차로안,승용,남,47세,상해없음,보행자,남,72세,중상
2017112400100407,2017년 11월 24일 13시,금요일,광주광역시 북구 우산동,경상사고,0,0,1,0,차대차 - 측면충돌,안전운전불이행,건조,맑음,단일로 - 기타,승용,여,35세,상해없음,자전거,남,23세,경상
2017112400100443,2017년 11월 24일 14시,금요일,광주광역시 북구 중흥동,경상사고,0,0,1,0,차대차 - 측면충돌,교차로운행방법위반,건조,맑음,교차로 - 교차로안,화물,남,68세,상해없음,승용,여,62세,경상
2017112400100444,2017년 11월 24일 14시,금요일,광주광역시 광산구 유계동,경상사고,0,0,2,0,차대차 - 측면충돌,차로위반,건조,맑음,교차로 - 교차로안,승용,여,38세,경상,승용,여,49세,경상
2017112400100481,2017년 11월 24일 15시,금요일,광주광역시 서구 쌍촌동,경상사고,0,0,1,0,차대차 - 추돌,안전운전불이행,젖음/습기,비,교차로 - 교차로부근,승용,남,35세,상해없음,승용,여,46세,경상
2017112400100482,2017년 11월 24일 15시,금요일,광주광역시 광산구 도산동,경상사고,0,0,1,0,차대차 - 추돌,차로위반,건조,맑음,단일로 - 기타,승합,남,62세,상해없음,화물,남,58세,경상
2017112400100525,2017년 11월 24일 16시,금요일,광주광역시 동구 지산동,경상사고,0,0,1,0,차대차 - 추돌,안전거리미확보,건조,맑음,단일로 - 기타,승용,남,63세,상해없음,승용,남,43세,경상
2017112400100576,2017년 11월 24일 17시,금요일,광주광역시 서구 농성동,경상사고,0,0,3,0,차대차 - 기타,신호위반,건조,맑음,교차로 - 교차로안,승용,남,67세,상해없음,승용,남,70세,경상
2017112400100638,2017년 11월 24일 18시,금요일,광주광역시 서구 금호동,경상사고,0,0,1,0,차대사람 - 보도통행중,보행자보호의무위반,건조,흐림,단일로 - 기타,승용,남,25세,상해없음,보행자,남,14세,경상
2017112400100639,2017년 11월 24일 18시,금요일,광주광역시 광산구 하산동,중상사고,0,1,0,0,차대차 - 측면충돌,교차로운행방법위반,건조,맑음,교차로 - 교차로안,승용,남,33세,상해없음,이륜,남,68세,중상
2017112400100640,2017년 11월 24일 18시,금요일,광주광역시 광산구 장덕동,경상사고,0,0,2,0,차대차 - 측면충돌,안전거리미확보,건조,맑음,단일로 - 기타,승용,남,65세,상해없음,승용,남,22세,경상
2017112400100694,2017년 11월 24일 19시,금요일,광주광역시 서구 풍암동,경상사고,0,0,3,0,차대차 - 기타,안전거리미확보,건조,맑음,교차로 - 교차로부근,승용,남,54세,상해없음,승용,남,55세,경상
2017112400100695,2017년 11월 24일 19시,금요일,광주광역시 북구 중흥동,경상사고,0,0,1,0,차대차 - 측면충돌,중앙선침범,건조,맑음,단일로 - 기타,이륜,남,18세,상해없음,승용,여,35세,경상
2017112400100751,2017년 11월 24일 21시,금요일,광주광역시 서구 쌍촌동,경상사고,0,0,2,0,차대차 - 측면충돌,신호위반,건조,흐림,교차로 - 교차로안,승용,남,74세,기타불명,승용,남,57세,경상
2017112400100781,2017년 11월 24일 22시,금요일,광주광역시 서구 화정동,경상사고,0,0,3,0,차대차 - 기타,신호위반,건조,맑음,교차로 - 교차로안,원동기,남,17세,상해없음,승용,남,23세,경상
2017112400100806,2017년 11월 24일 23시,금요일,광주광역시 남구 진월동,경상사고,0,0,1,0,차대차 - 측면충돌,안전운전불이행,건조,맑음,기타 - 기타,승용,남,59세,상해없음,원동기,남,50세,경상
2017112500100075,2017년 11월 25일 01시,토요일,광주광역시 서구 쌍촌동,경상사고,0,0,1,0,차대차 - 측면충돌,안전운전불이행,건조,맑음,교차로 - 교차로안,승용,남,66세,상해없음,화물,남,48세,상해없음
2017112500100076,2017년 11월 25일 01시,토요일,광주광역시 남구 월산동,중상사고,0,1,0,0,차대사람 - 횡단중,안전운전불이행,건조,맑음,단일로 - 기타,승용,남,71세,상해없음,보행자,남,58세,중상
2017112500100094,2017년 11월 25일 02시,토요일,광주광역시 서구 쌍촌동,사망사고,1,0,2,0,차대차 - 기타,안전운전불이행,건조,맑음,교차로 - 교차로부근,승용,여,38세,사망,승용,남,38세,경상
2017112500100119,2017년 11월 25일 04시,토요일,광주광역시 북구 용봉동,경상사고,0,0,2,0,차대차 - 측면충돌,신호위반,건조,맑음,교차로 - 교차로안,승합,남,29세,상해없음,승용,남,45세,경상
2017112500100136,2017년 11월 25일 05시,토요일,광주광역시 서구 농성동,경상사고,0,0,1,0,차대차 - 측면충돌,신호위반,건조,흐림,교차로 - 교차로안,승용,남,28세,상해없음,승용,남,17세,경상
2017112500100189,2017년 11월 25일 08시,토요일,광주광역시 북구 동림동,경상사고,0,0,3,0,차대차 - 기타,안전거리미확보,건조,맑음,단일로 - 기타,승용,남,56세,경상,화물,남,25세,경상
2017112500100190,2017년 11월 25일 08시,토요일,광주광역시 광산구 신가동,중상사고,0,1,2,0,차대차 - 측면충돌,중앙선침범,건조,맑음,단일로 - 기타,승용,여,36세,상해없음,승용,여,36세,중상
2017112500100277,2017년 11월 25일 11시,토요일,광주광역시 북구 문흥동,경상사고,0,0,1,0,차대차 - 기타,중앙선침범,건조,맑음,단일로 - 기타,승용,여,42세,상해없음,이륜,남,80세,경상
2017112500100304,2017년 11월 25일 12시,토요일,광주광역시 서구 광천동,경상사고,0,0,1,0,차대사람 - 기타,안전운전불이행,건조,맑음,단일로 - 기타,승용,남,46세,상해없음,보행자,여,28세,경상
2017112500100305,2017년 11월 25일 12시,토요일,광주광역시 광산구 하남동,경상사고,0,0,2,0,차대차 - 측면충돌,안전운전불이행,건조,맑음,교차로 - 교차로안,승합,남,59세,상해없음,승용,여,32세,경상
2017112500100341,2017년 11월 25일 13시,토요일,광주광역시 서구 농성동,경상사고,0,0,3,0,차대차 - 추돌,안전운전불이행,건조,맑음,교차로 - 교차로부근,승용,남,55세,상해없음,승용,여,38세,경상
2017112500100342,2017년 11월 25일 13시,토요일,광주광역시 북구 운암동,경상사고,0,0,1,0,차대사람 - 보도통행중,신호위반,건조,맑음,교차로 - 교차로안,승용,여,25세,상해없음,보행자,여,27세,경상
2017112500100373,2017년 11월 25일 14시,토요일,광주광역시 광산구 신창동,경상사고,0,0,1,0,차대사람 - 기타,안전운전불이행,건조,맑음,단일로 - 기타,승용,여,46세,상해없음,보행자,여,23세,경상
2017112500100406,2017년 11월 25일 15시,토요일,광주광역시 북구 임동,경상사고,0,0,1,0,차대차 - 측면충돌,신호위반,건조,맑음,교차로 - 교차로안,승합,여,20세,상해없음,승용,여,65세,경상
2017112500100431,2017년 11월 25일 16시,토요일,광주광역시 북구 삼각동,경상사고,0,0,1,0,차대차 - 추돌,안전운전불이행,건조,맑음,단일로 - 기타,승용,남,56세,상해없음,승용,남,64세,상해없음
2017112500100545,2017년 11월 25일 18시,토요일,광주광역시 서구 동천동,중상사고,0,1,0,0,차대사람 - 횡단중,보행자보호의무위반,건조,맑음,교차로 - 교차로횡단보도내,화물,남,34세,상해없음,보행자,여,47세,중상
2017112500100546,2017년 11월 25일 18시,토요일,광주광역시 남구 방림동,경상사고,0,0,2,0,차대차 - 기타,안전거리미확보,건조,맑음,기타 - 기타,승합,남,59세,상해없음,승용,남,28세,경상
2017112500100547,2017년 11월 25일 18시,토요일,광주광역시 북구 각화동,경상사고,0,0,1,0,차대차 - 추돌,안전운전불이행,건조,맑음,단일로 - 기타,기타불명,기타불명,미분류,기타불명,화물,남,59세,경상
2017112500100586,2017년 11월 25일 19시,토요일,광주광역시 광산구 신창동,경상사고,0,0,1,0,차대차 - 측면충돌,안전운전불이행,건조,맑음,기타 - 기타,승용,여,52세,상해없음,승용,여,44세,경상
2017112500100630,2017년 11월 25일 20시,토요일,광주광역시 서구 풍암동,경상사고,0,0,2,0,차대차 - 추돌,안전운전불이행,건조,맑음,교차로 - 교차로부근,승합,남,62세,상해없음,승용,여,55세,경상
2017112500100631,2017년 11월 25일 20시,토요일,광주광역시 북구 매곡동,경상사고,0,0,1,0,차대차 - 측면충돌,신호위반,건조,맑음,교차로 - 교차로안,승용,여,51세,상해없음,승용,남,38세,경상
2017112500100632,2017년 11월 25일 20시,토요일,광주광역시 북구 용봉동,경상사고,0,0,1,0,차대사람 - 기타,안전운전불이행,건조,맑음,단일로 - 기타,승용,남,40세,상해없음,보행자,남,44세,경상
2017112500100655,2017년 11월 25일 21시,토요일,광주광역시 광산구 소촌동,경상사고,0,0,1,0,차대차 - 측면충돌,안전운전불이행,건조,맑음,교차로 - 교차로안,승용,남,34세,상해없음,승용,남,53세,경상
2017112500100680,2017년 11월 25일 22시,토요일,광주광역시 동구 대의동,경상사고,0,0,2,0,차대차 - 측면충돌,안전운전불이행,건조,맑음,교차로 - 교차로안,승용,남,22세,상해없음,승용,여,49세,경상
2017112500100681,2017년 11월 25일 22시,토요일,광주광역시 동구 불로동,경상사고,0,0,1,0,차대사람 - 횡단중,안전운전불이행,건조,맑음,단일로 - 기타,승용,남,59세,상해없음,보행자,여,30세,경상
2017112500100682,2017년 11월 25일 22시,토요일,광주광역시 서구 쌍촌동,경상사고,0,0,1,0,차대사람 - 차도통행중,안전운전불이행,건조,맑음,단일로 - 기타,승용,남,24세,상해없음,보행자,남,24세,경상
2017112600100026,2017년 11월 26일 00시,일요일,광주광역시 서구 금호동,경상사고,0,0,1,0,차대사람 - 횡단중,안전운전불이행,건조,맑음,교차로 - 교차로부근,승용,남,28세,상해없음,보행자,여,35세,경상
2017112600100027,2017년 11월 26일 00시,일요일,광주광역시 북구 유동,경상사고,0,0,1,0,차대사람 - 횡단중,안전운전불이행,건조,맑음,교차로 - 교차로안,승용,남,32세,상해없음,보행자,여,53세,경상
2017112600100042,2017년 11월 26일 01시,일요일,광주광역시 동구 소태동,경상사고,0,0,2,1,차대차 - 추돌,안전거리미확보,건조,맑음,단일로 - 교량,화물,남,40세,상해없음,승용,남,53세,경상
2017112600100043,2017년 11월 26일 01시,일요일,광주광역시 광산구 신창동,경상사고,0,0,1,0,차대차 - 추돌,안전운전불이행,건조,맑음,교차로 - 교차로부근,승용,남,33세,상해없음,승용,남,49세,경상
2017112600100044,2017년 11월 26일 01시,일요일,광주광역시 광산구 도산동,경상사고,0,0,2,0,차대차 - 측면충돌,신호위반,건조,맑음,교차로 - 교차로안,승용,남,23세,상해없음,승용,여,49세,경상
2017112600100072,2017년 11월 26일 03시,일요일,광주광역시 광산구 수완동,중상사고,0,1,0,0,차대차 - 추돌,안전운전불이행,건조,맑음,교차로 - 교차로부근,승용,남,22세,상해없음,승용,남,39세,중상
2017112600100080,2017년 11월 26일 04시,일요일,광주광역시 서구 화정동,경상사고,0,0,2,0,차대차 - 추돌,안전운전불이행,건조,맑음,단일로 - 기타,승합,남,57세,상해없음,승용,남,26세,경상
2017112600100133,2017년 11월 26일 09시,일요일,광주광역시 동구 학동,중상사고,0,1,0,0,차대사람 - 횡단중,안전운전불이행,건조,맑음,단일로 - 기타,화물,남,40세,상해없음,보행자,남,89세,중상
2017112600100134,2017년 11월 26일 09시,일요일,광주광역시 서구 양동,부상신고사고,0,0,0,1,차대사람 - 기타,안전운전불이행,건조,맑음,단일로 - 기타,승합,남,55세,상해없음,보행자,여,77세,부상신고
2017112600100209,2017년 11월 26일 13시,일요일,광주광역시 북구 북동,경상사고,0,0,4,0,차대차 - 측면충돌,안전거리미확보,건조,맑음,단일로 - 기타,승용,남,26세,상해없음,승용,남,32세,경상
2017112600100235,2017년 11월 26일 14시,일요일,광주광역시 북구 문흥동,중상사고,0,1,0,0,차대사람 - 횡단중,보행자보호의무위반,건조,맑음,교차로 - 교차로안,승용,남,75세,상해없음,보행자,남,69세,중상
2017112600100236,2017년 11월 26일 14시,일요일,광주광역시 북구 용봉동,경상사고,0,0,2,0,차대차 - 추돌,안전운전불이행,건조,맑음,단일로 - 기타,승용,남,40세,상해없음,승합,남,49세,상해없음