사고번호,사고일시,요일,시군구,사고내용,사망자수,중상자수,경상자수,부상신고자수,사고유형,법규위반,노면상태,기상상태,도로형태,가해운전자 차종,가해운전자 성별,가해운전자 연령,가해운전자 상해정도,피해운전자 차종,피해운전자 성별,피해운전자 연령,피해운전자 상해정도
2017112600100258,2017년 11월 26일 15시,일요일,광주광역시 북구 용봉동,경상사고,0,0,1,0,차대차 - 측면충돌,기타,건조,맑음,교차로 - 교차로안,기타불명,기타불명,미분류,기타불명,자전거,남,24세,경상
2017112600100299,2017년 11월 26일 16시,일요일,광주광역시 광산구 월곡동,경상사고,0,0,1,0,차대차 - 측면충돌,안전운전불이행,건조,흐림,기타 - 기타,승용,남,25세,상해없음,승용,여,30세,경상
2017112600100334,2017년 11월 26일 17시,일요일,광주광역시 서구 쌍촌동,경상사고,0,0,1,0,차대차 - 추돌,안전운전불이행,건조,맑음,단일로 - 기타,승용,남,25세,상해없음,승용,여,40세,경상
2017112600100410,2017년 11월 26일 19시,일요일,광주광역시 서구 양동,사망사고,1,0,0,0,차대사람 - 횡단중,안전운전불이행,건조,맑음,교차로 - 교차로안,승용,남,69세,상해없음,보행자,남,49세,사망
2017112600100455,2017년 11월 26일 21시,일요일,광주광역시 서구 광천동,경상사고,0,0,3,0,차대차 - 측면충돌,안전운전불이행,건조,맑음,교차로 - 교차로안,승용,남,22세,경상,승용,남,47세,경상
2017112700100153,2017년 11월 27일 08시,월요일,광주광역시 북구 운암동,경상사고,0,0,1,0,차대차 - 기타,안전운전불이행,건조,맑음,단일로 - 기타,승용,여,49세,상해없음,승용,남,36세,경상
2017112700100154,2017년 11월 27일 08시,월요일,광주광역시 북구 오치동,경상사고,0,0,1,0,차대차 - 추돌,안전운전불이행,건조,맑음,단일로 - 기타,승용,남,28세,상해없음,승용,여,37세,경상
2017112700100227,2017년 11월 27일 10시,월요일,광주광역시 남구 방림동,경상사고,0,0,1,0,차대차 - 측면충돌,안전운전불이행,건조,맑음,교차로 - 교차로안,승합,여,50세,상해없음,승용,남,44세,경상
2017112700100243,2017년 11월 27일 11시,월요일,광주광역시 북구 오룡동,중상사고,0,1,0,0,차대사람 - 기타,안전운전불이행,건조,맑음,단일로 - 기타,화물,남,63세,상해없음,보행자,여,61세,중상
2017112700100288,2017년 11월 27일 13시,월요일,광주광역시 북구 유동,경상사고,0,0,1,0,차대사람 - 횡단중,안전운전불이행,건조,맑음,교차로 - 교차로부근,원동기,기타불명,미분류,기타불명,보행자,여,23세,경상
2017112700100289,2017년 11월 27일 13시,월요일,광주광역시 광산구 우산동,중상사고,0,1,1,0,차대차 - 측면충돌,교차로운행방법위반,건조,맑음,교차로 - 교차로안,이륜,남,57세,중상,승용,여,39세,경상
2017112700100315,2017년 11월 27일 14시,월요일,광주광역시 서구 치평동,경상사고,0,0,1,0,차대차 - 측면충돌,안전운전불이행,건조,맑음,단일로 - 기타,화물,남,71세,상해없음,이륜,남,35세,경상
2017112700100349,2017년 11월 27일 15시,월요일,광주광역시 서구 화정동,경상사고,0,0,2,0,차대차 - 기타,안전운전불이행,건조,맑음,교차로 - 교차로부근,승용,여,49세,상해없음,승용,남,46세,경상
2017112700100350,2017년 11월 27일 15시,월요일,광주광역시 북구 두암동,경상사고,0,0,1,0,차대차 - 측면충돌,안전거리미확보,건조,맑음,단일로 - 기타,승용,여,31세,상해없음,승용,여,58세,경상
2017112700100436,2017년 11월 27일 17시,월요일,광주광역시 남구 백운동,경상사고,0,0,1,0,차대차 - 기타,안전운전불이행,건조,맑음,단일로 - 기타,승용,남,68세,상해없음,승용,여,23세,경상
2017112700100437,2017년 11월 27일 17시,월요일,광주광역시 남구 양림동,경상사고,0,0,1,0,차대사람 - 횡단중,안전운전불이행,건조,맑음,기타 - 기타,승용,남,38세,상해없음,보행자,여,56세,경상
2017112700100491,2017년 11월 27일 18시,월요일,광주광역시 북구 양산동,경상사고,0,0,1,0,차대차 - 측면충돌,안전운전불이행,건조,맑음,교차로 - 교차로안,승용,남,46세,상해없음,승용,남,47세,경상
2017112700100552,2017년 11월 27일 20시,월요일,광주광역시 남구 월산동,경상사고,0,0,4,0,차대차 - 기타,교차로운행방법위반,건조,맑음,교차로 - 교차로부근,승용,여,50세,경상,승용,남,51세,경상
2017112700100553,2017년 11월 27일 20시,월요일,광주광역시 북구 일곡동,경상사고,0,0,1,0,차량단독 - 공작물충돌,교차로운행방법위반,건조,맑음,교차로 - 교차로안,승용,남,60세,상해없음,,,,
2017112700100618,2017년 11월 27일 23시,월요일,광주광역시 서구 쌍촌동,경상사고,0,0,1,0,차대차 - 기타,안전운전불이행,건조,맑음,교차로 - 교차로안,승용,여,23세,상해없음,승합,남,53세,상해없음
2017112700100619,2017년 11월 27일 23시,월요일,광주광역시 남구 백운동,경상사고,0,0,2,0,차대차 - 추돌,안전운전불이행,건조,맑음,단일로 - 기타,화물,남,49세,상해없음,승용,남,51세,경상
2017112800100077,2017년 11월 28일 03시,화요일,광주광역시 서구 유촌동,경상사고,0,0,2,0,차대차 - 기타,중앙선침범,건조,맑음,단일로 - 기타,기타불명,기타불명,미분류,기타불명,승용,남,24세,경상
2017112800100078,2017년 11월 28일 03시,화요일,광주광역시 북구 양산동,경상사고,0,0,3,0,차대차 - 기타,신호위반,건조,맑음,교차로 - 교차로안,승용,남,24세,상해없음,승용,남,54세,경상
2017112800100161,2017년 11월 28일 08시,화요일,광주광역시 서구 치평동,경상사고,0,0,1,0,차대차 - 기타,안전운전불이행,건조,맑음,단일로 - 기타,승용,여,46세,상해없음,승용,남,52세,경상
2017112800100210,2017년 11월 28일 10시,화요일,광주광역시 북구 삼각동,경상사고,0,0,3,0,차대차 - 측면충돌,안전운전불이행,건조,맑음,교차로 - 교차로안,승용,남,48세,상해없음,승용,여,45세,경상
2017112800100312,2017년 11월 28일 14시,화요일,광주광역시 남구 월산동,경상사고,0,0,1,0,차대차 - 측면충돌,안전거리미확보,건조,맑음,단일로 - 기타,승용,남,56세,상해없음,승용,남,56세,경상
2017112800100344,2017년 11월 28일 15시,화요일,광주광역시 광산구 하남동,경상사고,0,0,2,0,차대차 - 추돌,안전운전불이행,건조,맑음,교차로 - 교차로안,기타불명,기타불명,미분류,기타불명,승용,남,65세,경상
2017112800100345,2017년 11월 28일 15시,화요일,광주광역시 광산구 월계동,중상사고,0,1,0,0,차대사람 - 기타,안전운전불이행,건조,맑음,단일로 - 기타,승용,여,53세,상해없음,보행자,여,5세,중상
2017112800100374,2017년 11월 28일 16시,화요일,광주광역시 남구 월산동,중상사고,0,1,1,0,차대차 - 기타,기타,건조,맑음,교차로 - 교차로부근,승용,여,65세,경상,이륜,남,64세,중상
2017112800100375,2017년 11월 28일 16시,화요일,광주광역시 남구 노대동,중상사고,0,1,0,0,차대사람 - 기타,보행자보호의무위반,건조,맑음,단일로 - 기타,승용,여,54세,상해없음,보행자,남,11세,중상
2017112800100413,2017년 11월 28일 17시,화요일,광주광역시 동구 소태동,경상사고,0,0,2,0,차대차 - 추돌,안전거리미확보,건조,맑음,교차로 - 교차로부근,화물,남,52세,상해없음,승용,여,59세,경상
2017112800100414,2017년 11월 28일 17시,화요일,광주광역시 서구 화정동,경상사고,0,0,1,0,차대사람 - 횡단중,안전운전불이행,건조,맑음,단일로 - 기타,승용,남,26세,상해없음,보행자,여,6세,경상
2017112800100415,2017년 11월 28일 17시,화요일,광주광역시 북구 오치동,경상사고,0,0,1,0,차대차 - 측면충돌,안전거리미확보,건조,맑음,단일로 - 기타,자전거,남,61세,경상,화물,남,60세,상해없음
2017112800100501,2017년 11월 28일 19시,화요일,광주광역시 남구 봉선동,경상사고,0,0,1,1,차대차 - 측면충돌,안전운전불이행,건조,맑음,단일로 - 기타,승용,여,49세,부상신고,승용,남,48세,경상
2017112800100502,2017년 11월 28일 19시,화요일,광주광역시 북구 신안동,경상사고,0,0,2,0,차대차 - 측면충돌,안전거리미확보,건조,맑음,교차로 - 교차로안,승용,남,70세,경상,승용,남,29세,경상
2017112800100524,2017년 11월 28일 20시,화요일,광주광역시 서구 치평동,경상사고,0,0,4,0,차대차 - 측면충돌,교차로운행방법위반,건조,맑음,교차로 - 교차로안,승용,남,53세,상해없음,승용,남,69세,경상
2017112800100525,2017년 11월 28일 20시,화요일,광주광역시 서구 내방동,경상사고,0,0,3,0,차대차 - 측면충돌,차로위반,건조,맑음,단일로 - 기타,승용,여,62세,경상,승용,남,30세,경상
2017112800100526,2017년 11월 28일 20시,화요일,광주광역시 북구 두암동,경상사고,0,0,1,0,차대차 - 측면충돌,교차로운행방법위반,건조,맑음,교차로 - 교차로안,이륜,남,18세,상해없음,승용,남,27세,경상
2017112800100527,2017년 11월 28일 20시,화요일,광주광역시 북구 매곡동,부상신고사고,0,0,0,1,차대사람 - 차도통행중,안전운전불이행,건조,맑음,교차로 - 교차로안,승용,남,63세,상해없음,보행자,남,55세,부상신고
2017112800100551,2017년 11월 28일 21시,화요일,광주광역시 서구 금호동,경상사고,0,0,3,0,차대차 - 측면충돌,교차로운행방법위반,건조,맑음,교차로 - 교차로안,승용,남,24세,경상,승용,남,35세,경상
2017112800100552,2017년 11월 28일 21시,화요일,광주광역시 북구 양산동,경상사고,0,0,1,0,차대차 - 측면충돌,기타,건조,맑음,교차로 - 교차로안,이륜,남,16세,상해없음,승용,남,27세,경상
2017112800100572,2017년 11월 28일 22시,화요일,광주광역시 북구 양산동,경상사고,0,0,2,0,차대차 - 측면충돌,교차로운행방법위반,건조,흐림,교차로 - 교차로안,승용,남,26세,상해없음,승용,남,57세,경상
2017112800100573,2017년 11월 28일 22시,화요일,광주광역시 북구 일곡동,경상사고,0,0,2,0,차대차 - 추돌,안전운전불이행,건조,맑음,단일로 - 기타,승용,여,38세,상해없음,승용,남,58세,경상
2017112800100594,2017년 11월 28일 23시,화요일,광주광역시 서구 치평동,경상사고,0,0,1,1,차대차 - 기타,안전거리미확보,건조,흐림,교차로 - 교차로안,승용,남,50세,상해없음,승용,남,64세,경상
2017112900100042,2017년 11월 29일 01시,수요일,광주광역시 광산구 신창동,중상사고,0,1,0,0,차대사람 - 횡단중,신호위반,건조,맑음,교차로 - 교차로부근,승용,남,26세,상해없음,보행자,남,23세,중상
2017112900100081,2017년 11월 29일 06시,수요일,광주광역시 서구 금호동,경상사고,0,0,1,0,차대차 - 측면충돌,교차로운행방법위반,건조,맑음,교차로 - 교차로안,승용,남,56세,경상,승용,남,63세,상해없음
2017112900100107,2017년 11월 29일 07시,수요일,광주광역시 서구 양동,부상신고사고,0,0,0,1,차대차 - 측면충돌,안전운전불이행,건조,맑음,단일로 - 지하차도(도로)내,자전거,남,73세,부상신고,기타불명,기타불명,미분류,기타불명
2017112900100137,2017년 11월 29일 08시,수요일,광주광역시 동구 계림동,경상사고,0,0,1,1,차대차 - 기타,안전운전불이행,건조,맑음,교차로 - 교차로안,이륜,남,59세,경상,승합,여,57세,부상신고
2017112900100138,2017년 11월 29일 08시,수요일,광주광역시 북구 매곡동,중상사고,0,1,0,0,차대사람 - 횡단중,안전운전불이행,건조,맑음,단일로 - 기타,화물,남,38세,상해없음,보행자,남,13세,중상
2017112900100242,2017년 11월 29일 11시,수요일,광주광역시 서구 치평동,경상사고,0,0,1,0,차대차 - 추돌,안전운전불이행,건조,맑음,교차로 - 교차로안,승용,여,48세,상해없음,승용,남,59세,경상
2017112900100268,2017년 11월 29일 12시,수요일,광주광역시 동구 금남로2가,중상사고,0,1,0,0,차대사람 - 기타,보행자보호의무위반,건조,맑음,단일로 - 기타,승용,남,34세,상해없음,보행자,남,25세,중상
2017112900100269,2017년 11월 29일 12시,수요일,광주광역시 서구 금호동,중상사고,0,3,0,0,차대차 - 측면충돌,교차로운행방법위반,건조,맑음,교차로 - 교차로안,승용,남,64세,상해없음,승용,남,68세,중상
2017112900100320,2017년 11월 29일 14시,수요일,광주광역시 남구 월산동,경상사고,0,0,1,0,차대사람 - 횡단중,보행자보호의무위반,건조,맑음,교차로 - 교차로횡단보도내,승용,남,71세,상해없음,보행자,여,48세,경상
2017112900100321,2017년 11월 29일 14시,수요일,광주광역시 남구 주월동,중상사고,0,1,1,0,차대차 - 측면충돌,기타,건조,맑음,교차로 - 교차로안,승용,남,74세,경상,승용,남,56세,중상
2017112900100387,2017년 11월 29일 16시,수요일,광주광역시 광산구 비아동,경상사고,0,0,1,0,차대차 - 측면충돌,안전운전불이행,건조,맑음,교차로 - 교차로안,기타불명,남,69세,경상,승합,남,61세,상해없음
2017112900100434,2017년 11월 29일 17시,수요일,광주광역시 남구 주월동,경상사고,0,0,1,0,차대사람 - 기타,안전운전불이행,건조,맑음,교차로 - 교차로부근,승용,여,58세,상해없음,보행자,남,54세,경상
2017112900100435,2017년 11월 29일 17시,수요일,광주광역시 북구 동림동,경상사고,0,0,11,0,차대차 - 측면충돌,신호위반,건조,맑음,교차로 - 교차로안,승용,여,37세,상해없음,승합,남,59세,경상
2017112900100472,2017년 11월 29일 18시,수요일,광주광역시 동구 계림동,경상사고,0,0,1,0,차대차 - 기타,안전운전불이행,건조,맑음,단일로 - 기타,승용,남,52세,상해없음,이륜,남,23세,경상
2017112900100473,2017년 11월 29일 18시,수요일,광주광역시 서구 금호동,경상사고,0,0,1,0,차대차 - 측면충돌,신호위반,건조,맑음,교차로 - 교차로안,화물,남,68세,상해없음,승용,남,62세,경상
2017112900100474,2017년 11월 29일 18시,수요일,광주광역시 북구 풍향동,중상사고,0,1,0,0,차대차 - 측면충돌,안전운전불이행,건조,맑음,교차로 - 교차로부근,승용,여,34세,상해없음,자전거,남,75세,중상
2017112900100475,2017년 11월 29일 18시,수요일,광주광역시 광산구 월곡동,경상사고,0,0,1,0,차대차 - 추돌,안전운전불이행,건조,맑음,단일로 - 기타,승용,남,23세,상해없음,승용,남,28세,경상
2017112900100515,2017년 11월 29일 19시,수요일,광주광역시 북구 임동,경상사고,0,0,5,0,차대차 - 측면충돌,안전운전불이행,건조,맑음,단일로 - 교량,승용,여,57세,상해없음,승용,남,24세,경상
2017112900100536,2017년 11월 29일 20시,수요일,광주광역시 서구 화정동,경상사고,0,0,1,0,차대차 - 기타,안전운전불이행,건조,맑음,단일로 - 기타,승용,남,40세,상해없음,승용,남,31세,경상
2017112900100559,2017년 11월 29일 21시,수요일,광주광역시 남구 월산동,경상사고,0,0,1,0,차대차 - 측면충돌,교차로운행방법위반,건조,맑음,교차로 - 교차로안,이륜,남,16세,상해없음,승용,여,57세,경상
2017112900100560,2017년 11월 29일 21시,수요일,광주광역시 북구 용봉동,경상사고,0,0,1,0,차대차 - 측면충돌,중앙선침범,건조,맑음,단일로 - 기타,승용,남,32세,상해없음,승용,남,36세,경상
2017112900100588,2017년 11월 29일 22시,수요일,광주광역시 광산구 송정동,경상사고,0,0,2,1,차대차 - 측면충돌,안전운전불이행,건조,맑음,교차로 - 교차로안,승용,남,49세,부상신고,승용,남,33세,경상
2017112900100609,2017년 11월 29일 23시,수요일,광주광역시 서구 치평동,경상사고,0,0,2,0,차대차 - 기타,교차로운행방법위반,건조,맑음,교차로 - 교차로안,승용,남,35세,기타불명,승용,여,40세,경상
2017112900100610,2017년 11월 29일 23시,수요일,광주광역시 북구 두암동,경상사고,0,0,2,0,차대차 - 측면충돌,안전운전불이행,건조,맑음,단일로 - 기타,승용,남,32세,상해없음,승용,남,57세,경상
2017113000100032,2017년 11월 30일 00시,목요일,광주광역시 북구 운암동,경상사고,0,0,1,0,차대차 - 측면충돌,차로위반,건조,맑음,교차로 - 교차로안,기타불명,기타불명,미분류,기타불명,승용,남,65세,경상
2017113000100055,2017년 11월 30일 03시,목요일,광주광역시 서구 쌍촌동,중상사고,0,1,1,0,차대사람 - 기타,안전운전불이행,건조,흐림,단일로 - 기타,이륜,남,35세,경상,보행자,남,22세,중상
2017113000100100,2017년 11월 30일 07시,목요일,광주광역시 북구 신안동,경상사고,0,0,1,0,차대차 - 측면충돌,안전운전불이행,건조,맑음,단일로 - 기타,화물,남,52세,상해없음,승용,여,29세,경상
2017113000100101,2017년 11월 30일 07시,목요일,광주광역시 북구 연제동,경상사고,0,0,1,0,차대차 - 측면충돌,안전운전불이행,건조,맑음,단일로 - 기타,건설기계,남,66세,상해없음,승용,여,50세,경상
2017113000100102,2017년 11월 30일 07시,목요일,광주광역시 광산구 용동,중상사고,0,1,0,0,차대차 - 기타,안전운전불이행,건조,맑음,교차로 - 교차로안,승합,남,59세,상해없음,승합,남,69세,상해없음
2017113000100142,2017년 11월 30일 08시,목요일,광주광역시 남구 진월동,경상사고,0,0,1,0,차대차 - 측면충돌,교차로운행방법위반,건조,맑음,교차로 - 교차로안,승용,여,50세,상해없음,승용,여,28세,경상
2017113000100143,2017년 11월 30일 08시,목요일,광주광역시 북구 두암동,경상사고,0,0,1,0,차대차 - 측면충돌,교차로운행방법위반,건조,맑음,교차로 - 교차로안,승용,여,55세,상해없음,이륜,여,54세,경상
2017113000100179,2017년 11월 30일 09시,목요일,광주광역시 서구 광천동,중상사고,0,1,0,0,차대차 - 추돌,안전운전불이행,건조,맑음,단일로 - 기타,건설기계,남,58세,상해없음,승용,여,61세,중상
2017113000100207,2017년 11월 30일 10시,목요일,광주광역시 서구 금호동,경상사고,0,0,1,0,차대차 - 후진중충돌,안전운전불이행,건조,맑음,단일로 - 기타,승용,남,71세,상해없음,승용,남,40세,경상
2017113000100363,2017년 11월 30일 15시,목요일,광주광역시 남구 월산동,경상사고,0,0,1,0,차대차 - 후진중충돌,안전운전불이행,건조,맑음,단일로 - 기타,승용,남,65세,상해없음,승용,남,39세,경상
2017113000100364,2017년 11월 30일 15시,목요일,광주광역시 북구 삼각동,경상사고,0,0,3,0,차대차 - 기타,중앙선침범,건조,맑음,단일로 - 기타,승용,여,62세,경상,승용,남,61세,경상
2017113000100365,2017년 11월 30일 15시,목요일,광주광역시 광산구 신촌동,중상사고,0,1,2,0,차대차 - 측면충돌,중앙선침범,건조,맑음,단일로 - 기타,승용,남,70세,상해없음,승용,남,56세,경상
2017113000100411,2017년 11월 30일 16시,목요일,광주광역시 서구 양동,중상사고,0,1,3,0,차대사람 - 기타,안전운전불이행,건조,맑음,단일로 - 기타,승합,남,57세,상해없음,보행자,여,68세,중상
2017113000100455,2017년 11월 30일 17시,목요일,광주광역시 광산구 우산동,경상사고,0,0,1,0,차대차 - 추돌,안전운전불이행,건조,맑음,기타 - 기타,화물,남,68세,상해없음,승용,남,35세,경상
2017113000100503,2017년 11월 30일 18시,목요일,광주광역시 동구 학동,중상사고,0,1,0,0,차대차 - 추돌,안전운전불이행,건조,맑음,단일로 - 고가도로위,원동기,남,45세,중상,승용,남,42세,상해없음
2017113000100639,2017년 11월 30일 22시,목요일,광주광역시 북구 운암동,경상사고,0,0,1,0,차대차 - 측면충돌,교차로운행방법위반,건조,맑음,교차로 - 교차로안,승용,남,51세,상해없음,이륜,남,18세,경상
2017113000100640,2017년 11월 30일 22시,목요일,광주광역시 북구 중흥동,경상사고,0,0,1,0,차대차 - 측면충돌,신호위반,건조,맑음,교차로 - 교차로안,기타불명,기타불명,미분류,기타불명,승용,남,61세,경상
2017120100100050,2017년 12월 1일 00시,금요일,광주광역시 북구 삼각동,경상사고,0,0,1,0,차량단독 - 공작물충돌,안전운전불이행,건조,맑음,교차로 - 교차로부근,승합,남,23세,경상,,,,
2017120100100051,2017년 12월 1일 00시,금요일,광주광역시 북구 용봉동,경상사고,0,0,1,0,차대차 - 측면충돌,안전운전불이행,건조,맑음,단일로 - 기타,승용,남,28세,상해없음,승용,남,63세,경상
2017120100100052,2017년 12월 1일 00시,금요일,광주광역시 북구 운암동,경상사고,0,0,2,0,차대차 - 기타,안전운전불이행,건조,흐림,단일로 - 고가도로위,승용,여,41세,경상,승용,남,36세,경상
2017120100100071,2017년 12월 1일 01시,금요일,광주광역시 서구 쌍촌동,경상사고,0,0,1,1,차대차 - 추돌,안전운전불이행,건조,맑음,교차로 - 교차로부근,승용,남,31세,상해없음,승용,남,60세,경상
2017120100100072,2017년 12월 1일 01시,금요일,광주광역시 서구 동천동,경상사고,0,0,1,0,차량단독 - 공작물충돌,안전운전불이행,건조,맑음,단일로 - 기타,승용,남,26세,경상,,,,
2017120100100088,2017년 12월 1일 03시,금요일,광주광역시 서구 쌍촌동,경상사고,0,0,3,0,차대차 - 추돌,안전운전불이행,건조,맑음,단일로 - 기타,승용,남,40세,상해없음,승용,여,43세,경상
2017120100100089,2017년 12월 1일 03시,금요일,광주광역시 북구 용봉동,경상사고,0,0,1,0,차대차 - 측면충돌,안전운전불이행,건조,맑음,교차로 - 교차로안,기타불명,기타불명,미분류,기타불명,이륜,남,35세,경상
2017120100100128,2017년 12월 1일 06시,금요일,광주광역시 북구 북동,중상사고,0,1,0,0,차대사람 - 기타,안전운전불이행,건조,맑음,단일로 - 기타,승용,남,62세,상해없음,보행자,여,79세,중상
2017120100100151,2017년 12월 1일 07시,금요일,광주광역시 남구 방림동,경상사고,0,0,1,0,차대차 - 추돌,안전거리미확보,건조,맑음,단일로 - 기타,승용,남,69세,상해없음,승용,여,32세,경상
2017120100100192,2017년 12월 1일 08시,금요일,광주광역시 남구 진월동,경상사고,0,0,3,0,차대차 - 추돌,안전거리미확보,건조,맑음,단일로 - 기타,승용,여,41세,기타불명,승용,여,41세,경상
2017120100100193,2017년 12월 1일 08시,금요일,광주광역시 북구 신안동,경상사고,0,0,1,0,차대차 - 추돌,안전거리미확보,건조,맑음,단일로 - 기타,승용,남,47세,기타불명,승용,남,34세,경상
2017120100100194,2017년 12월 1일 08시,금요일,광주광역시 북구 오치동,경상사고,0,0,1,0,차대사람 - 기타,안전운전불이행,건조,맑음,교차로 - 교차로부근,승용,여,40세,기타불명,보행자,남,12세,경상
2017120100100195,2017년 12월 1일 08시,금요일,광주광역시 광산구 옥동,경상사고,0,0,1,0,차대차 - 추돌,안전거리미확보,건조,맑음,교차로 - 교차로부근,승용,남,24세,상해없음,승용,남,54세,경상
2017120100100261,2017년 12월 1일 10시,금요일,광주광역시 서구 유촌동,경상사고,0,0,1,0,차대차 - 측면충돌,교차로운행방법위반,건조,맑음,교차로 - 교차로안,승용,여,40세,상해없음,승용,남,46세,경상
2017120100100285,2017년 12월 1일 11시,금요일,광주광역시 북구 신안동,중상사고,0,1,0,0,차대차 - 측면충돌,교차로운행방법위반,건조,맑음,교차로 - 교차로안,이륜,남,48세,중상,승용,남,78세,상해없음
2017120100100316,2017년 12월 1일 12시,금요일,광주광역시 남구 월산동,경상사고,0,0,2,0,차대차 - 측면충돌,안전운전불이행,건조,맑음,교차로 - 교차로안,건설기계,남,44세,상해없음,승용,남,20세,경상
2017120100100345,2017년 12월 1일 13시,금요일,광주광역시 서구 화정동,경상사고,0,0,4,0,차대차 - 측면충돌,교차로운행방법위반,건조,맑음,교차로 - 교차로안,승용,남,27세,경상,승용,남,34세,경상
2017120100100346,2017년 12월 1일 13시,금요일,광주광역시 남구 월산동,경상사고,0,0,1,0,차대차 - 추돌,안전거리미확보,건조,맑음,단일로 - 기타,승용,여,58세,상해없음,화물,여,57세,경상
2017120100100385,2017년 12월 1일 14시,금요일,광주광역시 동구 황금동,경상사고,0,0,1,0,차대사람 - 기타,신호위반,건조,맑음,단일로 - 기타,승용,남,34세,상해없음,보행자,여,42세,경상
2017120100100386,2017년 12월 1일 14시,금요일,광주광역시 서구 풍암동,경상사고,0,0,1,0,차대차 - 기타,안전거리미확보,건조,맑음,단일로 - 기타,승용,남,75세,상해없음,승용,남,30세,경상
2017120100100387,2017년 12월 1일 14시,금요일,광주광역시 서구 매월동,경상사고,0,0,1,0,차대차 - 측면충돌,신호위반,건조,맑음,교차로 - 교차로안,승용,여,58세,상해없음,승용,여,32세,경상
2017120100100388,2017년 12월 1일 14시,금요일,광주광역시 북구 우산동,경상사고,0,0,1,0,차대차 - 추돌,안전거리미확보,건조,맑음,교차로 - 교차로안,승용,여,56세,기타불명,이륜,남,45세,경상
2017120100100437,2017년 12월 1일 15시,금요일,광주광역시 서구 매월동,경상사고,0,0,2,0,차대차 - 측면충돌,안전운전불이행,건조,맑음,교차로 - 교차로안,승용,여,30세,경상,승용,여,51세,경상
2017120100100438,2017년 12월 1일 15시,금요일,광주광역시 북구 우산동,중상사고,0,1,0,0,차대사람 - 기타,안전운전불이행,건조,맑음,단일로 - 기타,승용,남,49세,상해없음,보행자,남,73세,중상
2017120100100439,2017년 12월 1일 15시,금요일,광주광역시 북구 각화동,경상사고,0,0,1,0,차대차 - 측면충돌,중앙선침범,건조,맑음,교차로 - 교차로부근,원동기,여,53세,경상,승용,여,26세,상해없음
2017120100100479,2017년 12월 1일 16시,금요일,광주광역시 동구 대인동,중상사고,0,1,0,0,차대사람 - 횡단중,안전운전불이행,건조,흐림,단일로 - 기타,승용,남,62세,상해없음,보행자,남,56세,중상
2017120100100480,2017년 12월 1일 16시,금요일,광주광역시 북구 생용동,경상사고,0,0,1,0,차대차 - 측면충돌,안전운전불이행,건조,맑음,단일로 - 기타,화물,남,30세,상해없음,승합,남,58세,경상
2017120100100589,2017년 12월 1일 18시,금요일,광주광역시 남구 행암동,경상사고,0,0,1,0,차대사람 - 기타,안전운전불이행,건조,맑음,단일로 - 기타,승용,여,46세,상해없음,보행자,남,10세,경상
2017120100100590,2017년 12월 1일 18시,금요일,광주광역시 남구 방림동,경상사고,0,0,1,0,차대사람 - 기타,안전운전불이행,건조,맑음,단일로 - 기타,승용,남,65세,상해없음,보행자,남,30세,경상
2017120100100667,2017년 12월 1일 20시,금요일,광주광역시 북구 문흥동,경상사고,0,0,1,0,차대차 - 측면충돌,안전거리미확보,건조,맑음,단일로 - 기타,승용,여,44세,상해없음,승용,남,31세,경상
2017120100100741,2017년 12월 1일 22시,금요일,광주광역시 남구 백운동,경상사고,0,0,1,0,차대차 - 측면충돌,안전거리미확보,건조,맑음,단일로 - 기타,원동기,남,53세,기타불명,승용,여,21세,경상
2017120100100762,2017년 12월 1일 23시,금요일,광주광역시 광산구 선암동,경상사고,0,0,2,0,차대차 - 측면충돌,안전운전불이행,건조,맑음,기타 - 기타,승용,남,36세,상해없음,승용,남,42세,경상
2017120200100043,2017년 12월 2일 00시,토요일,광주광역시 북구 두암동,경상사고,0,0,2,0,차대차 - 측면충돌,직진우회전진행방해,건조,맑음,교차로 - 교차로안,승합,남,35세,경상,이륜,남,76세,경상
2017120200100069,2017년 12월 2일 01시,토요일,광주광역시 서구 치평동,중상사고,0,1,2,0,차대차 - 기타,신호위반,건조,맑음,교차로 - 교차로안,승용,남,21세,경상,승용,남,57세,중상
2017120200100070,2017년 12월 2일 01시,토요일,광주광역시 북구 두암동,경상사고,0,0,1,0,차대차 - 측면충돌,안전운전불이행,건조,맑음,단일로 - 기타,승용,남,60세,상해없음,이륜,남,30세,경상
2017120200100131,2017년 12월 2일 06시,토요일,광주광역시 북구 각화동,경상사고,0,0,1,0,차대차 - 측면충돌,신호위반,건조,맑음,교차로 - 교차로안,승용,남,71세,상해없음,승용,여,56세,경상
2017120200100132,2017년 12월 2일 06시,토요일,광주광역시 광산구 도산동,부상신고사고,0,0,0,1,차대차 - 기타,안전운전불이행,건조,맑음,교차로 - 교차로안,승용,여,47세,상해없음,승용,남,19세,부상신고