사고번호,사고일시,요일,시군구,사고내용,사망자수,중상자수,경상자수,부상신고자수,사고유형,법규위반,노면상태,기상상태,도로형태,가해운전자 차종,가해운전자 성별,가해운전자 연령,가해운전자 상해정도,피해운전자 차종,피해운전자 성별,피해운전자 연령,피해운전자 상해정도
2017120200100294,2017년 12월 2일 12시,토요일,광주광역시 서구 유촌동,경상사고,0,0,2,0,차대차 - 측면충돌,신호위반,건조,맑음,교차로 - 교차로안,승용,여,45세,상해없음,승용,남,52세,경상
2017120200100295,2017년 12월 2일 12시,토요일,광주광역시 북구 운암동,중상사고,0,1,0,0,차대사람 - 차도통행중,안전운전불이행,건조,맑음,단일로 - 고가도로위,승용,남,28세,상해없음,보행자,남,53세,중상
2017120200100364,2017년 12월 2일 14시,토요일,광주광역시 광산구 운남동,경상사고,0,0,1,0,차대사람 - 차도통행중,안전운전불이행,건조,맑음,교차로 - 교차로부근,승용,여,55세,상해없음,보행자,여,18세,경상
2017120200100435,2017년 12월 2일 16시,토요일,광주광역시 북구 유동,경상사고,0,0,2,0,차대차 - 측면충돌,차로위반,건조,맑음,단일로 - 기타,승합,남,52세,상해없음,승용,남,25세,경상
2017120200100471,2017년 12월 2일 17시,토요일,광주광역시 북구 운암동,경상사고,0,0,4,0,차대차 - 측면충돌,안전운전불이행,건조,맑음,단일로 - 기타,승용,남,60세,경상,승용,남,19세,경상
2017120200100509,2017년 12월 2일 18시,토요일,광주광역시 서구 금호동,중상사고,0,1,0,0,차대차 - 측면충돌,안전운전불이행,건조,맑음,단일로 - 기타,승용,남,47세,상해없음,개인형이동수단(PM),남,50세,중상
2017120200100510,2017년 12월 2일 18시,토요일,광주광역시 북구 문흥동,중상사고,0,1,0,0,차대사람 - 기타,보행자보호의무위반,건조,맑음,교차로 - 교차로횡단보도내,승용,남,35세,상해없음,보행자,남,5세,중상
2017120200100511,2017년 12월 2일 18시,토요일,광주광역시 북구 중흥동,중상사고,0,1,0,0,차대사람 - 횡단중,안전운전불이행,건조,맑음,교차로 - 교차로안,화물,남,48세,상해없음,보행자,남,60세,중상
2017120200100512,2017년 12월 2일 18시,토요일,광주광역시 북구 두암동,경상사고,0,0,1,0,차대사람 - 기타,안전운전불이행,건조,맑음,단일로 - 기타,승용,여,34세,상해없음,보행자,남,38세,경상
2017120200100513,2017년 12월 2일 18시,토요일,광주광역시 광산구 수완동,경상사고,0,0,2,0,차대차 - 측면충돌,안전운전불이행,건조,맑음,단일로 - 기타,승용,여,50세,경상,승용,남,27세,경상
2017120200100514,2017년 12월 2일 18시,토요일,광주광역시 광산구 신창동,경상사고,0,0,4,0,차대차 - 측면충돌,안전운전불이행,건조,맑음,교차로 - 교차로부근,승용,남,60세,경상,화물,남,46세,경상
2017120200100552,2017년 12월 2일 19시,토요일,광주광역시 북구 일곡동,경상사고,0,0,1,0,차대차 - 추돌,안전거리미확보,건조,맑음,단일로 - 기타,승용,남,42세,상해없음,승용,남,50세,경상
2017120200100553,2017년 12월 2일 19시,토요일,광주광역시 광산구 신창동,경상사고,0,0,1,0,차대사람 - 차도통행중,안전운전불이행,건조,맑음,단일로 - 기타,승용,남,46세,상해없음,보행자,남,57세,경상
2017120200100582,2017년 12월 2일 20시,토요일,광주광역시 남구 월산동,경상사고,0,0,3,0,차대차 - 추돌,안전거리미확보,건조,맑음,기타 - 기타,화물,남,47세,상해없음,승용,남,46세,경상
2017120200100583,2017년 12월 2일 20시,토요일,광주광역시 북구 삼각동,경상사고,0,0,4,0,차대차 - 측면충돌,안전운전불이행,건조,맑음,단일로 - 기타,승용,여,27세,경상,승용,남,23세,경상
2017120300100037,2017년 12월 3일 00시,일요일,광주광역시 서구 내방동,경상사고,0,0,5,0,차대차 - 추돌,안전운전불이행,건조,맑음,교차로 - 교차로부근,승용,남,35세,상해없음,승용,남,59세,경상
2017120300100069,2017년 12월 3일 02시,일요일,광주광역시 서구 치평동,경상사고,0,0,3,0,차대차 - 기타,교차로운행방법위반,건조,맑음,교차로 - 교차로안,승용,남,28세,상해없음,승용,남,67세,경상
2017120300100070,2017년 12월 3일 02시,일요일,광주광역시 북구 양산동,중상사고,0,1,3,0,차대차 - 측면충돌,차로위반,건조,맑음,교차로 - 교차로부근,승용,남,55세,경상,승용,남,57세,경상
2017120300100099,2017년 12월 3일 05시,일요일,광주광역시 북구 용봉동,중상사고,0,1,0,0,차대사람 - 기타,안전운전불이행,건조,맑음,단일로 - 기타,승용,남,61세,상해없음,보행자,여,36세,중상
2017120300100123,2017년 12월 3일 07시,일요일,광주광역시 북구 연제동,경상사고,0,0,1,0,차대사람 - 기타,안전운전불이행,건조,맑음,교차로 - 교차로부근,승용,남,23세,상해없음,보행자,여,46세,경상
2017120300100150,2017년 12월 3일 09시,일요일,광주광역시 서구 화정동,경상사고,0,0,1,0,차대차 - 측면충돌,교차로운행방법위반,건조,맑음,교차로 - 교차로안,승용,남,53세,상해없음,승용,여,49세,경상
2017120300100258,2017년 12월 3일 14시,일요일,광주광역시 동구 산수동,중상사고,0,1,0,0,차대차 - 측면충돌,불법유턴,건조,맑음,단일로 - 기타,승용,남,46세,상해없음,이륜,남,23세,중상
2017120300100259,2017년 12월 3일 14시,일요일,광주광역시 광산구 쌍암동,경상사고,0,0,2,0,차대차 - 측면충돌,안전운전불이행,젖음/습기,맑음,단일로 - 기타,승용,여,54세,상해없음,승용,여,35세,경상
2017120300100318,2017년 12월 3일 16시,일요일,광주광역시 남구 행암동,경상사고,0,0,3,0,차대차 - 측면충돌,안전운전불이행,건조,맑음,교차로 - 교차로안,승용,남,75세,상해없음,승용,남,52세,경상
2017120300100351,2017년 12월 3일 17시,일요일,광주광역시 서구 금호동,경상사고,0,0,2,0,차대차 - 측면충돌,신호위반,건조,맑음,교차로 - 교차로안,원동기,남,39세,경상,승용,남,49세,경상
2017120300100385,2017년 12월 3일 18시,일요일,광주광역시 서구 치평동,경상사고,0,0,1,0,차대차 - 측면충돌,안전운전불이행,건조,맑음,교차로 - 교차로부근,승용,여,41세,상해없음,승용,남,28세,경상
2017120300100422,2017년 12월 3일 19시,일요일,광주광역시 북구 신안동,경상사고,0,0,1,0,차대차 - 추돌,안전운전불이행,건조,맑음,단일로 - 기타,승합,남,47세,상해없음,승용,남,69세,경상
2017120300100448,2017년 12월 3일 20시,일요일,광주광역시 북구 두암동,경상사고,0,0,1,0,차대사람 - 기타,안전운전불이행,건조,맑음,단일로 - 기타,기타불명,기타불명,미분류,기타불명,보행자,여,72세,경상
2017120300100467,2017년 12월 3일 21시,일요일,광주광역시 서구 금호동,경상사고,0,0,1,0,차대차 - 기타,교차로운행방법위반,기타,기타,교차로 - 교차로안,승용,남,33세,상해없음,원동기,남,36세,경상
2017120400100045,2017년 12월 4일 03시,월요일,광주광역시 서구 쌍촌동,경상사고,0,0,1,0,차대사람 - 횡단중,보행자보호의무위반,건조,맑음,교차로 - 교차로횡단보도내,승합,남,65세,상해없음,보행자,여,21세,경상
2017120400100108,2017년 12월 4일 07시,월요일,광주광역시 서구 쌍촌동,경상사고,0,0,2,0,차대차 - 측면충돌,안전운전불이행,젖음/습기,흐림,교차로 - 교차로안,승용,남,47세,경상,화물,남,46세,경상
2017120400100109,2017년 12월 4일 07시,월요일,광주광역시 북구 용봉동,경상사고,0,0,4,0,차대차 - 측면충돌,안전운전불이행,건조,맑음,교차로 - 교차로안,승용,남,31세,기타불명,승용,남,24세,경상
2017120400100163,2017년 12월 4일 08시,월요일,광주광역시 남구 송하동,경상사고,0,0,3,0,차대차 - 추돌,안전거리미확보,젖음/습기,흐림,단일로 - 기타,승용,남,41세,상해없음,승용,여,35세,경상
2017120400100164,2017년 12월 4일 08시,월요일,광주광역시 서구 동천동,경상사고,0,0,1,0,차대차 - 측면충돌,안전거리미확보,건조,맑음,교차로 - 교차로부근,승용,여,49세,상해없음,승용,여,36세,경상
2017120400100197,2017년 12월 4일 09시,월요일,광주광역시 서구 매월동,경상사고,0,0,1,0,차대사람 - 횡단중,안전운전불이행,건조,맑음,단일로 - 기타,화물,남,50세,상해없음,보행자,남,25세,경상
2017120400100223,2017년 12월 4일 10시,월요일,광주광역시 서구 풍암동,경상사고,0,0,1,0,차대차 - 측면충돌,교차로운행방법위반,건조,맑음,교차로 - 교차로안,승용,남,62세,상해없음,승용,남,31세,경상
2017120400100224,2017년 12월 4일 10시,월요일,광주광역시 북구 운암동,경상사고,0,0,1,0,차대차 - 기타,신호위반,건조,맑음,교차로 - 교차로안,승용,남,45세,상해없음,승용,남,58세,경상
2017120400100245,2017년 12월 4일 11시,월요일,광주광역시 북구 동림동,경상사고,0,0,1,0,차대차 - 측면충돌,안전운전불이행,건조,맑음,교차로 - 교차로안,승용,남,20세,상해없음,승합,남,43세,경상
2017120400100267,2017년 12월 4일 12시,월요일,광주광역시 광산구 월계동,경상사고,0,0,2,0,차대차 - 추돌,안전거리미확보,건조,맑음,단일로 - 기타,승용,여,44세,기타불명,승용,여,36세,경상
2017120400100396,2017년 12월 4일 16시,월요일,광주광역시 북구 양산동,경상사고,0,0,2,0,차대차 - 추돌,안전운전불이행,건조,맑음,단일로 - 기타,승용,남,80세,상해없음,승용,여,44세,경상
2017120400100434,2017년 12월 4일 17시,월요일,광주광역시 남구 주월동,경상사고,0,0,1,0,차대차 - 기타,교차로운행방법위반,건조,맑음,단일로 - 기타,승용,여,58세,기타불명,승합,남,43세,상해없음
2017120400100494,2017년 12월 4일 18시,월요일,광주광역시 남구 주월동,중상사고,0,1,5,0,차대차 - 기타,신호위반,건조,맑음,교차로 - 교차로안,승용,남,29세,상해없음,승합,남,42세,상해없음
2017120400100495,2017년 12월 4일 18시,월요일,광주광역시 북구 유동,경상사고,0,0,1,0,차대사람 - 횡단중,안전운전불이행,건조,맑음,단일로 - 기타,화물,남,53세,상해없음,보행자,남,41세,경상
2017120400100496,2017년 12월 4일 18시,월요일,광주광역시 북구 용봉동,경상사고,0,0,2,0,차대사람 - 횡단중,보행자보호의무위반,건조,맑음,교차로 - 교차로안,승용,남,49세,상해없음,보행자,남,49세,경상
2017120400100540,2017년 12월 4일 19시,월요일,광주광역시 광산구 신가동,중상사고,0,1,0,0,차대차 - 기타,중앙선침범,젖음/습기,눈,기타 - 기타,승용,남,49세,상해없음,이륜,남,34세,중상
2017120400100563,2017년 12월 4일 20시,월요일,광주광역시 남구 봉선동,부상신고사고,0,0,0,1,차대차 - 측면충돌,교차로운행방법위반,건조,맑음,단일로 - 기타,승용,남,43세,상해없음,이륜,남,19세,부상신고
2017120400100564,2017년 12월 4일 20시,월요일,광주광역시 광산구 송정동,경상사고,0,0,3,0,차대차 - 측면충돌,중앙선침범,젖음/습기,맑음,교차로 - 교차로부근,화물,남,50세,상해없음,승합,남,58세,경상
2017120400100582,2017년 12월 4일 21시,월요일,광주광역시 광산구 장수동,중상사고,0,1,0,0,차량단독 - 공작물충돌,안전운전불이행,건조,맑음,단일로 - 터널,승용,남,18세,상해없음,,,,
2017120500100047,2017년 12월 5일 00시,화요일,광주광역시 북구 운암동,경상사고,0,0,4,0,차대차 - 측면충돌,신호위반,건조,맑음,교차로 - 교차로안,특수,남,43세,상해없음,승용,여,58세,경상
2017120500100064,2017년 12월 5일 02시,화요일,광주광역시 북구 삼각동,경상사고,0,0,2,0,차대차 - 측면충돌,신호위반,젖음/습기,흐림,교차로 - 교차로안,승용,남,21세,상해없음,승용,남,36세,경상
2017120500100167,2017년 12월 5일 08시,화요일,광주광역시 북구 우산동,중상사고,0,1,0,0,차대사람 - 차도통행중,신호위반,건조,맑음,단일로 - 기타,승용,남,57세,기타불명,보행자,여,71세,중상
2017120500100168,2017년 12월 5일 08시,화요일,광주광역시 광산구 신촌동,경상사고,0,0,1,0,차대사람 - 길가장자리구역통행중,안전운전불이행,건조,맑음,교차로 - 교차로부근,승용,남,26세,상해없음,보행자,여,56세,경상
2017120500100198,2017년 12월 5일 09시,화요일,광주광역시 남구 주월동,경상사고,0,0,1,0,차대차 - 추돌,안전거리미확보,건조,맑음,교차로 - 교차로안,승용,남,73세,상해없음,승용,남,19세,경상
2017120500100257,2017년 12월 5일 11시,화요일,광주광역시 북구 동림동,중상사고,0,1,0,0,차대차 - 추돌,안전운전불이행,건조,맑음,단일로 - 기타,승용,남,25세,상해없음,이륜,남,33세,중상
2017120500100258,2017년 12월 5일 11시,화요일,광주광역시 북구 중흥동,경상사고,0,0,2,0,차대차 - 측면충돌,안전운전불이행,건조,맑음,교차로 - 교차로부근,화물,남,46세,상해없음,승용,여,60세,경상
2017120500100293,2017년 12월 5일 12시,화요일,광주광역시 북구 두암동,경상사고,0,0,4,0,차대차 - 측면충돌,직진우회전진행방해,건조,맑음,교차로 - 교차로안,승용,남,56세,상해없음,승용,남,57세,경상
2017120500100317,2017년 12월 5일 13시,화요일,광주광역시 광산구 신창동,중상사고,0,1,0,0,차대사람 - 기타,보행자보호의무위반,건조,맑음,교차로 - 교차로안,승용,남,39세,상해없음,보행자,남,30세,중상
2017120500100339,2017년 12월 5일 14시,화요일,광주광역시 동구 산수동,경상사고,0,0,1,0,차대차 - 측면충돌,안전운전불이행,건조,맑음,교차로 - 교차로안,승용,남,50세,경상,승용,남,71세,상해없음
2017120500100394,2017년 12월 5일 16시,화요일,광주광역시 서구 벽진동,경상사고,0,0,4,0,차대차 - 추돌,안전거리미확보,건조,맑음,단일로 - 기타,화물,남,58세,상해없음,승용,여,46세,경상
2017120500100395,2017년 12월 5일 16시,화요일,광주광역시 광산구 운남동,경상사고,0,0,1,0,차대사람 - 길가장자리구역통행중,안전운전불이행,건조,맑음,단일로 - 기타,승용,남,70세,상해없음,보행자,여,12세,경상
2017120500100438,2017년 12월 5일 17시,화요일,광주광역시 서구 치평동,경상사고,0,0,1,0,차대차 - 측면충돌,직진우회전진행방해,건조,맑음,교차로 - 교차로안,승용,여,41세,상해없음,승용,남,34세,경상
2017120500100439,2017년 12월 5일 17시,화요일,광주광역시 광산구 산정동,경상사고,0,0,2,0,차대차 - 추돌,안전거리미확보,건조,맑음,기타 - 기타,승용,남,21세,경상,승합,남,57세,상해없음
2017120500100497,2017년 12월 5일 18시,화요일,광주광역시 북구 오치동,경상사고,0,0,1,0,차대차 - 기타,교차로운행방법위반,건조,맑음,교차로 - 교차로안,승용,여,48세,상해없음,자전거,남,14세,경상
2017120500100498,2017년 12월 5일 18시,화요일,광주광역시 북구 오치동,경상사고,0,0,1,0,차대사람 - 횡단중,안전운전불이행,건조,맑음,단일로 - 기타,기타불명,기타불명,미분류,기타불명,보행자,남,14세,경상
2017120500100533,2017년 12월 5일 19시,화요일,광주광역시 북구 오치동,경상사고,0,0,2,0,차대차 - 측면충돌,신호위반,건조,맑음,교차로 - 교차로안,이륜,남,23세,경상,승용,여,49세,경상
2017120500100534,2017년 12월 5일 19시,화요일,광주광역시 광산구 우산동,경상사고,0,0,1,0,차대차 - 측면충돌,안전운전불이행,건조,맑음,단일로 - 기타,승용,남,47세,상해없음,승용,여,45세,경상
2017120500100556,2017년 12월 5일 20시,화요일,광주광역시 서구 치평동,경상사고,0,0,1,0,차대차 - 측면충돌,안전운전불이행,건조,맑음,단일로 - 기타,승용,여,37세,상해없음,승용,여,39세,경상
2017120500100557,2017년 12월 5일 20시,화요일,광주광역시 남구 진월동,중상사고,0,1,0,0,차대차 - 측면충돌,안전거리미확보,건조,맑음,단일로 - 기타,승용,남,22세,상해없음,이륜,남,17세,중상
2017120500100558,2017년 12월 5일 20시,화요일,광주광역시 북구 용봉동,경상사고,0,0,2,0,차대차 - 후진중충돌,안전운전불이행,건조,맑음,교차로 - 교차로안,승용,남,16세,상해없음,승용,남,34세,경상
2017120500100609,2017년 12월 5일 23시,화요일,광주광역시 서구 화정동,중상사고,0,1,0,0,차대사람 - 횡단중,안전운전불이행,건조,맑음,단일로 - 기타,승용,남,37세,상해없음,보행자,남,60세,중상
2017120500100610,2017년 12월 5일 23시,화요일,광주광역시 동구 계림동,중상사고,0,1,0,0,차대사람 - 횡단중,신호위반,건조,맑음,교차로 - 교차로횡단보도내,승용,남,20세,상해없음,보행자,여,50세,중상
2017120600100046,2017년 12월 6일 00시,수요일,광주광역시 서구 화정동,경상사고,0,0,1,0,차대차 - 기타,안전운전불이행,건조,맑음,단일로 - 기타,승용,남,70세,상해없음,원동기,남,27세,경상
2017120600100047,2017년 12월 6일 00시,수요일,광주광역시 북구 양산동,경상사고,0,0,2,0,차대차 - 추돌,교차로운행방법위반,건조,맑음,교차로 - 교차로안,승용,남,24세,상해없음,승용,남,57세,경상
2017120600100072,2017년 12월 6일 02시,수요일,광주광역시 남구 봉선동,중상사고,0,1,0,0,차대사람 - 횡단중,안전운전불이행,건조,맑음,교차로 - 교차로부근,승용,남,27세,상해없음,보행자,여,49세,중상
2017120600100195,2017년 12월 6일 08시,수요일,광주광역시 서구 쌍촌동,중상사고,0,1,1,0,차대차 - 기타,신호위반,건조,맑음,교차로 - 교차로안,이륜,남,31세,중상,승용,여,45세,경상
2017120600100196,2017년 12월 6일 08시,수요일,광주광역시 북구 문흥동,경상사고,0,0,2,0,차대차 - 추돌,안전운전불이행,건조,맑음,기타 - 기타,승용,남,47세,상해없음,화물,여,46세,경상
2017120600100227,2017년 12월 6일 09시,수요일,광주광역시 북구 오치동,경상사고,0,0,1,0,차대차 - 추돌,안전운전불이행,건조,맑음,교차로 - 교차로안,승용,남,45세,상해없음,승용,여,35세,경상
2017120600100228,2017년 12월 6일 09시,수요일,광주광역시 북구 누문동,경상사고,0,0,1,0,차대차 - 추돌,안전운전불이행,건조,맑음,단일로 - 기타,화물,여,62세,상해없음,승용,남,66세,경상
2017120600100259,2017년 12월 6일 10시,수요일,광주광역시 북구 중흥동,경상사고,0,0,1,0,차대차 - 측면충돌,안전운전불이행,건조,맑음,단일로 - 기타,승용,남,37세,상해없음,화물,남,54세,경상
2017120600100286,2017년 12월 6일 11시,수요일,광주광역시 북구 용봉동,경상사고,0,0,3,0,차대차 - 추돌,안전거리미확보,건조,맑음,단일로 - 기타,승용,남,34세,상해없음,승용,남,20세,경상
2017120600100287,2017년 12월 6일 11시,수요일,광주광역시 북구 각화동,경상사고,0,0,1,0,차대차 - 측면충돌,교차로운행방법위반,건조,맑음,교차로 - 교차로안,승용,남,55세,상해없음,승용,남,45세,상해없음
2017120600100315,2017년 12월 6일 12시,수요일,광주광역시 동구 대인동,경상사고,0,0,1,0,차대사람 - 기타,안전운전불이행,건조,맑음,단일로 - 기타,화물,여,51세,상해없음,보행자,여,49세,경상
2017120600100316,2017년 12월 6일 12시,수요일,광주광역시 북구 용봉동,경상사고,0,0,1,0,차대차 - 측면충돌,교차로운행방법위반,건조,맑음,교차로 - 교차로안,승용,여,47세,상해없음,승용,남,61세,경상
2017120600100317,2017년 12월 6일 12시,수요일,광주광역시 광산구 신창동,경상사고,0,0,1,0,차대차 - 측면충돌,교차로운행방법위반,건조,맑음,단일로 - 기타,승용,여,62세,상해없음,원동기,남,26세,경상
2017120600100397,2017년 12월 6일 14시,수요일,광주광역시 북구 용봉동,경상사고,0,0,3,0,차대차 - 측면충돌,안전거리미확보,건조,맑음,단일로 - 기타,승용,남,36세,상해없음,승용,여,43세,경상
2017120600100433,2017년 12월 6일 15시,수요일,광주광역시 동구 학동,중상사고,0,1,0,0,차대사람 - 횡단중,안전운전불이행,건조,맑음,단일로 - 기타,승용,남,69세,상해없음,보행자,남,62세,중상
2017120600100434,2017년 12월 6일 15시,수요일,광주광역시 광산구 장덕동,중상사고,0,1,0,0,차대차 - 측면충돌,안전운전불이행,건조,맑음,단일로 - 기타,승용,여,68세,상해없음,이륜,남,27세,중상
2017120600100478,2017년 12월 6일 16시,수요일,광주광역시 동구 대인동,중상사고,0,1,0,0,차량단독 - 기타,안전운전불이행,건조,맑음,단일로 - 기타,승합,남,51세,상해없음,,,,
2017120600100537,2017년 12월 6일 17시,수요일,광주광역시 북구 일곡동,중상사고,0,1,0,0,차량단독 - 기타,기타,건조,맑음,단일로 - 기타,승합,남,55세,상해없음,,,,
2017120600100597,2017년 12월 6일 18시,수요일,광주광역시 서구 매월동,경상사고,0,0,1,0,차대차 - 추돌,안전운전불이행,건조,맑음,교차로 - 교차로안,승용,남,24세,상해없음,승용,남,30세,상해없음
2017120600100598,2017년 12월 6일 18시,수요일,광주광역시 서구 쌍촌동,중상사고,0,1,0,0,차대사람 - 기타,안전운전불이행,건조,맑음,교차로 - 교차로안,승용,남,45세,상해없음,보행자,여,54세,중상
2017120600100599,2017년 12월 6일 18시,수요일,광주광역시 북구 신용동,경상사고,0,0,1,0,차대차 - 측면충돌,안전운전불이행,건조,맑음,기타 - 기타,승용,남,32세,상해없음,자전거,남,12세,경상
2017120600100640,2017년 12월 6일 19시,수요일,광주광역시 서구 농성동,경상사고,0,0,2,0,차대차 - 기타,안전운전불이행,건조,맑음,교차로 - 교차로안,승용,남,69세,상해없음,승용,남,49세,경상
2017120600100641,2017년 12월 6일 19시,수요일,광주광역시 광산구 도산동,중상사고,0,1,1,0,차대차 - 측면충돌,안전운전불이행,건조,맑음,단일로 - 기타,승용,남,72세,상해없음,승합,남,57세,상해없음
2017120600100694,2017년 12월 6일 21시,수요일,광주광역시 서구 치평동,경상사고,0,0,1,0,차대사람 - 횡단중,보행자보호의무위반,건조,맑음,교차로 - 교차로횡단보도내,승용,남,40세,상해없음,보행자,남,36세,경상
2017120600100723,2017년 12월 6일 22시,수요일,광주광역시 서구 쌍촌동,경상사고,0,0,1,0,차대사람 - 차도통행중,안전운전불이행,건조,맑음,교차로 - 교차로안,기타불명,기타불명,미분류,기타불명,보행자,남,26세,경상
2017120600100724,2017년 12월 6일 22시,수요일,광주광역시 북구 용봉동,중상사고,0,1,1,0,차대사람 - 횡단중,안전운전불이행,건조,맑음,단일로 - 기타,이륜,남,16세,경상,보행자,여,24세,중상
2017120600100725,2017년 12월 6일 22시,수요일,광주광역시 광산구 수완동,경상사고,0,0,4,0,차대차 - 측면충돌,신호위반,건조,맑음,교차로 - 교차로안,승용,여,44세,기타불명,승용,남,58세,경상
2017120600100726,2017년 12월 6일 22시,수요일,광주광역시 광산구 수완동,중상사고,0,1,0,0,차대사람 - 횡단중,안전운전불이행,건조,맑음,단일로 - 기타,승용,남,35세,상해없음,보행자,남,51세,중상
2017120600100756,2017년 12월 6일 23시,수요일,광주광역시 북구 두암동,경상사고,0,0,1,0,차대사람 - 기타,안전운전불이행,건조,맑음,단일로 - 기타,화물,남,47세,상해없음,보행자,남,44세,경상
2017120700100137,2017년 12월 7일 07시,목요일,광주광역시 북구 용봉동,경상사고,0,0,1,0,차대차 - 측면충돌,안전운전불이행,건조,맑음,단일로 - 기타,승합,남,65세,상해없음,승용,남,20세,경상
2017120700100179,2017년 12월 7일 08시,목요일,광주광역시 동구 지산동,경상사고,0,0,1,0,차대사람 - 횡단중,안전운전불이행,건조,맑음,단일로 - 기타,승용,남,30세,상해없음,보행자,여,13세,경상
2017120700100180,2017년 12월 7일 08시,목요일,광주광역시 북구 중흥동,경상사고,0,0,1,0,차대차 - 측면충돌,안전운전불이행,건조,맑음,교차로 - 교차로안,승용,남,63세,상해없음,승용,여,31세,경상
2017120700100207,2017년 12월 7일 09시,목요일,광주광역시 광산구 하남동,경상사고,0,0,1,0,차대차 - 측면충돌,신호위반,건조,맑음,교차로 - 교차로안,승용,여,33세,상해없음,승용,여,53세,경상
2017120700100219,2017년 12월 7일 10시,목요일,광주광역시 서구 치평동,경상사고,0,0,4,0,차대차 - 기타,안전거리미확보,건조,맑음,단일로 - 기타,승용,남,20세,경상,승용,남,36세,경상
2017120700100220,2017년 12월 7일 10시,목요일,광주광역시 서구 광천동,경상사고,0,0,1,0,차대차 - 추돌,안전운전불이행,건조,맑음,단일로 - 기타,승용,남,69세,상해없음,승용,남,68세,경상
2017120700100221,2017년 12월 7일 10시,목요일,광주광역시 광산구 운수동,경상사고,0,0,2,0,차대차 - 기타,안전운전불이행,건조,맑음,단일로 - 기타,화물,남,38세,상해없음,승용,남,29세,경상
2017120700100243,2017년 12월 7일 11시,목요일,광주광역시 광산구 송정동,경상사고,0,0,1,0,차대사람 - 기타,안전운전불이행,건조,맑음,기타 - 기타,승용,남,57세,상해없음,보행자,여,39세,경상
2017120700100314,2017년 12월 7일 14시,목요일,광주광역시 광산구 수완동,경상사고,0,0,1,0,차대차 - 추돌,안전거리미확보,젖음/습기,비,교차로 - 교차로부근,승용,남,54세,상해없음,승용,여,43세,경상
2017120700100340,2017년 12월 7일 15시,목요일,광주광역시 남구 양림동,경상사고,0,0,1,0,차대사람 - 기타,안전운전불이행,젖음/습기,흐림,단일로 - 기타,승용,여,64세,상해없음,보행자,여,45세,경상
2017120700100375,2017년 12월 7일 16시,목요일,광주광역시 서구 치평동,경상사고,0,0,1,0,차대차 - 기타,안전운전불이행,건조,맑음,단일로 - 기타,승용,여,48세,상해없음,원동기,남,43세,경상
2017120700100421,2017년 12월 7일 17시,목요일,광주광역시 서구 동천동,경상사고,0,0,4,0,차대차 - 측면충돌,직진우회전진행방해,건조,맑음,교차로 - 교차로안,승용,남,21세,상해없음,승용,여,36세,경상
2017120700100422,2017년 12월 7일 17시,목요일,광주광역시 서구 치평동,중상사고,0,1,0,0,차대사람 - 횡단중,신호위반,건조,맑음,교차로 - 교차로횡단보도내,승용,남,30세,상해없음,보행자,여,62세,중상
2017120700100423,2017년 12월 7일 17시,목요일,광주광역시 남구 진월동,경상사고,0,0,2,0,차대차 - 기타,안전운전불이행,건조,맑음,단일로 - 기타,승용,남,69세,상해없음,승용,남,29세,경상
2017120700100424,2017년 12월 7일 17시,목요일,광주광역시 북구 동림동,중상사고,0,1,0,0,차대사람 - 차도통행중,안전운전불이행,젖음/습기,비,단일로 - 기타,승용,남,63세,상해없음,보행자,남,66세,중상
2017120700100425,2017년 12월 7일 17시,목요일,광주광역시 광산구 장덕동,중상사고,0,1,0,0,차대사람 - 기타,안전운전불이행,젖음/습기,비,단일로 - 기타,승용,남,27세,상해없음,보행자,남,66세,중상
2017120700100466,2017년 12월 7일 18시,목요일,광주광역시 북구 두암동,중상사고,0,1,0,0,차대차 - 기타,안전운전불이행,젖음/습기,흐림,단일로 - 기타,승용,남,24세,상해없음,원동기,남,48세,중상
2017120700100467,2017년 12월 7일 18시,목요일,광주광역시 북구 신용동,경상사고,0,0,1,0,차대차 - 추돌,안전거리미확보,건조,맑음,단일로 - 기타,승용,여,50세,상해없음,승용,여,35세,경상
2017120700100468,2017년 12월 7일 18시,목요일,광주광역시 광산구 신가동,경상사고,0,0,1,0,차대차 - 측면충돌,안전운전불이행,건조,맑음,단일로 - 기타,승용,남,65세,상해없음,이륜,남,37세,경상
2017120700100469,2017년 12월 7일 18시,목요일,광주광역시 광산구 서봉동,경상사고,0,0,2,0,차대차 - 추돌,안전거리미확보,건조,맑음,단일로 - 기타,화물,남,61세,경상,승용,남,46세,경상
2017120700100506,2017년 12월 7일 19시,목요일,광주광역시 서구 쌍촌동,경상사고,0,0,1,0,차대사람 - 보도통행중,보행자보호의무위반,젖음/습기,비,단일로 - 기타,승용,남,27세,상해없음,보행자,여,12세,경상
2017120700100507,2017년 12월 7일 19시,목요일,광주광역시 남구 백운동,경상사고,0,0,2,0,차대차 - 측면충돌,안전거리미확보,건조,맑음,교차로 - 교차로부근,승용,남,56세,경상,승용,남,43세,상해없음
2017120700100533,2017년 12월 7일 20시,목요일,광주광역시 서구 쌍촌동,경상사고,0,0,2,0,차대차 - 기타,안전운전불이행,젖음/습기,흐림,단일로 - 기타,승용,남,27세,경상,승용,남,29세,경상