사고번호,사고일시,요일,시군구,사고내용,사망자수,중상자수,경상자수,부상신고자수,사고유형,법규위반,노면상태,기상상태,도로형태,가해운전자 차종,가해운전자 성별,가해운전자 연령,가해운전자 상해정도,피해운전자 차종,피해운전자 성별,피해운전자 연령,피해운전자 상해정도
2017120700100534,2017년 12월 7일 20시,목요일,광주광역시 남구 진월동,부상신고사고,0,0,0,1,차대차 - 측면충돌,안전운전불이행,건조,맑음,단일로 - 기타,승용,남,60세,상해없음,이륜,남,32세,부상신고
2017120700100580,2017년 12월 7일 22시,목요일,광주광역시 북구 매곡동,부상신고사고,0,0,0,1,차대차 - 측면충돌,기타,건조,맑음,교차로 - 교차로안,원동기,남,18세,부상신고,승용,남,59세,상해없음
2017120700100617,2017년 12월 7일 23시,목요일,광주광역시 북구 연제동,경상사고,0,0,3,0,차대차 - 측면충돌,중앙선침범,건조,맑음,교차로 - 교차로안,승용,남,36세,상해없음,승용,남,55세,경상
2017120800100066,2017년 12월 8일 01시,금요일,광주광역시 서구 쌍촌동,경상사고,0,0,1,0,차대차 - 추돌,안전운전불이행,건조,맑음,교차로 - 교차로부근,승용,남,24세,상해없음,승용,남,28세,상해없음
2017120800100075,2017년 12월 8일 02시,금요일,광주광역시 서구 화정동,중상사고,0,1,0,0,차량단독 - 전도전복,안전운전불이행,건조,흐림,단일로 - 기타,이륜,남,51세,중상,미분류,미분류,미분류,미분류
2017120800100092,2017년 12월 8일 04시,금요일,광주광역시 동구 서석동,경상사고,0,0,2,0,차대차 - 측면충돌,신호위반,건조,맑음,교차로 - 교차로안,승용,남,44세,상해없음,승용,남,18세,상해없음
2017120800100196,2017년 12월 8일 08시,금요일,광주광역시 남구 주월동,경상사고,0,0,5,0,차대차 - 측면충돌,교차로운행방법위반,젖음/습기,눈,교차로 - 교차로안,승용,남,65세,경상,승용,여,55세,경상
2017120800100231,2017년 12월 8일 09시,금요일,광주광역시 서구 치평동,경상사고,0,0,2,0,차대차 - 측면충돌,직진우회전진행방해,건조,맑음,교차로 - 교차로안,승용,남,27세,상해없음,승용,남,49세,경상
2017120800100232,2017년 12월 8일 09시,금요일,광주광역시 서구 금호동,경상사고,0,0,1,0,차대차 - 측면충돌,안전운전불이행,건조,맑음,단일로 - 기타,승용,여,68세,상해없음,승용,남,69세,경상
2017120800100233,2017년 12월 8일 09시,금요일,광주광역시 북구 신용동,경상사고,0,0,2,0,차대차 - 측면충돌,안전거리미확보,건조,맑음,단일로 - 기타,승용,남,72세,경상,승용,여,39세,경상
2017120800100234,2017년 12월 8일 09시,금요일,광주광역시 광산구 본덕동,경상사고,0,0,3,0,차대차 - 측면충돌,중앙선침범,젖음/습기,눈,교차로 - 교차로부근,승용,여,52세,상해없음,승합,남,64세,경상
2017120800100267,2017년 12월 8일 10시,금요일,광주광역시 동구 남동,경상사고,0,0,1,0,차대차 - 추돌,안전거리미확보,건조,맑음,단일로 - 기타,건설기계,남,63세,상해없음,승용,여,35세,경상
2017120800100268,2017년 12월 8일 10시,금요일,광주광역시 서구 농성동,경상사고,0,0,2,0,차대차 - 측면충돌,신호위반,건조,맑음,교차로 - 교차로안,승용,남,49세,경상,승용,여,52세,경상
2017120800100269,2017년 12월 8일 10시,금요일,광주광역시 북구 중흥동,경상사고,0,0,1,0,차대차 - 기타,안전운전불이행,건조,맑음,단일로 - 기타,화물,남,24세,상해없음,화물,남,48세,경상
2017120800100325,2017년 12월 8일 12시,금요일,광주광역시 북구 오치동,중상사고,0,1,0,0,차대사람 - 횡단중,보행자보호의무위반,건조,맑음,교차로 - 교차로횡단보도내,화물,남,59세,상해없음,보행자,남,66세,중상
2017120800100326,2017년 12월 8일 12시,금요일,광주광역시 광산구 쌍암동,경상사고,0,0,1,0,차대차 - 측면충돌,중앙선침범,건조,맑음,교차로 - 교차로횡단보도내,승용,남,41세,상해없음,이륜,남,26세,경상
2017120800100327,2017년 12월 8일 12시,금요일,광주광역시 광산구 본덕동,경상사고,0,0,3,0,차대차 - 추돌,안전운전불이행,건조,맑음,교차로 - 교차로안,화물,남,45세,상해없음,승용,남,30세,경상
2017120800100378,2017년 12월 8일 14시,금요일,광주광역시 서구 광천동,경상사고,0,0,1,0,차대차 - 측면충돌,교차로운행방법위반,건조,맑음,교차로 - 교차로안,승용,남,56세,상해없음,승용,남,66세,상해없음
2017120800100379,2017년 12월 8일 14시,금요일,광주광역시 북구 두암동,경상사고,0,0,1,0,차대사람 - 기타,안전운전불이행,건조,맑음,단일로 - 기타,화물,남,26세,상해없음,보행자,남,15세,경상
2017120800100380,2017년 12월 8일 14시,금요일,광주광역시 북구 운암동,경상사고,0,0,1,0,차대차 - 측면충돌,신호위반,건조,맑음,교차로 - 교차로안,이륜,남,25세,경상,승용,남,46세,상해없음
2017120800100453,2017년 12월 8일 16시,금요일,광주광역시 서구 양동,경상사고,0,0,3,0,차대차 - 추돌,안전운전불이행,건조,맑음,단일로 - 기타,승용,남,53세,상해없음,승용,여,46세,경상
2017120800100511,2017년 12월 8일 17시,금요일,광주광역시 광산구 신가동,경상사고,0,0,1,0,차대차 - 추돌,안전운전불이행,젖음/습기,눈,단일로 - 기타,승용,여,45세,상해없음,승용,여,46세,경상
2017120800100567,2017년 12월 8일 18시,금요일,광주광역시 남구 행암동,경상사고,0,0,2,0,차대차 - 추돌,안전운전불이행,건조,맑음,교차로 - 교차로부근,승용,남,24세,상해없음,화물,남,26세,경상
2017120800100680,2017년 12월 8일 21시,금요일,광주광역시 동구 충장로1가,경상사고,0,0,2,0,차대사람 - 기타,신호위반,건조,맑음,단일로 - 기타,승용,남,24세,상해없음,보행자,여,22세,경상
2017120900100041,2017년 12월 9일 00시,토요일,광주광역시 북구 장등동,경상사고,0,0,1,0,차대차 - 추돌,안전운전불이행,건조,맑음,교차로 - 교차로부근,승용,남,37세,상해없음,승용,남,41세,경상
2017120900100048,2017년 12월 9일 00시,토요일,광주광역시 서구 동천동,경상사고,0,0,1,0,차대차 - 추돌,안전운전불이행,건조,흐림,교차로 - 교차로부근,승용,여,28세,상해없음,승용,남,34세,경상
2017120900100074,2017년 12월 9일 01시,토요일,광주광역시 서구 화정동,경상사고,0,0,1,0,차대차 - 후진중충돌,안전운전불이행,건조,맑음,단일로 - 기타,승용,남,31세,상해없음,승용,여,19세,경상
2017120900100147,2017년 12월 9일 06시,토요일,광주광역시 동구 산수동,경상사고,0,0,2,0,차대차 - 기타,안전운전불이행,건조,맑음,교차로 - 교차로부근,승용,남,53세,경상,승용,남,37세,경상
2017120900100229,2017년 12월 9일 10시,토요일,광주광역시 서구 매월동,경상사고,0,0,1,0,차대차 - 기타,교차로운행방법위반,건조,맑음,교차로 - 교차로안,승용,여,51세,상해없음,승용,남,58세,경상
2017120900100230,2017년 12월 9일 10시,토요일,광주광역시 남구 진월동,경상사고,0,0,1,0,차대사람 - 기타,안전운전불이행,건조,맑음,단일로 - 기타,승용,남,64세,상해없음,보행자,여,70세,경상
2017120900100294,2017년 12월 9일 12시,토요일,광주광역시 동구 황금동,경상사고,0,0,1,0,차대사람 - 기타,안전운전불이행,건조,맑음,단일로 - 기타,승용,여,60세,상해없음,보행자,남,13세,경상
2017120900100336,2017년 12월 9일 13시,토요일,광주광역시 남구 월산동,부상신고사고,0,0,0,1,차대차 - 기타,안전운전불이행,건조,맑음,단일로 - 기타,자전거,남,79세,부상신고,승용,남,28세,상해없음
2017120900100337,2017년 12월 9일 13시,토요일,광주광역시 북구 우산동,경상사고,0,0,1,0,차대차 - 추돌,안전거리미확보,건조,맑음,교차로 - 교차로부근,이륜,남,27세,상해없음,승용,남,50세,경상
2017120900100374,2017년 12월 9일 14시,토요일,광주광역시 서구 매월동,중상사고,0,1,0,0,차대차 - 측면충돌,신호위반,건조,맑음,교차로 - 교차로안,화물,남,49세,상해없음,이륜,남,44세,중상
2017120900100534,2017년 12월 9일 18시,토요일,광주광역시 남구 봉선동,경상사고,0,0,1,1,차대차 - 기타,안전운전불이행,건조,맑음,교차로 - 교차로부근,승용,남,59세,상해없음,승용,남,26세,경상
2017120900100612,2017년 12월 9일 20시,토요일,광주광역시 동구 금남로5가,경상사고,0,0,3,0,차대차 - 기타,차로위반,건조,맑음,기타 - 기타,승용,남,27세,상해없음,승용,남,22세,경상
2017120900100613,2017년 12월 9일 20시,토요일,광주광역시 남구 진월동,경상사고,0,0,1,0,차대사람 - 횡단중,보행자보호의무위반,건조,맑음,교차로 - 교차로안,화물,남,43세,상해없음,보행자,남,50세,경상
2017120900100643,2017년 12월 9일 21시,토요일,광주광역시 광산구 비아동,중상사고,0,1,0,0,차대사람 - 기타,안전운전불이행,건조,맑음,단일로 - 기타,승용,남,34세,상해없음,보행자,여,25세,중상
2017120900100644,2017년 12월 9일 21시,토요일,광주광역시 광산구 우산동,중상사고,0,2,1,0,차대차 - 측면충돌,중앙선침범,건조,맑음,단일로 - 기타,승용,여,54세,경상,승용,남,52세,중상
2017120900100645,2017년 12월 9일 21시,토요일,광주광역시 광산구 도산동,경상사고,0,0,3,0,차대차 - 측면충돌,안전운전불이행,건조,맑음,단일로 - 교량,기타불명,기타불명,미분류,기타불명,화물,남,42세,경상
2017120900100646,2017년 12월 9일 21시,토요일,광주광역시 광산구 신창동,중상사고,0,1,1,0,차대차 - 측면충돌,안전운전불이행,건조,맑음,교차로 - 교차로안,승용,여,50세,경상,승용,남,46세,중상
2017120900100670,2017년 12월 9일 22시,토요일,광주광역시 서구 쌍촌동,경상사고,0,0,1,0,차대차 - 기타,불법유턴,건조,맑음,단일로 - 기타,승용,여,54세,상해없음,이륜,남,17세,경상
2017120900100671,2017년 12월 9일 22시,토요일,광주광역시 북구 신용동,경상사고,0,0,1,0,차대차 - 측면충돌,교차로운행방법위반,건조,맑음,교차로 - 교차로안,승용,남,57세,상해없음,승용,남,32세,상해없음
2017121000100087,2017년 12월 10일 03시,일요일,광주광역시 광산구 우산동,부상신고사고,0,0,0,1,차량단독 - 기타,안전운전불이행,건조,맑음,단일로 - 기타,승용,남,46세,부상신고,,,,
2017121000100117,2017년 12월 10일 05시,일요일,광주광역시 북구 운암동,경상사고,0,0,2,0,차대차 - 측면충돌,신호위반,건조,맑음,교차로 - 교차로안,승용,남,25세,상해없음,승용,남,54세,경상
2017121000100255,2017년 12월 10일 13시,일요일,광주광역시 광산구 장덕동,중상사고,0,1,1,0,차대차 - 추돌,안전운전불이행,건조,맑음,교차로 - 교차로안,원동기,남,20세,중상,원동기,남,29세,경상
2017121000100271,2017년 12월 10일 14시,일요일,광주광역시 동구 금남로5가,경상사고,0,0,2,0,차대차 - 추돌,안전운전불이행,기타,흐림,교차로 - 교차로부근,승용,남,58세,상해없음,승용,남,53세,경상
2017121000100272,2017년 12월 10일 14시,일요일,광주광역시 서구 화정동,경상사고,0,0,1,0,차대차 - 측면충돌,안전거리미확보,건조,맑음,단일로 - 기타,승용,남,57세,상해없음,승용,남,51세,상해없음
2017121000100273,2017년 12월 10일 14시,일요일,광주광역시 북구 용봉동,경상사고,0,0,1,0,차대차 - 기타,교차로운행방법위반,젖음/습기,흐림,교차로 - 교차로안,승용,남,29세,상해없음,이륜,남,38세,경상
2017121000100274,2017년 12월 10일 14시,일요일,광주광역시 북구 우산동,경상사고,0,0,2,0,차대차 - 측면충돌,안전운전불이행,건조,맑음,교차로 - 교차로부근,승용,남,45세,상해없음,승용,남,52세,경상
2017121000100350,2017년 12월 10일 17시,일요일,광주광역시 북구 용봉동,경상사고,0,0,1,0,차대차 - 기타,안전운전불이행,건조,맑음,단일로 - 기타,승용,여,53세,상해없음,승합,남,48세,경상
2017121000100351,2017년 12월 10일 17시,일요일,광주광역시 북구 우산동,경상사고,0,0,1,0,차대차 - 측면충돌,차로위반,건조,맑음,단일로 - 기타,승용,남,56세,상해없음,승용,여,20세,경상
2017121000100352,2017년 12월 10일 17시,일요일,광주광역시 북구 오치동,경상사고,0,0,2,0,차대차 - 측면충돌,안전운전불이행,건조,맑음,단일로 - 기타,승용,남,65세,상해없음,승용,남,53세,경상
2017121000100353,2017년 12월 10일 17시,일요일,광주광역시 광산구 오선동,경상사고,0,0,2,0,차대차 - 측면충돌,안전운전불이행,젖음/습기,흐림,단일로 - 기타,승용,남,72세,상해없음,승용,남,42세,경상
2017121000100354,2017년 12월 10일 17시,일요일,광주광역시 광산구 우산동,경상사고,0,0,1,0,차대차 - 측면충돌,안전거리미확보,건조,맑음,교차로 - 교차로안,승용,여,52세,기타불명,승용,남,37세,경상
2017121000100392,2017년 12월 10일 18시,일요일,광주광역시 광산구 운남동,경상사고,0,0,1,0,차대차 - 측면충돌,안전운전불이행,젖음/습기,흐림,교차로 - 교차로횡단보도내,승합,남,56세,상해없음,자전거,남,15세,경상
2017121000100416,2017년 12월 10일 19시,일요일,광주광역시 남구 진월동,경상사고,0,0,5,0,차대차 - 추돌,안전거리미확보,젖음/습기,비,단일로 - 기타,승용,남,39세,기타불명,승용,여,43세,경상
2017121000100437,2017년 12월 10일 20시,일요일,광주광역시 광산구 장덕동,경상사고,0,0,1,0,차대차 - 기타,교차로운행방법위반,건조,맑음,교차로 - 교차로안,승용,남,25세,상해없음,개인형이동수단(PM),남,62세,경상
2017121000100462,2017년 12월 10일 21시,일요일,광주광역시 북구 연제동,경상사고,0,0,1,0,차대차 - 측면충돌,안전운전불이행,건조,맑음,단일로 - 기타,기타불명,기타불명,미분류,기타불명,이륜,남,미분류,경상
2017121000100481,2017년 12월 10일 22시,일요일,광주광역시 동구 용산동,경상사고,0,0,1,0,차량단독 - 공작물충돌,안전운전불이행,건조,흐림,단일로 - 기타,승용,여,31세,경상,,,,
2017121000100482,2017년 12월 10일 22시,일요일,광주광역시 북구 문흥동,경상사고,0,0,1,0,차대차 - 추돌,안전거리미확보,건조,맑음,교차로 - 교차로안,승용,남,52세,상해없음,승용,남,57세,경상
2017121000100483,2017년 12월 10일 22시,일요일,광주광역시 광산구 우산동,부상신고사고,0,0,0,1,차대사람 - 기타,안전운전불이행,건조,맑음,단일로 - 기타,승용,남,50세,상해없음,보행자,남,44세,부상신고
2017121000100496,2017년 12월 10일 23시,일요일,광주광역시 서구 쌍촌동,경상사고,0,0,1,0,차대차 - 측면충돌,교차로운행방법위반,건조,맑음,교차로 - 교차로안,승용,남,70세,상해없음,원동기,남,23세,경상
2017121000100497,2017년 12월 10일 23시,일요일,광주광역시 광산구 월계동,경상사고,0,0,1,0,차대사람 - 횡단중,보행자보호의무위반,건조,맑음,단일로 - 기타,승용,여,35세,상해없음,보행자,남,21세,경상
2017121100100051,2017년 12월 11일 05시,월요일,광주광역시 서구 화정동,경상사고,0,0,3,0,차대차 - 기타,불법유턴,건조,맑음,단일로 - 기타,승용,남,52세,상해없음,승용,남,19세,경상
2017121100100122,2017년 12월 11일 08시,월요일,광주광역시 서구 치평동,중상사고,0,1,0,0,차대차 - 기타,신호위반,적설,눈,교차로 - 교차로안,승용,여,57세,상해없음,승용,여,28세,중상
2017121100100123,2017년 12월 11일 08시,월요일,광주광역시 남구 방림동,중상사고,0,1,0,0,차대사람 - 길가장자리구역통행중,안전운전불이행,건조,맑음,단일로 - 기타,화물,남,54세,상해없음,보행자,여,23세,중상
2017121100100186,2017년 12월 11일 11시,월요일,광주광역시 서구 광천동,경상사고,0,0,2,1,차대차 - 측면충돌,차로위반,건조,맑음,단일로 - 기타,승용,남,63세,상해없음,승용,여,36세,경상
2017121100100187,2017년 12월 11일 11시,월요일,광주광역시 북구 오룡동,중상사고,0,1,1,0,차대차 - 기타,안전운전불이행,건조,맑음,교차로 - 교차로안,승용,남,74세,경상,이륜,남,20세,중상
2017121100100235,2017년 12월 11일 13시,월요일,광주광역시 동구 동명동,중상사고,0,1,0,0,차대사람 - 기타,안전운전불이행,건조,맑음,교차로 - 교차로횡단보도내,승용,여,59세,상해없음,보행자,여,76세,중상
2017121100100236,2017년 12월 11일 13시,월요일,광주광역시 남구 주월동,중상사고,0,1,0,0,차대차 - 측면충돌,안전운전불이행,건조,맑음,단일로 - 기타,화물,남,63세,상해없음,이륜,남,55세,중상
2017121100100277,2017년 12월 11일 14시,월요일,광주광역시 남구 진월동,중상사고,0,1,1,0,차대차 - 측면충돌,중앙선침범,건조,맑음,단일로 - 기타,화물,남,24세,상해없음,승용,남,61세,중상
2017121100100341,2017년 12월 11일 16시,월요일,광주광역시 남구 주월동,중상사고,0,1,0,0,차대사람 - 횡단중,안전운전불이행,건조,맑음,교차로 - 교차로횡단보도내,승용,남,67세,상해없음,보행자,여,78세,중상
2017121100100342,2017년 12월 11일 16시,월요일,광주광역시 남구 구동,경상사고,0,0,1,0,차대사람 - 횡단중,보행자보호의무위반,건조,맑음,교차로 - 교차로부근,기타불명,기타불명,미분류,기타불명,보행자,남,14세,경상
2017121100100377,2017년 12월 11일 17시,월요일,광주광역시 남구 진월동,경상사고,0,0,1,0,차대차 - 측면충돌,안전거리미확보,건조,맑음,단일로 - 기타,승용,남,80세,상해없음,승용,남,56세,경상
2017121100100378,2017년 12월 11일 17시,월요일,광주광역시 남구 송하동,경상사고,0,0,1,0,차대차 - 추돌,안전운전불이행,건조,맑음,단일로 - 기타,승용,남,46세,상해없음,승용,여,42세,경상
2017121100100422,2017년 12월 11일 18시,월요일,광주광역시 광산구 산월동,경상사고,0,0,3,0,차대차 - 측면충돌,안전운전불이행,건조,맑음,교차로 - 교차로안,승용,남,27세,상해없음,승용,남,23세,경상
2017121100100486,2017년 12월 11일 21시,월요일,광주광역시 남구 월산동,경상사고,0,0,1,0,차대차 - 측면충돌,안전운전불이행,건조,맑음,교차로 - 교차로부근,승용,남,40세,상해없음,승용,남,65세,상해없음
2017121100100487,2017년 12월 11일 21시,월요일,광주광역시 남구 월산동,경상사고,0,0,1,0,차대사람 - 기타,안전운전불이행,건조,맑음,교차로 - 교차로안,승용,남,48세,상해없음,보행자,여,58세,경상
2017121100100488,2017년 12월 11일 21시,월요일,광주광역시 북구 임동,경상사고,0,0,1,0,차대차 - 추돌,안전운전불이행,서리/결빙,눈,단일로 - 교량,승용,남,54세,경상,화물,남,39세,상해없음
2017121200100191,2017년 12월 12일 10시,화요일,광주광역시 북구 신용동,경상사고,0,0,1,0,차대차 - 추돌,안전운전불이행,건조,맑음,교차로 - 교차로부근,승용,남,24세,상해없음,승용,남,41세,경상
2017121200100229,2017년 12월 12일 11시,화요일,광주광역시 북구 각화동,경상사고,0,0,2,0,차대차 - 측면충돌,교차로운행방법위반,건조,맑음,교차로 - 교차로안,화물,남,61세,상해없음,승용,여,48세,경상
2017121200100230,2017년 12월 12일 11시,화요일,광주광역시 광산구 송정동,경상사고,0,0,1,0,차대차 - 측면충돌,중앙선침범,건조,맑음,단일로 - 기타,승용,남,60세,상해없음,승용,여,56세,경상
2017121200100257,2017년 12월 12일 12시,화요일,광주광역시 광산구 쌍암동,경상사고,0,0,2,0,차대차 - 측면충돌,안전거리미확보,건조,맑음,교차로 - 교차로부근,승용,여,43세,기타불명,승용,남,51세,경상
2017121200100314,2017년 12월 12일 14시,화요일,광주광역시 서구 치평동,경상사고,0,0,2,0,차대차 - 측면충돌,안전운전불이행,건조,맑음,단일로 - 교량,승용,남,53세,경상,승용,남,30세,경상
2017121200100370,2017년 12월 12일 16시,화요일,광주광역시 서구 양동,경상사고,0,0,1,0,차대차 - 측면충돌,안전운전불이행,건조,맑음,단일로 - 기타,승합,남,52세,상해없음,화물,남,47세,경상
2017121200100371,2017년 12월 12일 16시,화요일,광주광역시 서구 마륵동,중상사고,0,1,0,0,차대차 - 추돌,안전운전불이행,건조,맑음,단일로 - 기타,승용,남,46세,상해없음,승용,남,65세,중상
2017121200100372,2017년 12월 12일 16시,화요일,광주광역시 북구 운암동,경상사고,0,0,1,0,차대사람 - 기타,보행자보호의무위반,건조,맑음,교차로 - 교차로부근,승용,남,56세,상해없음,보행자,남,9세,경상
2017121200100461,2017년 12월 12일 18시,화요일,광주광역시 서구 매월동,중상사고,0,1,1,0,차대차 - 추돌,안전운전불이행,서리/결빙,흐림,단일로 - 기타,승용,남,40세,상해없음,승용,남,47세,중상
2017121200100462,2017년 12월 12일 18시,화요일,광주광역시 서구 화정동,경상사고,0,0,1,0,차대차 - 기타,안전운전불이행,기타,기타,단일로 - 기타,승용,여,28세,상해없음,승용,여,22세,상해없음
2017121200100463,2017년 12월 12일 18시,화요일,광주광역시 서구 치평동,부상신고사고,0,0,0,1,차대차 - 기타,직진우회전진행방해,건조,맑음,교차로 - 교차로안,이륜,남,19세,부상신고,승용,남,56세,상해없음
2017121200100464,2017년 12월 12일 18시,화요일,광주광역시 북구 두암동,경상사고,0,0,1,0,차대사람 - 횡단중,안전운전불이행,건조,맑음,교차로 - 교차로안,승용,남,61세,상해없음,보행자,여,72세,경상
2017121200100465,2017년 12월 12일 18시,화요일,광주광역시 광산구 신창동,경상사고,0,0,2,0,차대차 - 측면충돌,안전운전불이행,건조,맑음,단일로 - 기타,승용,남,46세,상해없음,승용,여,62세,경상
2017121200100466,2017년 12월 12일 18시,화요일,광주광역시 광산구 수완동,부상신고사고,0,0,0,1,차대차 - 측면충돌,신호위반,건조,맑음,교차로 - 교차로안,기타불명,기타불명,미분류,기타불명,자전거,남,8세,부상신고
2017121200100493,2017년 12월 12일 19시,화요일,광주광역시 서구 화정동,경상사고,0,0,1,0,차대차 - 측면충돌,안전운전불이행,건조,맑음,단일로 - 기타,승용,남,65세,상해없음,이륜,남,24세,경상
2017121200100517,2017년 12월 12일 20시,화요일,광주광역시 서구 쌍촌동,경상사고,0,0,2,0,차대사람 - 횡단중,신호위반,건조,맑음,단일로 - 기타,승용,남,43세,상해없음,보행자,여,20세,경상
2017121200100518,2017년 12월 12일 20시,화요일,광주광역시 광산구 등임동,중상사고,0,1,0,0,차대사람 - 길가장자리구역통행중,안전운전불이행,건조,맑음,단일로 - 기타,승용,여,59세,상해없음,보행자,여,64세,중상
2017121200100550,2017년 12월 12일 21시,화요일,광주광역시 서구 화정동,경상사고,0,0,2,0,차대차 - 측면충돌,신호위반,건조,맑음,교차로 - 교차로안,승용,남,62세,상해없음,승용,남,55세,상해없음
2017121200100601,2017년 12월 12일 23시,화요일,광주광역시 동구 동명동,경상사고,0,0,3,0,차대차 - 측면충돌,안전운전불이행,건조,맑음,교차로 - 교차로안,승용,여,22세,경상,승용,여,21세,경상
2017121200100602,2017년 12월 12일 23시,화요일,광주광역시 서구 치평동,부상신고사고,0,0,0,1,차대차 - 측면충돌,직진우회전진행방해,건조,맑음,교차로 - 교차로안,승용,남,25세,상해없음,승용,여,34세,부상신고
2017121200100603,2017년 12월 12일 23시,화요일,광주광역시 북구 두암동,부상신고사고,0,0,0,1,차대차 - 측면충돌,안전운전불이행,건조,맑음,교차로 - 교차로안,기타불명,기타불명,미분류,기타불명,원동기,남,34세,부상신고
2017121300100031,2017년 12월 13일 00시,수요일,광주광역시 광산구 산정동,경상사고,0,0,1,0,차대차 - 측면충돌,안전운전불이행,건조,맑음,교차로 - 교차로부근,승용,여,29세,상해없음,승용,여,30세,경상
2017121300100078,2017년 12월 13일 06시,수요일,광주광역시 남구 양림동,경상사고,0,0,1,0,차대차 - 정면충돌,안전운전불이행,건조,맑음,교차로 - 교차로안,승용,여,28세,상해없음,승용,여,64세,경상
2017121300100079,2017년 12월 13일 06시,수요일,광주광역시 북구 운암동,경상사고,0,0,1,0,차대차 - 추돌,안전운전불이행,건조,맑음,단일로 - 기타,승용,남,41세,상해없음,승용,여,53세,경상
2017121300100179,2017년 12월 13일 09시,수요일,광주광역시 남구 봉선동,경상사고,0,0,1,0,차대차 - 측면충돌,교차로운행방법위반,건조,맑음,교차로 - 교차로안,승용,여,59세,상해없음,승용,남,34세,경상
2017121300100228,2017년 12월 13일 11시,수요일,광주광역시 북구 신안동,경상사고,0,0,2,0,차대차 - 추돌,안전운전불이행,건조,맑음,단일로 - 기타,승용,남,51세,상해없음,승용,남,43세,경상
2017121300100229,2017년 12월 13일 11시,수요일,광주광역시 광산구 장수동,중상사고,0,2,2,0,차대차 - 측면충돌,교차로운행방법위반,건조,맑음,교차로 - 교차로안,화물,남,52세,경상,승용,여,47세,중상
2017121300100249,2017년 12월 13일 12시,수요일,광주광역시 서구 쌍촌동,경상사고,0,0,3,0,차대차 - 추돌,안전운전불이행,건조,맑음,단일로 - 기타,승용,여,45세,상해없음,승용,남,62세,경상
2017121300100250,2017년 12월 13일 12시,수요일,광주광역시 남구 봉선동,경상사고,0,0,1,0,차대차 - 측면충돌,안전운전불이행,건조,맑음,교차로 - 교차로안,자전거,남,44세,경상,화물,남,62세,상해없음
2017121300100421,2017년 12월 13일 17시,수요일,광주광역시 서구 화정동,경상사고,0,0,1,0,차대차 - 측면충돌,안전운전불이행,건조,맑음,단일로 - 기타,화물,남,57세,상해없음,화물,남,58세,기타불명
2017121300100422,2017년 12월 13일 17시,수요일,광주광역시 남구 백운동,경상사고,0,0,2,0,차대차 - 기타,안전운전불이행,건조,맑음,단일로 - 기타,원동기,남,78세,경상,화물,남,59세,상해없음
2017121300100462,2017년 12월 13일 18시,수요일,광주광역시 북구 양산동,경상사고,0,0,1,0,차대차 - 측면충돌,안전운전불이행,건조,흐림,교차로 - 교차로부근,기타불명,기타불명,미분류,기타불명,자전거,남,11세,경상
2017121300100463,2017년 12월 13일 18시,수요일,광주광역시 광산구 신가동,중상사고,0,1,1,0,차대차 - 측면충돌,신호위반,건조,맑음,교차로 - 교차로안,승용,남,25세,중상,승용,여,27세,경상
2017121300100464,2017년 12월 13일 18시,수요일,광주광역시 광산구 운남동,부상신고사고,0,0,0,1,차대사람 - 기타,안전운전불이행,건조,맑음,교차로 - 교차로부근,기타불명,기타불명,미분류,기타불명,보행자,여,21세,부상신고
2017121300100553,2017년 12월 13일 21시,수요일,광주광역시 서구 치평동,경상사고,0,0,3,0,차대차 - 측면충돌,안전운전불이행,건조,맑음,단일로 - 기타,승용,남,36세,경상,승용,남,32세,경상
2017121400100040,2017년 12월 14일 00시,목요일,광주광역시 서구 치평동,경상사고,0,0,2,0,차대차 - 추돌,안전거리미확보,건조,맑음,단일로 - 교량,승용,남,57세,상해없음,승용,남,41세,경상
2017121400100090,2017년 12월 14일 05시,목요일,광주광역시 서구 쌍촌동,중상사고,0,1,2,1,차대차 - 기타,교차로운행방법위반,건조,흐림,교차로 - 교차로안,승용,남,25세,상해없음,화물,남,55세,경상
2017121400100112,2017년 12월 14일 06시,목요일,광주광역시 북구 우산동,경상사고,0,0,3,0,차대차 - 기타,중앙선침범,건조,맑음,단일로 - 기타,승용,남,19세,상해없음,승용,남,70세,경상
2017121400100113,2017년 12월 14일 06시,목요일,광주광역시 광산구 신창동,경상사고,0,0,1,0,차대사람 - 기타,안전운전불이행,건조,맑음,단일로 - 기타,승용,여,35세,상해없음,보행자,남,40세,경상
2017121400100192,2017년 12월 14일 08시,목요일,광주광역시 동구 산수동,경상사고,0,0,2,0,차대차 - 후진중충돌,안전운전불이행,건조,맑음,단일로 - 기타,승용,남,43세,상해없음,승용,여,47세,경상
2017121400100193,2017년 12월 14일 08시,목요일,광주광역시 북구 신안동,경상사고,0,0,1,0,차대차 - 기타,안전운전불이행,건조,맑음,단일로 - 기타,승용,남,32세,상해없음,승용,여,42세,경상
2017121400100194,2017년 12월 14일 08시,목요일,광주광역시 광산구 신가동,경상사고,0,0,1,0,차대차 - 측면충돌,안전거리미확보,건조,맑음,단일로 - 교량,화물,남,38세,상해없음,승용,남,55세,경상