사고번호,사고일시,요일,시군구,사고내용,사망자수,중상자수,경상자수,부상신고자수,사고유형,법규위반,노면상태,기상상태,도로형태,가해운전자 차종,가해운전자 성별,가해운전자 연령,가해운전자 상해정도,피해운전자 차종,피해운전자 성별,피해운전자 연령,피해운전자 상해정도
2017122000100247,2017년 12월 20일 10시,수요일,광주광역시 남구 월산동,경상사고,0,0,2,0,차대차 - 추돌,안전거리미확보,건조,맑음,단일로 - 기타,승용,남,62세,상해없음,승용,여,33세,경상
2017122000100276,2017년 12월 20일 11시,수요일,광주광역시 서구 금호동,경상사고,0,0,1,0,차대차 - 후진중충돌,안전운전불이행,건조,맑음,단일로 - 기타,승용,남,73세,상해없음,승용,남,20세,경상
2017122000100301,2017년 12월 20일 12시,수요일,광주광역시 북구 우산동,경상사고,0,0,3,0,차대차 - 측면충돌,신호위반,건조,맑음,교차로 - 교차로안,승용,여,61세,상해없음,승용,남,65세,경상
2017122000100302,2017년 12월 20일 12시,수요일,광주광역시 광산구 우산동,경상사고,0,0,2,1,차대차 - 측면충돌,안전거리미확보,건조,맑음,단일로 - 기타,승용,여,53세,부상신고,화물,남,37세,경상
2017122000100303,2017년 12월 20일 12시,수요일,광주광역시 광산구 도산동,경상사고,0,0,1,0,차량단독 - 기타,기타,건조,맑음,단일로 - 기타,승합,남,55세,상해없음,,,,
2017122000100329,2017년 12월 20일 13시,수요일,광주광역시 동구 대인동,경상사고,0,0,2,0,차대차 - 측면충돌,안전운전불이행,건조,맑음,교차로 - 교차로안,승용,여,52세,경상,승용,남,57세,경상
2017122000100362,2017년 12월 20일 14시,수요일,광주광역시 서구 유촌동,경상사고,0,0,1,0,차대차 - 측면충돌,안전운전불이행,건조,맑음,교차로 - 교차로부근,승용,여,28세,상해없음,승용,남,35세,경상
2017122000100456,2017년 12월 20일 17시,수요일,광주광역시 북구 본촌동,경상사고,0,0,3,0,차대차 - 측면충돌,교차로운행방법위반,건조,맑음,교차로 - 교차로안,승용,남,68세,경상,승용,남,35세,경상
2017122000100511,2017년 12월 20일 18시,수요일,광주광역시 남구 봉선동,경상사고,0,0,1,0,차대차 - 기타,교차로운행방법위반,건조,맑음,교차로 - 교차로부근,승합,남,50세,상해없음,승용,여,53세,경상
2017122000100512,2017년 12월 20일 18시,수요일,광주광역시 광산구 우산동,중상사고,0,2,1,0,차대차 - 추돌,안전거리미확보,건조,맑음,단일로 - 기타,화물,남,36세,상해없음,승용,남,38세,경상
2017122000100513,2017년 12월 20일 18시,수요일,광주광역시 광산구 신가동,경상사고,0,0,2,0,차대차 - 측면충돌,안전운전불이행,건조,흐림,주차장 - 주차장,화물,남,41세,상해없음,승용,남,58세,경상
2017122000100514,2017년 12월 20일 18시,수요일,광주광역시 광산구 황룡동,경상사고,0,0,1,0,차대차 - 측면충돌,교차로운행방법위반,건조,흐림,교차로 - 교차로부근,승용,남,32세,상해없음,자전거,남,45세,경상
2017122000100515,2017년 12월 20일 18시,수요일,광주광역시 광산구 월계동,중상사고,0,1,0,0,차대사람 - 횡단중,보행자보호의무위반,건조,맑음,교차로 - 교차로횡단보도내,승용,남,50세,상해없음,보행자,남,44세,중상
2017122000100569,2017년 12월 20일 19시,수요일,광주광역시 서구 쌍촌동,중상사고,0,1,0,0,차대차 - 측면충돌,안전운전불이행,건조,맑음,단일로 - 기타,승용,남,53세,상해없음,이륜,남,27세,중상
2017122000100570,2017년 12월 20일 19시,수요일,광주광역시 북구 풍향동,부상신고사고,0,0,0,1,차대사람 - 기타,안전운전불이행,젖음/습기,비,단일로 - 기타,기타불명,기타불명,미분류,기타불명,보행자,남,32세,부상신고
2017122000100571,2017년 12월 20일 19시,수요일,광주광역시 광산구 월계동,경상사고,0,0,2,0,차대차 - 추돌,안전운전불이행,젖음/습기,비,단일로 - 기타,승용,남,45세,상해없음,승용,남,45세,경상
2017122000100572,2017년 12월 20일 19시,수요일,광주광역시 광산구 선암동,경상사고,0,0,1,0,차대차 - 측면충돌,안전거리미확보,젖음/습기,비,단일로 - 기타,승용,남,23세,상해없음,이륜,남,19세,경상
2017122000100608,2017년 12월 20일 20시,수요일,광주광역시 서구 금호동,중상사고,0,1,1,0,차대차 - 추돌,안전운전불이행,젖음/습기,비,단일로 - 기타,승용,남,54세,상해없음,승용,여,60세,중상
2017122000100609,2017년 12월 20일 20시,수요일,광주광역시 광산구 송정동,경상사고,0,0,1,0,차대사람 - 횡단중,신호위반,건조,맑음,교차로 - 교차로횡단보도내,승용,남,43세,상해없음,보행자,여,55세,경상
2017122000100632,2017년 12월 20일 21시,수요일,광주광역시 서구 화정동,경상사고,0,0,1,0,차대차 - 추돌,안전거리미확보,건조,맑음,단일로 - 기타,화물,남,63세,상해없음,승합,여,50세,경상
2017122000100633,2017년 12월 20일 21시,수요일,광주광역시 서구 치평동,경상사고,0,0,2,0,차대차 - 추돌,안전운전불이행,젖음/습기,비,교차로 - 교차로부근,승용,남,59세,기타불명,승용,남,58세,경상
2017122000100634,2017년 12월 20일 21시,수요일,광주광역시 남구 백운동,경상사고,0,0,2,0,차대차 - 측면충돌,안전운전불이행,젖음/습기,맑음,교차로 - 교차로부근,승용,남,60세,경상,승용,여,61세,경상
2017122000100635,2017년 12월 20일 21시,수요일,광주광역시 남구 주월동,경상사고,0,0,2,0,차대차 - 측면충돌,안전운전불이행,젖음/습기,맑음,기타 - 기타,승용,남,41세,상해없음,승용,남,27세,경상
2017122000100636,2017년 12월 20일 21시,수요일,광주광역시 북구 두암동,경상사고,0,0,2,0,차대사람 - 횡단중,신호위반,젖음/습기,비,단일로 - 기타,이륜,남,40세,상해없음,보행자,여,57세,경상
2017122000100637,2017년 12월 20일 21시,수요일,광주광역시 광산구 산정동,부상신고사고,0,0,0,1,차대사람 - 기타,안전운전불이행,젖음/습기,비,주차장 - 주차장,승용,남,32세,상해없음,보행자,남,42세,부상신고
2017122000100661,2017년 12월 20일 22시,수요일,광주광역시 광산구 도천동,경상사고,0,0,1,0,차대차 - 측면충돌,차로위반,건조,맑음,단일로 - 기타,승용,여,50세,상해없음,승용,여,70세,경상
2017122000100662,2017년 12월 20일 22시,수요일,광주광역시 광산구 월계동,경상사고,0,0,1,0,차대차 - 추돌,안전운전불이행,건조,맑음,교차로 - 교차로부근,승용,남,46세,상해없음,승용,남,51세,경상
2017122100100044,2017년 12월 21일 00시,목요일,광주광역시 북구 두암동,중상사고,0,1,0,0,차대차 - 측면충돌,안전운전불이행,건조,맑음,기타 - 기타,승용,남,31세,상해없음,승용,남,27세,기타불명
2017122100100054,2017년 12월 21일 01시,목요일,광주광역시 서구 광천동,경상사고,0,0,1,0,차대차 - 측면충돌,신호위반,건조,맑음,교차로 - 교차로안,승용,남,71세,상해없음,승용,남,43세,상해없음
2017122100100075,2017년 12월 21일 03시,목요일,광주광역시 동구 동명동,중상사고,0,1,0,0,차대차 - 기타,신호위반,건조,맑음,단일로 - 기타,승용,남,22세,상해없음,자전거,남,34세,중상
2017122100100113,2017년 12월 21일 06시,목요일,광주광역시 서구 매월동,경상사고,0,0,1,0,차대차 - 추돌,안전운전불이행,건조,맑음,단일로 - 기타,승용,여,26세,상해없음,승용,여,47세,경상
2017122100100172,2017년 12월 21일 08시,목요일,광주광역시 북구 중흥동,경상사고,0,0,3,0,차대차 - 측면충돌,교차로운행방법위반,건조,맑음,교차로 - 교차로안,화물,남,25세,경상,승용,남,65세,경상
2017122100100173,2017년 12월 21일 08시,목요일,광주광역시 북구 월출동,경상사고,0,0,1,0,차대차 - 측면충돌,교차로운행방법위반,건조,맑음,교차로 - 교차로안,승용,남,28세,상해없음,화물,남,38세,경상
2017122100100174,2017년 12월 21일 08시,목요일,광주광역시 북구 양산동,경상사고,0,0,2,0,차대차 - 측면충돌,교차로운행방법위반,건조,맑음,교차로 - 교차로안,승용,남,32세,경상,승용,여,47세,경상
2017122100100217,2017년 12월 21일 09시,목요일,광주광역시 동구 산수동,경상사고,0,0,1,0,차대차 - 기타,안전운전불이행,건조,흐림,기타 - 기타,승용,남,27세,상해없음,이륜,남,74세,경상
2017122100100247,2017년 12월 21일 10시,목요일,광주광역시 동구 학동,경상사고,0,0,1,0,차량단독 - 공작물충돌,안전운전불이행,건조,맑음,단일로 - 기타,화물,남,57세,경상,,,,
2017122100100286,2017년 12월 21일 11시,목요일,광주광역시 서구 화정동,경상사고,0,0,1,0,차대차 - 측면충돌,신호위반,건조,맑음,교차로 - 교차로안,승용,여,56세,상해없음,승용,남,40세,경상
2017122100100287,2017년 12월 21일 11시,목요일,광주광역시 광산구 도산동,경상사고,0,0,1,0,차대사람 - 보도통행중,안전운전불이행,건조,맑음,단일로 - 기타,승용,여,63세,상해없음,보행자,남,40세,경상
2017122100100300,2017년 12월 21일 12시,목요일,광주광역시 광산구 하남동,경상사고,0,0,1,0,차대차 - 측면충돌,안전운전불이행,건조,맑음,교차로 - 교차로안,승용,여,47세,상해없음,승용,남,43세,경상
2017122100100327,2017년 12월 21일 13시,목요일,광주광역시 동구 소태동,중상사고,0,1,2,0,차대차 - 추돌,안전운전불이행,건조,맑음,단일로 - 기타,화물,남,46세,상해없음,화물,남,52세,중상
2017122100100377,2017년 12월 21일 15시,목요일,광주광역시 남구 노대동,경상사고,0,0,1,0,차대차 - 측면충돌,안전운전불이행,건조,맑음,교차로 - 교차로안,승용,남,50세,상해없음,승용,남,57세,경상
2017122100100378,2017년 12월 21일 15시,목요일,광주광역시 광산구 월곡동,경상사고,0,0,2,0,차대차 - 측면충돌,중앙선침범,건조,맑음,단일로 - 기타,승용,여,64세,경상,승용,남,45세,경상
2017122100100416,2017년 12월 21일 16시,목요일,광주광역시 남구 봉선동,경상사고,0,0,2,0,차대차 - 측면충돌,교차로운행방법위반,건조,맑음,교차로 - 교차로부근,승용,남,45세,상해없음,승용,여,68세,경상
2017122100100417,2017년 12월 21일 16시,목요일,광주광역시 광산구 용봉동,사망사고,1,0,0,0,차대차 - 측면충돌,직진우회전진행방해,건조,맑음,교차로 - 교차로안,승용,남,38세,상해없음,이륜,남,65세,사망
2017122100100464,2017년 12월 21일 17시,목요일,광주광역시 북구 양산동,경상사고,0,0,4,0,차대차 - 측면충돌,직진우회전진행방해,건조,맑음,교차로 - 교차로안,승용,여,41세,경상,승용,여,66세,경상
2017122100100516,2017년 12월 21일 18시,목요일,광주광역시 서구 벽진동,경상사고,0,0,2,0,차대차 - 기타,교차로운행방법위반,건조,맑음,교차로 - 교차로안,승용,남,27세,상해없음,승용,남,19세,경상
2017122100100517,2017년 12월 21일 18시,목요일,광주광역시 북구 망월동,경상사고,0,0,2,0,차대차 - 추돌,안전운전불이행,건조,맑음,교차로 - 교차로안,승용,남,20세,상해없음,승용,여,46세,경상
2017122100100564,2017년 12월 21일 19시,목요일,광주광역시 서구 화정동,경상사고,0,0,1,0,차대차 - 추돌,안전운전불이행,건조,맑음,교차로 - 교차로안,승용,남,31세,상해없음,승용,남,60세,상해없음
2017122100100565,2017년 12월 21일 19시,목요일,광주광역시 북구 용봉동,경상사고,0,0,1,0,차대차 - 측면충돌,안전운전불이행,건조,맑음,교차로 - 교차로부근,승합,남,70세,상해없음,승용,여,44세,경상
2017122100100566,2017년 12월 21일 19시,목요일,광주광역시 광산구 월계동,부상신고사고,0,0,0,1,차대차 - 측면충돌,안전운전불이행,건조,맑음,교차로 - 교차로부근,이륜,남,22세,부상신고,승용,남,65세,상해없음
2017122100100567,2017년 12월 21일 19시,목요일,광주광역시 광산구 안청동,경상사고,0,0,1,0,차대차 - 측면충돌,교차로운행방법위반,건조,맑음,교차로 - 교차로안,승용,여,31세,경상,화물,남,33세,상해없음
2017122100100603,2017년 12월 21일 20시,목요일,광주광역시 동구 대의동,경상사고,0,0,1,0,차대사람 - 기타,안전운전불이행,건조,맑음,단일로 - 기타,승용,남,39세,상해없음,보행자,남,27세,경상
2017122100100645,2017년 12월 21일 21시,목요일,광주광역시 서구 풍암동,경상사고,0,0,4,0,차대차 - 추돌,안전운전불이행,건조,맑음,교차로 - 교차로부근,승용,남,47세,상해없음,승합,남,50세,경상
2017122100100646,2017년 12월 21일 21시,목요일,광주광역시 북구 매곡동,경상사고,0,0,3,0,차대차 - 추돌,안전거리미확보,건조,맑음,단일로 - 기타,화물,남,71세,상해없음,승용,여,60세,경상
2017122100100675,2017년 12월 21일 22시,목요일,광주광역시 북구 운암동,경상사고,0,0,1,0,차대차 - 측면충돌,안전거리미확보,건조,맑음,교차로 - 교차로안,승용,여,65세,상해없음,승용,여,51세,경상
2017122100100676,2017년 12월 21일 22시,목요일,광주광역시 북구 운암동,경상사고,0,0,1,0,차대차 - 추돌,안전거리미확보,건조,맑음,교차로 - 교차로부근,승용,남,27세,상해없음,승합,남,48세,경상
2017122200100059,2017년 12월 22일 00시,금요일,광주광역시 서구 치평동,경상사고,0,0,1,0,차대차 - 측면충돌,안전운전불이행,건조,맑음,단일로 - 기타,승용,여,34세,상해없음,승용,남,26세,경상
2017122200100080,2017년 12월 22일 01시,금요일,광주광역시 서구 쌍촌동,경상사고,0,0,2,0,차대차 - 측면충돌,교차로운행방법위반,건조,맑음,교차로 - 교차로안,승용,남,29세,상해없음,승용,남,40세,경상
2017122200100108,2017년 12월 22일 04시,금요일,광주광역시 서구 농성동,사망사고,1,0,0,0,차대사람 - 횡단중,안전운전불이행,건조,맑음,단일로 - 기타,승용,남,70세,상해없음,보행자,여,78세,사망
2017122200100118,2017년 12월 22일 05시,금요일,광주광역시 북구 임동,경상사고,0,0,1,0,차대차 - 추돌,안전운전불이행,건조,맑음,교차로 - 교차로부근,승용,남,37세,상해없음,승용,남,20세,상해없음
2017122200100119,2017년 12월 22일 05시,금요일,광주광역시 광산구 장덕동,경상사고,0,0,1,0,차대차 - 측면충돌,신호위반,건조,맑음,교차로 - 교차로안,승용,남,40세,상해없음,승용,남,41세,경상
2017122200100172,2017년 12월 22일 07시,금요일,광주광역시 서구 치평동,경상사고,0,0,1,0,차대차 - 추돌,안전운전불이행,건조,맑음,교차로 - 교차로부근,승용,남,32세,상해없음,승용,남,64세,경상
2017122200100266,2017년 12월 22일 10시,금요일,광주광역시 광산구 장덕동,경상사고,0,0,3,0,차대차 - 측면충돌,신호위반,건조,맑음,교차로 - 교차로안,승용,남,65세,경상,특수,남,28세,경상
2017122200100297,2017년 12월 22일 11시,금요일,광주광역시 동구 학동,사망사고,1,0,0,0,차대사람 - 횡단중,보행자보호의무위반,건조,맑음,교차로 - 교차로횡단보도내,화물,남,52세,상해없음,보행자,여,76세,사망
2017122200100298,2017년 12월 22일 11시,금요일,광주광역시 동구 동명동,경상사고,0,0,1,0,차대사람 - 기타,보행자보호의무위반,건조,맑음,교차로 - 교차로횡단보도내,승용,남,65세,상해없음,보행자,여,33세,경상
2017122200100320,2017년 12월 22일 12시,금요일,광주광역시 서구 유촌동,경상사고,0,0,1,0,차대차 - 추돌,안전거리미확보,건조,맑음,교차로 - 교차로부근,승용,남,62세,상해없음,승용,여,27세,경상
2017122200100355,2017년 12월 22일 13시,금요일,광주광역시 북구 우산동,경상사고,0,0,1,0,차대사람 - 기타,안전운전불이행,건조,맑음,단일로 - 기타,승용,남,77세,상해없음,보행자,여,60세,경상
2017122200100356,2017년 12월 22일 13시,금요일,광주광역시 광산구 우산동,경상사고,0,0,1,0,차대차 - 기타,안전운전불이행,건조,맑음,단일로 - 기타,승용,여,45세,상해없음,승용,남,60세,경상
2017122200100571,2017년 12월 22일 18시,금요일,광주광역시 남구 방림동,중상사고,0,1,0,0,차대사람 - 횡단중,보행자보호의무위반,건조,맑음,교차로 - 교차로횡단보도내,이륜,남,18세,상해없음,보행자,남,15세,중상
2017122200100572,2017년 12월 22일 18시,금요일,광주광역시 광산구 운남동,경상사고,0,0,1,0,차대차 - 추돌,불법유턴,건조,맑음,교차로 - 교차로안,승용,남,56세,상해없음,원동기,남,25세,경상
2017122200100573,2017년 12월 22일 18시,금요일,광주광역시 광산구 운남동,경상사고,0,0,1,0,차대차 - 추돌,안전거리미확보,건조,맑음,단일로 - 교량,승용,남,46세,상해없음,승용,남,68세,상해없음
2017122200100682,2017년 12월 22일 20시,금요일,광주광역시 북구 우산동,경상사고,0,0,1,0,차대차 - 측면충돌,안전운전불이행,건조,맑음,단일로 - 기타,승합,남,55세,상해없음,승용,남,50세,경상
2017122200100716,2017년 12월 22일 21시,금요일,광주광역시 남구 진월동,중상사고,0,1,0,0,차대차 - 측면충돌,안전운전불이행,건조,맑음,단일로 - 기타,승용,남,42세,상해없음,이륜,남,39세,중상
2017122200100759,2017년 12월 22일 22시,금요일,광주광역시 서구 내방동,경상사고,0,0,4,0,차대차 - 측면충돌,안전운전불이행,건조,맑음,단일로 - 기타,승용,남,32세,상해없음,승용,여,48세,경상
2017122200100793,2017년 12월 22일 23시,금요일,광주광역시 서구 농성동,경상사고,0,0,2,0,차대차 - 측면충돌,안전운전불이행,건조,맑음,교차로 - 교차로부근,승용,남,41세,상해없음,승용,여,43세,경상
2017122200100794,2017년 12월 22일 23시,금요일,광주광역시 북구 동림동,경상사고,0,0,2,0,차대차 - 측면충돌,안전운전불이행,건조,맑음,단일로 - 기타,승용,여,55세,경상,승용,여,47세,경상
2017122300100062,2017년 12월 23일 00시,토요일,광주광역시 동구 학동,경상사고,0,0,1,0,차대차 - 측면충돌,안전운전불이행,건조,맑음,단일로 - 기타,승용,남,27세,경상,승용,남,32세,상해없음
2017122300100063,2017년 12월 23일 00시,토요일,광주광역시 북구 용봉동,중상사고,0,1,0,0,차대사람 - 기타,안전운전불이행,건조,맑음,기타 - 기타,승용,남,29세,기타불명,보행자,여,48세,중상
2017122300100064,2017년 12월 23일 00시,토요일,광주광역시 북구 본촌동,경상사고,0,0,1,0,차대차 - 추돌,안전운전불이행,건조,흐림,단일로 - 기타,화물,남,26세,상해없음,승용,남,28세,경상
2017122300100101,2017년 12월 23일 01시,토요일,광주광역시 남구 주월동,경상사고,0,0,1,0,차대사람 - 횡단중,중앙선침범,건조,맑음,교차로 - 교차로횡단보도내,승용,남,49세,상해없음,보행자,남,65세,경상
2017122300100122,2017년 12월 23일 02시,토요일,광주광역시 서구 쌍촌동,경상사고,0,0,1,0,차대차 - 후진중충돌,안전운전불이행,건조,맑음,교차로 - 교차로부근,승용,남,44세,상해없음,승용,남,38세,경상
2017122300100134,2017년 12월 23일 03시,토요일,광주광역시 서구 치평동,경상사고,0,0,1,0,차대사람 - 기타,안전운전불이행,건조,맑음,단일로 - 기타,승용,여,31세,상해없음,보행자,남,28세,경상
2017122300100190,2017년 12월 23일 07시,토요일,광주광역시 서구 화정동,경상사고,0,0,1,0,차대차 - 측면충돌,안전운전불이행,건조,맑음,단일로 - 기타,승용,남,23세,상해없음,승용,남,61세,경상
2017122300100213,2017년 12월 23일 08시,토요일,광주광역시 서구 풍암동,경상사고,0,0,1,0,차대차 - 추돌,안전운전불이행,건조,맑음,교차로 - 교차로부근,승용,남,53세,상해없음,승용,남,35세,경상
2017122300100267,2017년 12월 23일 10시,토요일,광주광역시 광산구 쌍암동,경상사고,0,0,2,0,차대차 - 기타,안전운전불이행,건조,맑음,교차로 - 교차로안,승용,남,68세,경상,승용,남,27세,경상
2017122300100333,2017년 12월 23일 12시,토요일,광주광역시 남구 백운동,경상사고,0,0,1,0,차대차 - 측면충돌,교차로운행방법위반,건조,맑음,교차로 - 교차로안,승용,남,50세,상해없음,이륜,남,19세,경상
2017122300100361,2017년 12월 23일 13시,토요일,광주광역시 서구 광천동,경상사고,0,0,2,0,차대차 - 측면충돌,안전거리미확보,건조,맑음,단일로 - 기타,승합,남,44세,상해없음,승용,여,33세,경상
2017122300100388,2017년 12월 23일 14시,토요일,광주광역시 서구 광천동,경상사고,0,0,1,0,차대차 - 측면충돌,중앙선침범,건조,맑음,단일로 - 기타,승용,여,69세,상해없음,승용,남,52세,경상
2017122300100389,2017년 12월 23일 14시,토요일,광주광역시 광산구 우산동,중상사고,0,1,0,0,차대사람 - 기타,안전운전불이행,건조,맑음,단일로 - 기타,승합,남,57세,상해없음,보행자,여,75세,중상
2017122300100390,2017년 12월 23일 14시,토요일,광주광역시 광산구 본덕동,경상사고,0,0,1,0,차대차 - 측면충돌,안전거리미확보,건조,맑음,교차로 - 교차로부근,승용,남,36세,상해없음,승용,여,49세,경상
2017122300100423,2017년 12월 23일 15시,토요일,광주광역시 북구 오치동,경상사고,0,0,2,0,차대차 - 측면충돌,안전거리미확보,건조,맑음,단일로 - 기타,승용,남,42세,경상,이륜,남,47세,경상
2017122300100501,2017년 12월 23일 17시,토요일,광주광역시 동구 호남동,중상사고,0,1,0,0,차대사람 - 횡단중,안전운전불이행,건조,맑음,단일로 - 기타,승용,남,24세,상해없음,보행자,남,73세,중상
2017122300100502,2017년 12월 23일 17시,토요일,광주광역시 북구 오룡동,경상사고,0,0,1,0,차대차 - 측면충돌,안전운전불이행,건조,맑음,단일로 - 기타,승용,남,55세,상해없음,승용,남,32세,경상
2017122300100559,2017년 12월 23일 18시,토요일,광주광역시 북구 양산동,경상사고,0,0,1,0,차대차 - 정면충돌,신호위반,건조,맑음,교차로 - 교차로안,승용,남,69세,상해없음,승용,남,47세,경상
2017122300100560,2017년 12월 23일 18시,토요일,광주광역시 광산구 송정동,경상사고,0,0,1,0,차대사람 - 길가장자리구역통행중,안전운전불이행,건조,맑음,단일로 - 기타,승용,여,30세,상해없음,보행자,남,59세,경상
2017122300100605,2017년 12월 23일 19시,토요일,광주광역시 남구 주월동,중상사고,0,1,0,0,차대사람 - 횡단중,신호위반,건조,맑음,단일로 - 기타,승용,남,27세,상해없음,보행자,여,61세,중상
2017122300100606,2017년 12월 23일 19시,토요일,광주광역시 남구 백운동,경상사고,0,0,1,0,차대차 - 측면충돌,중앙선침범,건조,맑음,단일로 - 기타,승용,남,29세,상해없음,이륜,남,25세,경상
2017122300100607,2017년 12월 23일 19시,토요일,광주광역시 광산구 장덕동,중상사고,0,1,1,0,차대차 - 기타,신호위반,건조,맑음,단일로 - 기타,이륜,남,23세,경상,이륜,남,19세,중상
2017122300100639,2017년 12월 23일 20시,토요일,광주광역시 동구 소태동,경상사고,0,0,1,0,차대차 - 측면충돌,안전거리미확보,건조,맑음,단일로 - 기타,승용,여,44세,상해없음,승용,여,55세,경상
2017122300100640,2017년 12월 23일 20시,토요일,광주광역시 북구 연제동,경상사고,0,0,1,0,차대차 - 기타,교차로운행방법위반,건조,흐림,교차로 - 교차로안,승용,여,22세,상해없음,승용,남,30세,경상
2017122300100671,2017년 12월 23일 21시,토요일,광주광역시 서구 금호동,경상사고,0,0,1,0,차대차 - 후진중충돌,안전운전불이행,건조,맑음,단일로 - 기타,승용,여,50세,상해없음,이륜,남,34세,경상
2017122300100672,2017년 12월 23일 21시,토요일,광주광역시 광산구 비아동,중상사고,0,1,0,0,차대사람 - 횡단중,안전운전불이행,건조,맑음,교차로 - 교차로부근,승용,남,44세,상해없음,보행자,남,15세,중상
2017122300100673,2017년 12월 23일 21시,토요일,광주광역시 광산구 신창동,경상사고,0,0,1,0,차량단독 - 기타,기타,건조,맑음,기타 - 기타,승용,남,47세,상해없음,,,,
2017122400100060,2017년 12월 24일 01시,일요일,광주광역시 광산구 신창동,중상사고,0,1,0,0,차대차 - 추돌,안전운전불이행,건조,맑음,교차로 - 교차로부근,승용,남,48세,상해없음,승용,남,23세,중상
2017122400100145,2017년 12월 24일 07시,일요일,광주광역시 남구 구동,부상신고사고,0,0,0,2,차대차 - 추돌,안전거리미확보,젖음/습기,비,단일로 - 기타,승용,남,38세,상해없음,승용,여,61세,부상신고
2017122400100164,2017년 12월 24일 09시,일요일,광주광역시 북구 각화동,경상사고,0,0,2,0,차대차 - 추돌,안전운전불이행,건조,맑음,단일로 - 기타,승용,남,27세,상해없음,승용,남,57세,경상
2017122400100219,2017년 12월 24일 12시,일요일,광주광역시 북구 매곡동,경상사고,0,0,1,0,차량단독 - 공작물충돌,안전운전불이행,젖음/습기,맑음,단일로 - 기타,승용,남,70세,상해없음,,,,
2017122400100220,2017년 12월 24일 12시,일요일,광주광역시 북구 망월동,부상신고사고,0,0,0,1,차대차 - 측면충돌,안전거리미확보,젖음/습기,비,단일로 - 기타,승용,남,44세,상해없음,승용,여,50세,부상신고
2017122400100243,2017년 12월 24일 13시,일요일,광주광역시 북구 양산동,경상사고,0,0,5,0,차대차 - 정면충돌,중앙선침범,젖음/습기,비,단일로 - 기타,승용,남,52세,상해없음,승용,남,46세,경상
2017122400100264,2017년 12월 24일 14시,일요일,광주광역시 서구 광천동,경상사고,0,0,1,0,차대차 - 측면충돌,교차로운행방법위반,건조,맑음,교차로 - 교차로안,승용,남,58세,상해없음,승용,남,37세,경상
2017122400100330,2017년 12월 24일 17시,일요일,광주광역시 서구 풍암동,중상사고,0,1,0,0,차대차 - 기타,안전운전불이행,젖음/습기,비,교차로 - 교차로횡단보도내,승용,남,55세,상해없음,자전거,남,76세,중상
2017122400100331,2017년 12월 24일 17시,일요일,광주광역시 북구 운암동,경상사고,0,0,4,0,차대차 - 추돌,안전운전불이행,건조,맑음,단일로 - 기타,승용,남,74세,상해없음,승용,남,34세,경상
2017122400100332,2017년 12월 24일 17시,일요일,광주광역시 북구 오치동,경상사고,0,0,2,0,차대차 - 측면충돌,안전운전불이행,건조,맑음,교차로 - 교차로안,승용,남,32세,상해없음,승용,남,34세,경상
2017122400100403,2017년 12월 24일 19시,일요일,광주광역시 남구 백운동,사망사고,1,0,0,0,차대차 - 추돌,안전운전불이행,젖음/습기,흐림,단일로 - 기타,승용,남,26세,상해없음,자전거,남,77세,사망
2017122400100430,2017년 12월 24일 20시,일요일,광주광역시 북구 두암동,경상사고,0,0,2,0,차대사람 - 횡단중,안전운전불이행,건조,맑음,단일로 - 기타,화물,여,59세,상해없음,보행자,여,48세,경상
2017122400100431,2017년 12월 24일 20시,일요일,광주광역시 광산구 송정동,중상사고,0,1,0,0,차대사람 - 차도통행중,안전운전불이행,젖음/습기,비,교차로 - 교차로안,승용,남,59세,상해없음,보행자,남,66세,중상
2017122400100451,2017년 12월 24일 21시,일요일,광주광역시 광산구 월곡동,중상사고,0,1,0,0,차대차 - 측면충돌,교차로운행방법위반,건조,맑음,교차로 - 교차로안,승합,남,68세,상해없음,이륜,남,40세,중상
2017122400100488,2017년 12월 24일 23시,일요일,광주광역시 광산구 수완동,경상사고,0,0,1,0,차대차 - 측면충돌,안전운전불이행,건조,맑음,교차로 - 교차로안,승용,남,62세,상해없음,원동기,남,21세,경상
2017122500100032,2017년 12월 25일 00시,월요일,광주광역시 광산구 신가동,중상사고,0,1,1,9,차대차 - 측면충돌,교차로운행방법위반,건조,맑음,교차로 - 교차로안,승합,남,22세,상해없음,승용,남,49세,상해없음
2017122500100061,2017년 12월 25일 03시,월요일,광주광역시 동구 광산동,경상사고,0,0,3,0,차대차 - 기타,안전운전불이행,건조,맑음,단일로 - 기타,승용,남,33세,상해없음,승용,남,70세,경상
2017122500100106,2017년 12월 25일 09시,월요일,광주광역시 광산구 선암동,경상사고,0,0,1,0,차대차 - 기타,안전운전불이행,건조,맑음,교차로 - 교차로안,승용,남,62세,상해없음,승합,남,64세,경상
2017122500100118,2017년 12월 25일 10시,월요일,광주광역시 광산구 운남동,경상사고,0,0,1,0,차대사람 - 횡단중,안전운전불이행,건조,맑음,교차로 - 교차로부근,승용,남,55세,상해없음,보행자,여,13세,경상