사고번호,사고일시,요일,시군구,사고내용,사망자수,중상자수,경상자수,부상신고자수,사고유형,법규위반,노면상태,기상상태,도로형태,가해운전자 차종,가해운전자 성별,가해운전자 연령,가해운전자 상해정도,피해운전자 차종,피해운전자 성별,피해운전자 연령,피해운전자 상해정도
2017122500100154,2017년 12월 25일 12시,월요일,광주광역시 북구 운암동,경상사고,0,0,1,0,차량단독 - 전도전복,안전운전불이행,건조,맑음,단일로 - 기타,승용,여,33세,경상,미분류,미분류,미분류,미분류
2017122500100177,2017년 12월 25일 13시,월요일,광주광역시 광산구 쌍암동,경상사고,0,0,3,0,차대차 - 측면충돌,안전거리미확보,건조,맑음,단일로 - 기타,승용,여,40세,상해없음,승용,남,42세,경상
2017122500100203,2017년 12월 25일 14시,월요일,광주광역시 서구 화정동,경상사고,0,0,3,0,차대차 - 추돌,안전운전불이행,건조,맑음,교차로 - 교차로부근,승용,여,55세,상해없음,승용,남,40세,경상
2017122500100204,2017년 12월 25일 14시,월요일,광주광역시 광산구 황룡동,경상사고,0,0,2,0,차대차 - 추돌,안전운전불이행,건조,맑음,교차로 - 교차로부근,승용,남,53세,상해없음,승용,여,34세,경상
2017122500100205,2017년 12월 25일 14시,월요일,광주광역시 광산구 송정동,경상사고,0,0,1,0,차대차 - 추돌,안전운전불이행,건조,맑음,교차로 - 교차로부근,승용,남,62세,상해없음,승용,남,34세,경상
2017122500100280,2017년 12월 25일 17시,월요일,광주광역시 서구 금호동,경상사고,0,0,1,0,차대차 - 측면충돌,안전운전불이행,건조,맑음,단일로 - 기타,승용,남,56세,상해없음,승용,남,62세,경상
2017122500100281,2017년 12월 25일 17시,월요일,광주광역시 북구 임동,경상사고,0,0,3,0,차대차 - 기타,신호위반,건조,맑음,교차로 - 교차로안,승용,남,68세,상해없음,승용,여,72세,경상
2017122500100303,2017년 12월 25일 18시,월요일,광주광역시 광산구 장록동,중상사고,0,3,1,0,차대차 - 측면충돌,신호위반,건조,맑음,교차로 - 교차로안,특수,남,37세,상해없음,승용,여,46세,중상
2017122500100329,2017년 12월 25일 19시,월요일,광주광역시 북구 신용동,경상사고,0,0,1,0,차대차 - 기타,안전운전불이행,건조,맑음,교차로 - 교차로부근,이륜,남,39세,경상,승용,남,40세,상해없음
2017122500100370,2017년 12월 25일 21시,월요일,광주광역시 북구 문흥동,경상사고,0,0,2,0,차대차 - 추돌,안전운전불이행,건조,맑음,기타 - 기타,승용,남,33세,상해없음,승용,남,19세,경상
2017122500100386,2017년 12월 25일 22시,월요일,광주광역시 서구 풍암동,경상사고,0,0,4,0,차대차 - 측면충돌,안전운전불이행,건조,맑음,교차로 - 교차로안,승합,남,49세,상해없음,원동기,남,41세,경상
2017122500100387,2017년 12월 25일 22시,월요일,광주광역시 남구 서동,사망사고,1,0,0,0,차대차 - 측면충돌,안전운전불이행,건조,맑음,교차로 - 교차로안,승용,남,33세,상해없음,이륜,남,17세,사망
2017122500100413,2017년 12월 25일 23시,월요일,광주광역시 북구 문흥동,경상사고,0,0,8,0,차대차 - 측면충돌,안전운전불이행,건조,맑음,교차로 - 교차로안,승용,여,27세,경상,승용,남,21세,경상
2017122500100414,2017년 12월 25일 23시,월요일,광주광역시 광산구 도천동,경상사고,0,0,2,0,차대차 - 정면충돌,중앙선침범,건조,맑음,교차로 - 교차로부근,승용,남,43세,상해없음,승용,남,41세,경상
2017122600100038,2017년 12월 26일 00시,화요일,광주광역시 북구 우산동,경상사고,0,0,1,0,차대사람 - 차도통행중,안전운전불이행,건조,맑음,단일로 - 기타,기타불명,기타불명,미분류,기타불명,보행자,남,67세,경상
2017122600100046,2017년 12월 26일 01시,화요일,광주광역시 광산구 신가동,경상사고,0,0,1,0,차대차 - 측면충돌,신호위반,건조,맑음,교차로 - 교차로안,승용,남,21세,상해없음,승용,여,53세,경상
2017122600100055,2017년 12월 26일 02시,화요일,광주광역시 북구 두암동,경상사고,0,0,1,0,차대차 - 기타,안전운전불이행,건조,맑음,단일로 - 기타,승용,남,41세,상해없음,승용,여,52세,경상
2017122600100065,2017년 12월 26일 04시,화요일,광주광역시 광산구 도산동,경상사고,0,0,1,0,차대차 - 추돌,안전운전불이행,건조,맑음,교차로 - 교차로부근,승용,남,51세,상해없음,승용,남,56세,상해없음
2017122600100074,2017년 12월 26일 05시,화요일,광주광역시 서구 매월동,중상사고,0,1,0,0,차대사람 - 횡단중,보행자보호의무위반,건조,맑음,교차로 - 교차로횡단보도내,승용,남,49세,상해없음,보행자,여,72세,중상
2017122600100097,2017년 12월 26일 06시,화요일,광주광역시 남구 주월동,경상사고,0,0,1,0,차대차 - 측면충돌,기타,건조,맑음,단일로 - 기타,승용,남,23세,상해없음,자전거,남,65세,경상
2017122600100117,2017년 12월 26일 07시,화요일,광주광역시 서구 농성동,경상사고,0,0,1,0,차대차 - 측면충돌,교차로운행방법위반,건조,맑음,교차로 - 교차로안,화물,남,60세,상해없음,자전거,여,48세,경상
2017122600100118,2017년 12월 26일 07시,화요일,광주광역시 북구 일곡동,경상사고,0,0,1,0,차대사람 - 횡단중,보행자보호의무위반,건조,맑음,교차로 - 교차로안,승용,남,44세,상해없음,보행자,여,24세,경상
2017122600100153,2017년 12월 26일 08시,화요일,광주광역시 광산구 선암동,경상사고,0,0,1,0,차대차 - 측면충돌,안전운전불이행,건조,맑음,단일로 - 기타,승용,남,21세,상해없음,승용,여,37세,경상
2017122600100184,2017년 12월 26일 09시,화요일,광주광역시 광산구 우산동,중상사고,0,1,0,0,차대차 - 기타,안전운전불이행,건조,맑음,교차로 - 교차로부근,승용,여,52세,상해없음,승합,남,51세,상해없음
2017122600100213,2017년 12월 26일 10시,화요일,광주광역시 동구 지산동,경상사고,0,0,1,0,차대사람 - 횡단중,안전운전불이행,건조,맑음,교차로 - 교차로안,승합,남,32세,상해없음,보행자,여,54세,경상
2017122600100265,2017년 12월 26일 12시,화요일,광주광역시 남구 백운동,경상사고,0,0,1,0,차대차 - 추돌,안전거리미확보,건조,맑음,단일로 - 교량,승용,남,25세,상해없음,승용,남,38세,경상
2017122600100266,2017년 12월 26일 12시,화요일,광주광역시 북구 일곡동,경상사고,0,0,1,0,차대차 - 측면충돌,교차로운행방법위반,건조,맑음,교차로 - 교차로안,승용,남,43세,상해없음,화물,남,24세,경상
2017122600100267,2017년 12월 26일 12시,화요일,광주광역시 북구 오치동,경상사고,0,0,4,0,차대차 - 측면충돌,교차로운행방법위반,건조,맑음,교차로 - 교차로안,화물,남,61세,경상,승용,여,52세,경상
2017122600100268,2017년 12월 26일 12시,화요일,광주광역시 광산구 월곡동,경상사고,0,0,1,0,차대차 - 측면충돌,안전거리미확보,건조,맑음,교차로 - 교차로부근,화물,남,71세,상해없음,승용,남,61세,상해없음
2017122600100294,2017년 12월 26일 13시,화요일,광주광역시 북구 삼각동,경상사고,0,0,1,0,차대차 - 측면충돌,중앙선침범,건조,맑음,단일로 - 기타,승용,남,69세,상해없음,화물,남,18세,상해없음
2017122600100357,2017년 12월 26일 15시,화요일,광주광역시 북구 중흥동,경상사고,0,0,1,0,차대차 - 기타,안전운전불이행,건조,맑음,기타 - 기타,승용,남,68세,상해없음,승용,여,54세,경상
2017122600100399,2017년 12월 26일 16시,화요일,광주광역시 남구 봉선동,경상사고,0,0,1,0,차대사람 - 차도통행중,신호위반,건조,맑음,교차로 - 교차로부근,승용,남,60세,상해없음,보행자,여,12세,경상
2017122600100429,2017년 12월 26일 17시,화요일,광주광역시 남구 방림동,중상사고,0,1,0,0,차대사람 - 횡단중,안전운전불이행,건조,맑음,단일로 - 기타,승용,남,44세,상해없음,보행자,여,79세,중상
2017122600100430,2017년 12월 26일 17시,화요일,광주광역시 남구 백운동,중상사고,0,1,0,0,차대사람 - 횡단중,안전운전불이행,건조,맑음,단일로 - 기타,승용,남,66세,상해없음,보행자,여,83세,중상
2017122600100431,2017년 12월 26일 17시,화요일,광주광역시 북구 연제동,중상사고,0,1,0,0,차량단독 - 공작물충돌,안전운전불이행,건조,맑음,단일로 - 기타,승용,남,57세,상해없음,,,,
2017122600100471,2017년 12월 26일 18시,화요일,광주광역시 서구 화정동,경상사고,0,0,1,0,차대사람 - 횡단중,안전운전불이행,건조,맑음,단일로 - 기타,기타불명,기타불명,미분류,기타불명,보행자,여,18세,경상
2017122600100506,2017년 12월 26일 19시,화요일,광주광역시 서구 금호동,경상사고,0,0,1,0,차대차 - 추돌,안전운전불이행,건조,맑음,교차로 - 교차로부근,승합,남,67세,상해없음,승용,남,50세,경상
2017122600100554,2017년 12월 26일 21시,화요일,광주광역시 광산구 장덕동,경상사고,0,0,3,0,차대차 - 측면충돌,안전운전불이행,건조,맑음,교차로 - 교차로안,승용,남,64세,경상,승용,남,36세,경상
2017122600100583,2017년 12월 26일 22시,화요일,광주광역시 광산구 흑석동,경상사고,0,0,1,0,차대사람 - 차도통행중,안전운전불이행,건조,맑음,단일로 - 기타,승용,여,30세,상해없음,보행자,남,63세,경상
2017122600100602,2017년 12월 26일 23시,화요일,광주광역시 남구 봉선동,경상사고,0,0,3,0,차대차 - 추돌,안전거리미확보,건조,맑음,교차로 - 교차로부근,승용,남,33세,상해없음,승용,남,29세,경상
2017122600100603,2017년 12월 26일 23시,화요일,광주광역시 광산구 신창동,경상사고,0,0,2,0,차대차 - 정면충돌,신호위반,건조,흐림,교차로 - 교차로안,승용,남,19세,상해없음,승용,남,56세,경상
2017122700100038,2017년 12월 27일 00시,수요일,광주광역시 서구 동천동,경상사고,0,0,2,0,차대차 - 측면충돌,안전운전불이행,건조,맑음,교차로 - 교차로안,승용,남,32세,경상,승용,남,44세,경상
2017122700100050,2017년 12월 27일 01시,수요일,광주광역시 서구 치평동,경상사고,0,0,1,0,차대차 - 추돌,중앙선침범,건조,맑음,단일로 - 기타,승용,남,65세,상해없음,승용,남,56세,경상
2017122700100057,2017년 12월 27일 02시,수요일,광주광역시 서구 쌍촌동,부상신고사고,0,0,0,2,차대사람 - 기타,안전운전불이행,건조,맑음,단일로 - 기타,승용,남,20세,상해없음,보행자,남,22세,부상신고
2017122700100058,2017년 12월 27일 02시,수요일,광주광역시 북구 두암동,사망사고,1,0,0,0,차대사람 - 횡단중,안전운전불이행,건조,맑음,단일로 - 기타,승용,남,52세,상해없음,보행자,남,52세,사망
2017122700100070,2017년 12월 27일 04시,수요일,광주광역시 서구 금호동,경상사고,0,0,1,0,차대차 - 기타,교차로운행방법위반,건조,맑음,교차로 - 교차로안,승용,남,59세,기타불명,이륜,남,46세,경상
2017122700100102,2017년 12월 27일 07시,수요일,광주광역시 광산구 월곡동,경상사고,0,0,1,0,차대차 - 측면충돌,신호위반,건조,맑음,교차로 - 교차로안,승용,남,28세,상해없음,승용,남,67세,경상
2017122700100132,2017년 12월 27일 08시,수요일,광주광역시 북구 오치동,경상사고,0,0,1,0,차대사람 - 기타,보행자보호의무위반,건조,맑음,단일로 - 기타,화물,남,66세,상해없음,보행자,여,미분류,경상
2017122700100152,2017년 12월 27일 09시,수요일,광주광역시 광산구 산정동,경상사고,0,0,1,0,차대차 - 측면충돌,신호위반,건조,맑음,교차로 - 교차로안,승용,남,33세,상해없음,승용,남,67세,경상
2017122700100180,2017년 12월 27일 10시,수요일,광주광역시 북구 중흥동,중상사고,0,1,0,0,차대사람 - 횡단중,안전운전불이행,건조,맑음,교차로 - 교차로안,승용,남,72세,상해없음,보행자,여,78세,중상
2017122700100181,2017년 12월 27일 10시,수요일,광주광역시 북구 각화동,경상사고,0,0,1,0,차대사람 - 횡단중,보행자보호의무위반,건조,맑음,교차로 - 교차로횡단보도내,승합,여,45세,상해없음,보행자,여,56세,경상
2017122700100207,2017년 12월 27일 11시,수요일,광주광역시 광산구 월곡동,경상사고,0,0,1,0,차대차 - 기타,안전운전불이행,건조,맑음,교차로 - 교차로안,승용,여,60세,상해없음,이륜,남,72세,경상
2017122700100306,2017년 12월 27일 15시,수요일,광주광역시 광산구 동산동,경상사고,0,0,1,0,차대차 - 추돌,안전운전불이행,건조,맑음,단일로 - 기타,승용,남,73세,상해없음,승용,남,22세,경상
2017122700100313,2017년 12월 27일 15시,수요일,광주광역시 남구 봉선동,경상사고,0,0,1,1,차대차 - 측면충돌,교차로운행방법위반,건조,맑음,교차로 - 교차로안,승용,여,49세,부상신고,승용,여,36세,경상
2017122700100377,2017년 12월 27일 17시,수요일,광주광역시 서구 치평동,경상사고,0,0,2,0,차대차 - 측면충돌,중앙선침범,건조,맑음,교차로 - 교차로부근,이륜,남,36세,경상,화물,남,37세,경상
2017122700100491,2017년 12월 27일 20시,수요일,광주광역시 남구 봉선동,경상사고,0,0,1,1,차대사람 - 횡단중,신호위반,건조,맑음,교차로 - 교차로횡단보도내,승용,남,20세,상해없음,보행자,남,25세,부상신고
2017122700100514,2017년 12월 27일 21시,수요일,광주광역시 북구 오치동,경상사고,0,0,1,0,차대사람 - 기타,안전운전불이행,건조,맑음,단일로 - 기타,승용,남,28세,기타불명,보행자,남,22세,경상
2017122700100573,2017년 12월 27일 23시,수요일,광주광역시 서구 농성동,경상사고,0,0,1,0,차대차 - 기타,신호위반,기타,기타,교차로 - 교차로안,승용,남,32세,상해없음,승용,남,25세,경상
2017122700100574,2017년 12월 27일 23시,수요일,광주광역시 북구 동림동,경상사고,0,0,2,0,차대차 - 측면충돌,안전거리미확보,건조,맑음,단일로 - 기타,승용,여,28세,경상,화물,남,45세,상해없음
2017122800100083,2017년 12월 28일 05시,목요일,광주광역시 서구 쌍촌동,부상신고사고,0,0,0,1,차량단독 - 공작물충돌,안전운전불이행,건조,맑음,단일로 - 기타,승용,남,46세,부상신고,,,,
2017122800100096,2017년 12월 28일 06시,목요일,광주광역시 서구 광천동,중상사고,0,1,0,0,차량단독 - 전도전복 - 전도,안전운전불이행,서리/결빙,맑음,단일로 - 기타,이륜,남,55세,중상,,,,
2017122800100133,2017년 12월 28일 08시,목요일,광주광역시 광산구 소촌동,경상사고,0,0,1,0,차대사람 - 횡단중,기타,건조,맑음,단일로 - 기타,승용,남,60세,상해없음,보행자,남,11세,경상
2017122800100242,2017년 12월 28일 13시,목요일,광주광역시 북구 신안동,경상사고,0,0,3,0,차대차 - 측면충돌,안전운전불이행,건조,맑음,교차로 - 교차로안,승용,여,21세,경상,승용,남,67세,경상
2017122800100283,2017년 12월 28일 15시,목요일,광주광역시 서구 농성동,경상사고,0,0,2,0,차량단독 - 공작물충돌,안전운전불이행,건조,맑음,주차장 - 주차장,승용,여,43세,상해없음,,,,
2017122800100284,2017년 12월 28일 15시,목요일,광주광역시 남구 월산동,경상사고,0,0,1,0,차대차 - 기타,안전운전불이행,건조,맑음,단일로 - 기타,승용,남,47세,상해없음,개인형이동수단(PM),여,61세,경상
2017122800100316,2017년 12월 28일 16시,목요일,광주광역시 북구 양산동,경상사고,0,0,3,0,차대차 - 추돌,안전운전불이행,건조,맑음,단일로 - 기타,승용,남,38세,상해없음,승용,여,52세,경상
2017122800100400,2017년 12월 28일 18시,목요일,광주광역시 북구 신용동,경상사고,0,0,2,0,차대차 - 측면충돌,직진우회전진행방해,건조,맑음,교차로 - 교차로안,승용,남,32세,경상,승용,여,26세,경상
2017122800100451,2017년 12월 28일 20시,목요일,광주광역시 남구 주월동,경상사고,0,0,1,0,차대차 - 측면충돌,기타,건조,맑음,교차로 - 교차로안,원동기,남,17세,상해없음,승용,남,37세,경상
2017122800100512,2017년 12월 28일 22시,목요일,광주광역시 동구 남동,경상사고,0,0,2,0,차대차 - 추돌,안전운전불이행,건조,맑음,교차로 - 교차로안,승용,남,56세,상해없음,승용,남,55세,경상
2017122900100065,2017년 12월 29일 01시,금요일,광주광역시 북구 운암동,경상사고,0,0,4,0,차대차 - 기타,중앙선침범,건조,맑음,단일로 - 기타,승용,남,39세,상해없음,승용,남,21세,경상
2017122900100081,2017년 12월 29일 02시,금요일,광주광역시 북구 용봉동,경상사고,0,0,1,0,차대차 - 측면충돌,신호위반,건조,맑음,교차로 - 교차로안,승용,남,19세,상해없음,승용,남,37세,경상
2017122900100090,2017년 12월 29일 03시,금요일,광주광역시 서구 쌍촌동,경상사고,0,0,2,0,차대차 - 측면충돌,안전운전불이행,건조,흐림,교차로 - 교차로부근,승용,남,21세,상해없음,승용,여,37세,경상
2017122900100142,2017년 12월 29일 07시,금요일,광주광역시 남구 주월동,경상사고,0,0,1,0,차대차 - 추돌,안전거리미확보,건조,맑음,교차로 - 교차로부근,승용,남,64세,상해없음,승용,남,43세,경상
2017122900100219,2017년 12월 29일 10시,금요일,광주광역시 서구 금호동,경상사고,0,0,1,0,차대차 - 측면충돌,교차로운행방법위반,건조,맑음,교차로 - 교차로안,승용,여,52세,상해없음,원동기,남,65세,경상
2017122900100220,2017년 12월 29일 10시,금요일,광주광역시 북구 일곡동,경상사고,0,0,1,1,차대차 - 추돌,안전운전불이행,건조,맑음,교차로 - 교차로부근,승용,남,28세,상해없음,승용,남,60세,경상
2017122900100296,2017년 12월 29일 13시,금요일,광주광역시 광산구 연산동,경상사고,0,0,2,0,차대차 - 측면충돌,신호위반,건조,맑음,교차로 - 교차로안,승용,남,63세,상해없음,승용,남,46세,경상
2017122900100333,2017년 12월 29일 14시,금요일,광주광역시 북구 오치동,경상사고,0,0,2,0,차대차 - 측면충돌,교차로운행방법위반,건조,맑음,교차로 - 교차로안,승용,여,39세,경상,승합,남,58세,경상
2017122900100363,2017년 12월 29일 15시,금요일,광주광역시 광산구 소촌동,경상사고,0,0,1,0,차대차 - 측면충돌,신호위반,건조,맑음,교차로 - 교차로횡단보도내,승용,남,24세,상해없음,자전거,여,76세,경상
2017122900100391,2017년 12월 29일 16시,금요일,광주광역시 남구 방림동,중상사고,0,1,0,0,차대차 - 추돌,안전운전불이행,건조,맑음,단일로 - 기타,건설기계,남,60세,상해없음,승용,남,45세,중상
2017122900100392,2017년 12월 29일 16시,금요일,광주광역시 광산구 우산동,경상사고,0,0,2,0,차대차 - 기타,안전운전불이행,건조,맑음,단일로 - 기타,승용,남,67세,상해없음,승용,남,22세,경상
2017122900100429,2017년 12월 29일 17시,금요일,광주광역시 북구 삼각동,경상사고,0,0,2,0,차대차 - 측면충돌,안전거리미확보,건조,맑음,교차로 - 교차로부근,승용,남,53세,경상,승합,남,49세,경상
2017122900100498,2017년 12월 29일 18시,금요일,광주광역시 북구 오치동,경상사고,0,0,1,0,차대사람 - 기타,안전운전불이행,건조,맑음,단일로 - 기타,이륜,남,16세,상해없음,보행자,남,38세,경상
2017122900100499,2017년 12월 29일 18시,금요일,광주광역시 북구 운암동,경상사고,0,0,1,0,차량단독 - 기타,안전운전불이행,건조,맑음,단일로 - 기타,이륜,남,54세,경상,,,,
2017122900100500,2017년 12월 29일 18시,금요일,광주광역시 광산구 신창동,경상사고,0,0,2,0,차대차 - 측면충돌,중앙선침범,건조,맑음,단일로 - 기타,승용,남,34세,상해없음,승용,여,41세,경상
2017122900100546,2017년 12월 29일 19시,금요일,광주광역시 북구 양산동,부상신고사고,0,0,0,1,차대차 - 측면충돌,신호위반,건조,맑음,교차로 - 교차로안,원동기,남,61세,부상신고,승용,여,39세,상해없음
2017122900100578,2017년 12월 29일 20시,금요일,광주광역시 광산구 월곡동,경상사고,0,0,1,0,차대차 - 측면충돌,안전운전불이행,건조,맑음,단일로 - 기타,원동기,남,21세,경상,승용,남,32세,상해없음
2017122900100621,2017년 12월 29일 21시,금요일,광주광역시 서구 농성동,경상사고,0,0,1,0,차대차 - 측면충돌,안전운전불이행,건조,맑음,단일로 - 기타,승용,남,71세,상해없음,승용,여,45세,경상
2017122900100665,2017년 12월 29일 22시,금요일,광주광역시 광산구 장덕동,중상사고,0,1,0,0,차대차 - 측면충돌,안전운전불이행,건조,맑음,교차로 - 교차로부근,승용,여,45세,상해없음,이륜,남,18세,중상
2017123000100047,2017년 12월 30일 00시,토요일,광주광역시 서구 치평동,중상사고,0,1,0,0,차대사람 - 기타,안전운전불이행,건조,맑음,단일로 - 기타,화물,남,43세,상해없음,보행자,남,34세,중상
2017123000100048,2017년 12월 30일 00시,토요일,광주광역시 광산구 수완동,경상사고,0,0,1,1,차대차 - 추돌,안전운전불이행,건조,맑음,교차로 - 교차로부근,승용,남,30세,상해없음,승용,남,62세,경상
2017123000100049,2017년 12월 30일 00시,토요일,광주광역시 광산구 신창동,경상사고,0,0,2,0,차대차 - 기타,안전거리미확보,건조,맑음,단일로 - 기타,승용,남,48세,상해없음,승용,남,64세,상해없음
2017123000100095,2017년 12월 30일 02시,토요일,광주광역시 북구 운암동,경상사고,0,0,1,0,차대차 - 측면충돌,안전운전불이행,건조,맑음,단일로 - 기타,승용,남,35세,상해없음,승용,남,25세,경상
2017123000100096,2017년 12월 30일 02시,토요일,광주광역시 북구 두암동,경상사고,0,0,1,0,차대사람 - 차도통행중,안전운전불이행,건조,맑음,단일로 - 기타,기타불명,기타불명,미분류,기타불명,보행자,남,60세,경상
2017123000100115,2017년 12월 30일 03시,토요일,광주광역시 서구 농성동,경상사고,0,0,1,0,차대차 - 추돌,안전거리미확보,건조,흐림,단일로 - 기타,승용,남,36세,상해없음,승용,남,26세,경상
2017123000100116,2017년 12월 30일 03시,토요일,광주광역시 서구 쌍촌동,경상사고,0,0,1,0,차대차 - 기타,중앙선침범,건조,맑음,단일로 - 기타,승용,남,25세,상해없음,승용,남,38세,경상
2017123000100128,2017년 12월 30일 04시,토요일,광주광역시 동구 금남로5가,경상사고,0,0,2,0,차대차 - 측면충돌,안전운전불이행,건조,맑음,교차로 - 교차로안,승용,남,26세,상해없음,승용,남,47세,경상
2017123000100164,2017년 12월 30일 07시,토요일,광주광역시 광산구 산월동,경상사고,0,0,2,0,차대차 - 추돌,중앙선침범,건조,맑음,단일로 - 기타,승용,남,71세,상해없음,승용,남,56세,경상
2017123000100230,2017년 12월 30일 11시,토요일,광주광역시 남구 주월동,경상사고,0,0,1,0,차대차 - 측면충돌,신호위반,건조,맑음,교차로 - 교차로안,승용,남,58세,상해없음,승용,여,64세,경상
2017123000100264,2017년 12월 30일 13시,토요일,광주광역시 서구 매월동,경상사고,0,0,4,0,차대차 - 추돌,안전운전불이행,건조,맑음,단일로 - 기타,승용,남,43세,상해없음,승용,여,53세,경상
2017123000100313,2017년 12월 30일 16시,토요일,광주광역시 동구 지산동,중상사고,0,1,0,0,차대사람 - 횡단중,안전운전불이행,건조,맑음,단일로 - 기타,승용,남,57세,상해없음,보행자,여,10세,중상
2017123000100349,2017년 12월 30일 17시,토요일,광주광역시 동구 동명동,경상사고,0,0,4,0,차대차 - 측면충돌,안전운전불이행,건조,맑음,단일로 - 기타,승용,여,40세,상해없음,승용,남,48세,경상
2017123000100384,2017년 12월 30일 18시,토요일,광주광역시 광산구 장덕동,중상사고,0,1,1,0,차대차 - 측면충돌,신호위반,건조,흐림,교차로 - 교차로횡단보도내,이륜,남,17세,중상,이륜,남,34세,경상
2017123000100406,2017년 12월 30일 19시,토요일,광주광역시 광산구 월곡동,경상사고,0,0,1,0,차대차 - 기타,중앙선침범,건조,맑음,단일로 - 기타,승용,남,35세,상해없음,이륜,남,28세,경상
2017123000100433,2017년 12월 30일 20시,토요일,광주광역시 북구 운암동,경상사고,0,0,1,0,차대차 - 추돌,안전운전불이행,건조,맑음,단일로 - 기타,승용,남,30세,상해없음,승용,남,40세,경상
2017123000100479,2017년 12월 30일 22시,토요일,광주광역시 남구 백운동,중상사고,0,1,1,0,차대사람 - 횡단중,보행자보호의무위반,젖음/습기,흐림,교차로 - 교차로횡단보도내,승용,남,32세,상해없음,보행자,남,46세,경상
2017123000100504,2017년 12월 30일 23시,토요일,광주광역시 동구 월남동,사망사고,1,2,3,0,차대차 - 정면충돌,중앙선침범,젖음/습기,비,단일로 - 기타,승용,여,38세,경상,승용,남,43세,중상
2017123000100505,2017년 12월 30일 23시,토요일,광주광역시 북구 오치동,경상사고,0,0,1,0,차대사람 - 길가장자리구역통행중,안전운전불이행,건조,맑음,단일로 - 기타,승용,남,30세,상해없음,보행자,여,47세,경상
2017123100100038,2017년 12월 31일 00시,일요일,광주광역시 서구 쌍촌동,경상사고,0,0,2,0,차대차 - 측면충돌,안전운전불이행,건조,맑음,단일로 - 기타,승용,남,50세,상해없음,승용,남,64세,경상
2017123100100039,2017년 12월 31일 00시,일요일,광주광역시 서구 쌍촌동,경상사고,0,0,5,0,차대차 - 측면충돌,안전거리미확보,젖음/습기,비,단일로 - 기타,승용,남,61세,상해없음,승용,남,57세,경상
2017123100100057,2017년 12월 31일 01시,일요일,광주광역시 서구 광천동,경상사고,0,0,1,0,차량단독 - 공작물충돌,안전운전불이행,건조,맑음,교차로 - 교차로안,승용,남,56세,상해없음,,,,
2017123100100058,2017년 12월 31일 01시,일요일,광주광역시 남구 월산동,경상사고,0,0,2,1,차대차 - 추돌,안전운전불이행,건조,맑음,단일로 - 기타,승용,남,59세,상해없음,승용,남,56세,부상신고
2017123100100091,2017년 12월 31일 04시,일요일,광주광역시 북구 누문동,경상사고,0,0,1,0,차대차 - 추돌,안전운전불이행,건조,맑음,교차로 - 교차로부근,승용,남,73세,상해없음,승용,여,31세,경상
2017123100100111,2017년 12월 31일 06시,일요일,광주광역시 서구 치평동,경상사고,0,0,1,0,차대차 - 측면충돌,안전운전불이행,건조,맑음,단일로 - 기타,승용,여,32세,상해없음,승용,남,43세,기타불명
2017123100100199,2017년 12월 31일 12시,일요일,광주광역시 남구 백운동,경상사고,0,0,2,0,차대차 - 측면충돌,안전운전불이행,건조,맑음,교차로 - 교차로안,승용,남,79세,경상,승용,여,42세,경상
2017123100100200,2017년 12월 31일 12시,일요일,광주광역시 북구 운암동,경상사고,0,0,1,0,차대사람 - 횡단중,보행자보호의무위반,건조,맑음,교차로 - 교차로횡단보도내,승용,남,44세,상해없음,보행자,남,16세,경상
2017123100100243,2017년 12월 31일 14시,일요일,광주광역시 남구 월산동,경상사고,0,0,6,0,차대차 - 측면충돌,교차로운행방법위반,건조,맑음,교차로 - 교차로안,승용,남,20세,상해없음,승용,남,38세,경상
2017123100100269,2017년 12월 31일 15시,일요일,광주광역시 서구 농성동,경상사고,0,0,1,0,차대사람 - 길가장자리구역통행중,안전운전불이행,건조,맑음,교차로 - 교차로부근,승용,남,53세,상해없음,보행자,여,75세,경상
2017123100100289,2017년 12월 31일 16시,일요일,광주광역시 광산구 신가동,경상사고,0,0,1,0,차대차 - 기타,안전운전불이행,건조,맑음,교차로 - 교차로안,승용,여,47세,상해없음,이륜,남,56세,경상
2017123100100309,2017년 12월 31일 17시,일요일,광주광역시 서구 세하동,중상사고,0,2,4,0,차대차 - 기타,안전운전불이행,건조,맑음,단일로 - 기타,승용,여,42세,경상,승용,남,26세,경상
2017123100100350,2017년 12월 31일 18시,일요일,광주광역시 광산구 장덕동,경상사고,0,0,1,0,차대차 - 기타,안전운전불이행,건조,맑음,단일로 - 기타,승용,남,52세,상해없음,이륜,남,52세,경상
2017123100100374,2017년 12월 31일 19시,일요일,광주광역시 서구 화정동,경상사고,0,0,1,0,차대차 - 측면충돌,안전거리미확보,건조,맑음,단일로 - 기타,기타불명,기타불명,미분류,기타불명,승용,남,24세,경상
2017123100100375,2017년 12월 31일 19시,일요일,광주광역시 북구 양산동,경상사고,0,0,1,0,차대차 - 추돌,안전운전불이행,건조,맑음,교차로 - 교차로안,화물,남,37세,상해없음,승용,남,40세,경상